StudentID,SchoolID,FirstName,LastName,DateOfBirth,Gender,EnrollmentDate,IsActive,EconomicStatus,ELL,SpecialEducation,IEPStatus,PerformanceLevel,AttendancePropensity
1,1,Eden,Miller,2016-05-24,Other,2023-06-20,1,Free,1,0,No IEP,97,0.96
2,1,Morgan,Davis,2015-10-24,Female,2022-10-10,1,Reduced,1,0,No IEP,69,0.88
3,1,Logan,Johnson,2009-04-25,Female,2022-09-04,1,Free,0,0,No IEP,78,0.9
4,1,Isaiah,Garcia,2018-07-21,Female,2023-05-21,1,Reduced,0,0,No IEP,67,0.71
5,1,Harper,Williams,2020-09-21,Female,2023-10-09,1,Free,0,0,No IEP,65,0.75
6,1,Finley,Jones,2009-11-17,Male,2023-03-27,1,Free,0,0,No IEP,81,0.93
7,1,Parker,Garcia,2012-04-27,Female,2022-09-19,1,Full Price,0,0,No IEP,100,0.81
8,1,Noah,Jones,2010-10-04,Male,2023-12-05,1,Reduced,1,0,No IEP,85,0.79
9,1,Bailey,Allen,2007-04-26,Female,2024-02-19,1,Free,0,0,No IEP,62,0.61
10,1,Alex,Smith,2017-10-17,Male,2022-10-13,1,Free,0,0,No IEP,32,0.81
11,1,Noah,White,2007-03-12,Other,2023-12-18,1,Free,0,0,No IEP,69,0.97
12,1,Bailey,Garcia,2017-07-21,Male,2024-01-04,1,Full Price,0,0,No IEP,81,0.92
13,1,Finley,White,2010-08-01,Male,2023-10-10,1,Full Price,0,0,No IEP,69,0.92
14,1,Logan,Hall,2014-07-19,Male,2022-12-13,1,Reduced,1,1,No IEP,79,0.88
15,1,Finley,Allen,2019-09-04,Other,2022-10-30,1,Free,0,0,Current IEP,95,0.96
16,1,Oliver,Smith,2020-08-04,Female,2022-11-21,1,Reduced,0,0,No IEP,89,0.92
17,1,Finley,White,2011-06-12,Male,2023-03-29,1,Free,0,0,Current IEP,108,0.95
18,1,Casey,White,2013-10-01,Other,2023-11-02,1,Full Price,0,0,Current IEP,53,0.73
19,1,Noah,White,2020-09-02,Other,2022-10-14,1,Full Price,0,0,No IEP,97,0.96
20,1,Harper,Martinez,2014-08-20,Female,2023-02-08,1,Reduced,0,0,No IEP,50,0.9
21,1,Morgan,Miller,2019-03-26,Other,2023-04-10,1,Full Price,0,0,Evaluation Pending,52,0.85
22,1,Isaiah,White,2019-11-04,Female,2022-08-18,1,Free,0,0,No IEP,65,0.75
23,1,Logan,Lee,2011-11-17,Female,2024-05-04,1,Reduced,1,0,No IEP,65,0.84
24,1,Jordan,Martinez,2008-10-21,Female,2023-12-05,1,Reduced,0,0,No IEP,75,0.94
25,1,Dakota,Williams,2013-08-18,Male,2023-03-28,0,Free,0,1,No IEP,40,0.9
26,1,Logan,Lee,2008-08-15,Other,2024-02-28,1,Reduced,1,0,No IEP,76,0.9
27,1,Jordan,Walker,2015-07-09,Male,2022-09-21,1,Free,0,0,No IEP,69,0.94
28,1,Logan,Miller,2013-07-18,Female,2022-11-24,1,Free,0,0,No IEP,7,0.6
29,1,Isaiah,Allen,2010-04-28,Male,2024-03-04,1,Free,0,0,No IEP,63,0.82
30,1,Alex,Davis,2015-02-05,Male,2023-01-07,1,Free,0,0,Evaluation Pending,40,0.98
31,1,Alex,Brown,2013-12-08,Female,2024-04-22,1,Reduced,0,1,No IEP,52,0.96
32,1,Dakota,Martinez,2018-08-21,Female,2024-02-18,1,Full Price,0,0,No IEP,63,0.95
33,1,Eden,Walker,2016-02-08,Male,2023-03-07,1,Reduced,0,0,No IEP,52,0.79
34,1,Oliver,Miller,2006-01-23,Female,2024-03-24,1,Free,0,0,No IEP,52,0.82
35,1,Finley,Williams,2010-09-05,Female,2022-11-16,1,Free,0,1,No IEP,73,0.78
36,1,Parker,Jones,2012-10-10,Female,2023-11-17,1,Free,1,0,No IEP,99,0.82
37,1,Isaiah,Johnson,2008-06-08,Other,2023-11-24,1,Free,0,0,Current IEP,93,0.9
38,1,Bailey,Williams,2019-05-03,Male,2024-03-04,1,Free,0,0,No IEP,60,0.95
39,1,Noah,Brown,2014-03-26,Male,2022-07-22,1,Reduced,0,0,No IEP,52,0.78
40,1,Gabriel,Hall,2020-09-24,Female,2023-05-30,1,Reduced,0,1,No IEP,98,0.56
41,1,Isaiah,Jones,2010-02-02,Female,2022-09-22,1,Free,0,0,No IEP,12,0.56
42,1,Dakota,Rodriguez,2018-01-24,Other,2023-07-22,1,Full Price,0,0,No IEP,36,0.73
43,1,Jordan,Johnson,2012-06-18,Other,2023-03-25,1,Reduced,0,1,No IEP,91,0.73
44,1,Bailey,Hall,2012-05-03,Female,2023-02-23,1,Full Price,1,0,No IEP,89,0.9
45,1,Casey,Brown,2013-11-14,Female,2023-04-16,1,Free,0,0,No IEP,73,0.85
46,1,Casey,Brown,2008-12-02,Male,2023-06-01,1,Full Price,0,0,No IEP,77,0.92
47,1,Eden,Smith,2017-07-19,Other,2024-02-01,1,Free,1,0,No IEP,57,0.9
48,1,Morgan,Davis,2010-07-17,Other,2024-03-31,1,Free,0,0,No IEP,60,0.95
49,1,Logan,Rodriguez,2014-04-17,Female,2023-02-11,1,Reduced,0,0,No IEP,70,0.97
50,1,Harper,Allen,2006-04-19,Male,2022-11-03,1,Free,0,0,No IEP,93,0.97
51,1,Eden,Garcia,2016-06-03,Other,2024-01-04,1,Reduced,0,0,No IEP,73,0.75
52,1,Gabriel,Brown,2006-03-06,Male,2023-07-03,1,Reduced,0,0,No IEP,96,0.56
53,1,Morgan,White,2009-08-05,Male,2023-10-01,1,Free,0,1,No IEP,75,0.96
54,1,Oliver,Davis,2012-07-13,Male,2023-10-10,1,Full Price,0,0,Current IEP,83,0.71
55,1,Bailey,Hall,2015-09-25,Other,2022-09-24,1,Free,0,0,No IEP,60,0.77
56,1,Dakota,Garcia,2010-10-23,Other,2023-02-07,1,Reduced,0,0,No IEP,44,0.51
57,1,Oliver,Walker,2017-02-17,Other,2023-10-31,1,Full Price,0,0,No IEP,91,0.95
58,1,Jordan,Young,2012-05-21,Male,2024-04-10,1,Free,0,0,No IEP,85,0.95
59,1,Alex,Davis,2013-09-09,Other,2023-01-01,1,Full Price,0,0,No IEP,88,0.79
60,1,Jordan,Garcia,2011-08-24,Other,2024-04-17,1,Free,0,0,Current IEP,40,0.67
61,1,Gabriel,Johnson,2019-02-19,Other,2024-03-16,1,Reduced,1,0,No IEP,88,0.93
62,1,Parker,White,2018-03-20,Male,2023-08-04,1,Full Price,1,1,No IEP,65,0.94
63,1,Casey,Rodriguez,2007-05-17,Other,2023-10-25,1,Free,0,0,No IEP,86,0.91
64,1,Oliver,Lee,2015-08-26,Female,2024-04-25,1,Free,0,0,No IEP,83,0.91
65,1,Morgan,Garcia,2014-10-20,Female,2022-11-23,1,Free,0,0,No IEP,19,0.66
66,1,Bailey,Miller,2017-02-15,Other,2024-04-22,0,Reduced,0,0,Current IEP,51,0.9
67,1,Oliver,Hall,2017-12-28,Other,2022-12-05,1,Free,1,0,No IEP,55,0.97
68,1,Gabriel,Rodriguez,2011-05-18,Female,2023-02-01,1,Reduced,0,0,No IEP,91,0.95
69,1,Jordan,Lee,2015-09-15,Male,2022-10-29,1,Reduced,0,1,No IEP,63,0.78
70,1,Casey,Young,2012-10-05,Male,2023-04-19,1,Full Price,0,0,No IEP,49,0.63
71,1,Kendrick,Young,2017-08-01,Male,2023-02-03,1,Free,0,0,No IEP,63,0.97
72,1,Noah,Davis,2015-10-08,Other,2022-10-14,1,Reduced,1,0,No IEP,31,0.81
73,1,Oliver,Lee,2012-09-04,Female,2023-03-06,1,Full Price,1,1,No IEP,75,0.9
74,1,Eden,Young,2018-09-10,Female,2023-05-02,1,Reduced,0,0,No IEP,50,0.96
75,1,Jordan,Johnson,2018-06-18,Male,2022-06-29,0,Reduced,0,1,No IEP,56,0.84
76,1,Gabriel,Hall,2006-06-27,Female,2023-09-27,1,Full Price,0,0,No IEP,69,0.91
77,1,Noah,Garcia,2006-08-17,Female,2023-12-29,1,Reduced,0,0,No IEP,87,0.98
78,1,Logan,Brown,2015-10-16,Other,2022-12-31,1,Reduced,0,0,No IEP,83,0.91
79,1,Jordan,Johnson,2010-06-18,Male,2023-02-03,1,Reduced,0,0,No IEP,68,0.71
80,1,Bailey,Rodriguez,2018-12-20,Male,2023-07-28,1,Free,0,0,No IEP,50,0.79
81,1,Isaiah,Davis,2008-08-06,Other,2022-09-02,1,Free,1,0,Current IEP,54,0.89
82,1,Isaiah,Brown,2008-01-06,Female,2023-01-03,1,Free,0,0,No IEP,86,0.74
83,1,Bailey,Brown,2012-09-21,Female,2022-06-25,1,Reduced,0,0,No IEP,77,0.93
84,1,Finley,Lee,2010-09-01,Other,2024-02-14,0,Free,0,0,No IEP,59,0.96
85,1,Dakota,Brown,2011-02-28,Other,2023-10-13,1,Reduced,0,0,Current IEP,84,0.88
86,1,Kendrick,Martinez,2020-03-25,Male,2024-02-01,1,Free,0,0,No IEP,74,0.95
87,1,Gabriel,Brown,2019-08-23,Female,2023-08-27,1,Free,0,0,No IEP,41,0.84
88,1,Parker,White,2020-07-13,Other,2023-01-01,1,Full Price,0,1,Current IEP,40,0.63
89,1,Kendrick,Williams,2019-08-25,Female,2023-01-17,1,Free,1,0,No IEP,38,0.57
90,1,Harper,White,2017-07-03,Other,2023-04-21,1,Reduced,0,0,Current IEP,95,0.97
91,1,Eden,Davis,2006-02-02,Other,2024-04-17,1,Reduced,0,0,No IEP,55,0.71
92,1,Dakota,Brown,2017-08-20,Other,2022-07-30,1,Full Price,0,0,Evaluation Pending,42,0.68
93,1,Isaiah,Jones,2016-07-06,Other,2023-04-09,1,Free,0,0,No IEP,59,0.75
94,1,Noah,White,2018-12-05,Male,2022-08-16,1,Free,0,0,No IEP,72,0.93
95,1,Dakota,Walker,2017-09-17,Male,2024-04-16,1,Reduced,0,1,No IEP,77,0.89
96,1,Oliver,Johnson,2008-02-24,Male,2023-01-25,1,Free,0,0,No IEP,62,0.71
97,1,Harper,Allen,2020-04-13,Male,2023-09-27,1,Reduced,1,0,No IEP,89,0.92
98,1,Bailey,Martinez,2015-03-04,Female,2023-02-14,1,Free,0,0,No IEP,45,0.95
99,1,Parker,Young,2018-05-01,Other,2022-08-10,1,Full Price,0,0,No IEP,92,0.94
100,1,Morgan,White,2020-12-27,Male,2022-09-27,1,Free,0,1,No IEP,99,0.76
101,1,Alex,Young,2009-08-25,Male,2024-01-10,1,Reduced,0,0,No IEP,53,0.71
102,1,Gabriel,Williams,2016-10-11,Other,2024-05-23,1,Reduced,0,0,No IEP,91,0.95
103,1,Harper,Brown,2012-11-16,Other,2023-05-16,1,Reduced,0,0,No IEP,60,0.9
104,1,Parker,Rodriguez,2009-08-20,Female,2023-07-01,1,Full Price,0,0,No IEP,54,0.76
105,1,Gabriel,Smith,2020-05-14,Other,2023-02-11,1,Free,0,0,No IEP,36,0.56
106,1,Oliver,Young,2010-05-19,Male,2023-11-13,1,Free,0,0,No IEP,23,0.6
107,1,Eden,Garcia,2010-04-04,Male,2024-04-06,1,Reduced,0,0,No IEP,44,0.72
108,1,Eden,Young,2017-06-05,Male,2024-04-19,1,Reduced,0,0,No IEP,75,0.92
109,1,Bailey,Jones,2020-11-18,Male,2023-08-02,1,Reduced,0,0,No IEP,109,0.96
110,1,Casey,Hall,2006-04-16,Female,2022-09-10,1,Reduced,1,0,No IEP,79,0.96
111,1,Noah,Young,2017-05-06,Other,2023-03-14,1,Reduced,0,0,No IEP,65,0.91
112,1,Isaiah,Allen,2007-03-18,Female,2023-12-29,1,Full Price,1,0,No IEP,47,0.61
113,1,Parker,Brown,2014-11-22,Female,2023-01-08,1,Reduced,0,0,No IEP,24,0.56
114,1,Dakota,Walker,2010-09-24,Other,2023-01-06,0,Free,0,0,No IEP,101,0.92
115,1,Gabriel,Garcia,2017-02-20,Male,2024-01-07,1,Full Price,0,0,No IEP,50,0.92
116,1,Finley,Brown,2016-04-05,Other,2023-05-19,1,Free,0,0,No IEP,39,0.72
117,1,Eden,Young,2014-10-17,Female,2022-11-27,1,Free,0,1,No IEP,71,0.97
118,1,Noah,Johnson,2017-04-04,Male,2023-12-31,1,Reduced,1,1,No IEP,74,0.89
119,1,Isaiah,Walker,2007-06-06,Other,2023-07-21,1,Reduced,0,1,No IEP,71,0.84
120,1,Parker,Walker,2018-12-19,Male,2024-05-10,1,Full Price,0,0,No IEP,63,0.53
121,1,Bailey,Williams,2009-06-16,Male,2022-12-15,1,Reduced,0,0,No IEP,51,0.75
122,1,Parker,Brown,2009-07-15,Other,2022-11-04,1,Free,1,0,No IEP,66,0.89
123,1,Isaiah,Hall,2007-06-16,Other,2023-12-04,1,Reduced,0,0,No IEP,23,0.79
124,1,Finley,Hall,2007-10-22,Female,2024-01-20,1,Reduced,1,1,No IEP,57,0.97
125,1,Bailey,Allen,2018-02-13,Female,2023-01-06,1,Free,0,1,No IEP,83,0.93
126,1,Parker,White,2019-09-28,Male,2023-07-19,1,Free,0,0,No IEP,92,0.89
127,1,Morgan,Brown,2011-07-12,Female,2023-08-07,1,Free,0,0,No IEP,50,0.72
128,1,Isaiah,Smith,2007-12-16,Other,2024-03-18,0,Free,0,0,No IEP,91,0.88
129,1,Parker,Williams,2013-09-07,Female,2024-02-12,1,Free,0,0,No IEP,73,0.93
130,1,Jordan,Allen,2007-11-18,Female,2022-10-10,1,Reduced,0,0,No IEP,35,0.78
131,1,Noah,Johnson,2008-09-07,Female,2024-05-05,1,Free,0,0,No IEP,78,0.79
132,1,Harper,Brown,2012-03-07,Male,2023-07-03,1,Full Price,0,0,No IEP,91,0.96
133,1,Parker,Smith,2016-01-28,Male,2024-04-17,1,Free,1,0,Current IEP,44,0.91
134,1,Isaiah,White,2016-02-08,Other,2022-07-21,1,Full Price,0,0,No IEP,96,0.81
135,1,Logan,Brown,2017-06-18,Female,2023-09-26,1,Free,0,0,No IEP,93,0.9
136,1,Harper,Martinez,2013-09-13,Female,2023-05-14,1,Reduced,0,0,No IEP,80,0.97
137,1,Finley,Young,2009-11-11,Other,2023-02-26,1,Free,0,0,Current IEP,66,0.68
138,1,Kendrick,Young,2013-12-01,Male,2023-03-29,1,Free,0,0,No IEP,95,0.97
139,1,Noah,Lee,2009-08-16,Other,2022-08-20,1,Free,0,0,No IEP,59,0.9
140,1,Harper,Williams,2007-08-07,Female,2023-03-27,1,Free,0,0,No IEP,66,0.84
141,1,Gabriel,Miller,2007-05-10,Other,2023-05-14,1,Free,0,0,Evaluation Pending,49,0.95
142,1,Oliver,Williams,2010-01-16,Male,2022-07-01,1,Full Price,0,0,No IEP,42,0.72
143,1,Bailey,Smith,2012-05-17,Other,2022-09-21,1,Full Price,0,0,Current IEP,51,0.71
144,1,Dakota,Lee,2006-01-05,Female,2022-10-08,1,Full Price,0,0,No IEP,42,0.84
145,1,Oliver,Johnson,2020-04-05,Male,2023-08-29,1,Free,0,0,No IEP,74,0.77
146,1,Gabriel,Rodriguez,2020-03-27,Male,2023-01-04,1,Full Price,0,0,No IEP,25,0.61
147,1,Dakota,Hall,2006-06-19,Male,2022-12-03,1,Free,1,0,No IEP,82,0.89
148,1,Eden,Miller,2013-01-26,Other,2022-08-20,1,Full Price,0,0,No IEP,109,0.91
149,1,Eden,Brown,2007-05-16,Female,2023-04-12,1,Full Price,0,0,No IEP,53,0.67
150,1,Finley,Allen,2007-11-14,Male,2023-05-14,0,Free,0,0,No IEP,67,0.92
151,1,Jordan,Davis,2008-09-14,Female,2023-01-03,1,Reduced,0,0,No IEP,68,0.93
152,1,Finley,Hall,2012-01-03,Female,2024-02-18,1,Free,0,0,No IEP,69,0.75
153,1,Morgan,Brown,2015-01-06,Other,2023-08-27,1,Reduced,0,0,No IEP,52,0.89
154,1,Dakota,Smith,2013-12-07,Male,2023-07-19,1,Reduced,0,0,No IEP,79,0.95
155,1,Parker,White,2018-01-28,Female,2022-11-20,1,Free,0,0,No IEP,44,0.53
156,1,Parker,White,2006-04-23,Male,2024-02-09,1,Reduced,0,1,Current IEP,76,0.67
157,1,Harper,Davis,2012-10-22,Female,2023-01-26,1,Full Price,0,0,Current IEP,39,0.57
158,1,Eden,Garcia,2017-04-06,Other,2023-04-21,1,Full Price,0,0,No IEP,105,0.82
159,1,Noah,Brown,2014-10-08,Male,2024-04-06,1,Reduced,0,0,No IEP,105,0.75
160,1,Dakota,Brown,2018-10-20,Male,2022-11-01,1,Free,1,0,No IEP,52,0.83
161,1,Dakota,Miller,2020-08-14,Male,2023-05-20,1,Full Price,0,0,No IEP,44,0.65
162,1,Oliver,Walker,2011-01-15,Male,2023-03-27,1,Reduced,0,1,No IEP,53,0.96
163,1,Jordan,Allen,2012-07-22,Other,2023-12-08,1,Free,0,0,No IEP,66,0.8
164,1,Morgan,Miller,2010-05-03,Male,2022-12-01,1,Free,0,0,No IEP,72,0.77
165,1,Harper,Rodriguez,2014-12-14,Other,2023-08-08,1,Free,0,0,No IEP,48,0.78
166,1,Harper,Walker,2006-05-10,Other,2022-07-28,1,Reduced,0,0,No IEP,97,0.95
167,1,Noah,Jones,2009-08-07,Female,2024-02-07,1,Reduced,0,0,No IEP,59,0.96
168,1,Parker,Young,2019-03-23,Other,2023-08-28,1,Free,0,0,No IEP,76,0.64
169,1,Logan,Rodriguez,2014-05-16,Male,2023-05-12,1,Free,0,1,Current IEP,91,0.92
170,1,Kendrick,Hall,2020-08-27,Other,2023-08-08,1,Free,1,0,No IEP,47,0.93
171,1,Oliver,Martinez,2016-11-03,Male,2023-02-20,1,Reduced,0,0,No IEP,45,0.94
172,1,Alex,Brown,2007-11-18,Male,2022-08-04,1,Free,0,0,No IEP,73,0.61
173,1,Kendrick,Hall,2015-05-03,Male,2023-02-25,1,Reduced,0,0,No IEP,38,0.58
174,1,Kendrick,Martinez,2008-07-27,Male,2023-07-15,1,Free,0,0,No IEP,92,0.98
175,1,Isaiah,Brown,2014-04-25,Other,2023-04-26,1,Free,0,0,No IEP,94,0.93
176,1,Alex,Young,2014-10-10,Other,2023-10-29,1,Free,0,0,No IEP,82,0.98
177,1,Casey,Hall,2019-12-04,Male,2022-06-28,1,Full Price,0,0,No IEP,65,0.73
178,1,Kendrick,Smith,2018-12-05,Other,2023-07-04,1,Reduced,1,1,No IEP,95,0.98
179,1,Dakota,Walker,2014-07-27,Other,2023-01-10,1,Free,0,0,No IEP,88,0.97
180,1,Jordan,Davis,2013-04-16,Female,2023-05-11,0,Reduced,0,0,No IEP,97,0.95
181,1,Casey,Jones,2019-12-03,Male,2022-08-10,1,Reduced,0,0,No IEP,64,0.77
182,1,Kendrick,Allen,2009-07-09,Male,2022-06-30,1,Reduced,0,0,Current IEP,18,0.64
183,1,Harper,Allen,2009-02-08,Male,2024-04-06,1,Free,0,1,No IEP,56,0.75
184,1,Harper,Williams,2018-10-20,Female,2024-04-30,1,Reduced,0,1,No IEP,75,0.74
185,1,Bailey,Johnson,2006-05-28,Female,2023-05-04,1,Reduced,0,0,No IEP,51,0.71
186,1,Kendrick,Miller,2015-02-04,Male,2024-05-14,1,Free,0,0,No IEP,67,0.83
187,1,Logan,Rodriguez,2016-10-18,Male,2022-12-20,1,Free,0,0,No IEP,56,0.94
188,1,Gabriel,Williams,2015-06-07,Other,2022-07-21,1,Reduced,0,0,No IEP,70,0.96
189,1,Harper,Young,2015-10-07,Male,2023-06-16,1,Full Price,0,0,No IEP,76,0.89
190,1,Logan,Johnson,2012-01-07,Male,2023-11-18,1,Free,0,0,No IEP,80,0.89
191,1,Gabriel,Rodriguez,2009-08-08,Female,2023-11-24,1,Reduced,0,0,Evaluation Pending,42,0.68
192,1,Noah,Davis,2020-01-25,Other,2023-03-07,1,Full Price,0,0,No IEP,91,0.97
193,1,Morgan,Walker,2016-08-17,Female,2023-08-12,1,Reduced,0,0,Current IEP,98,0.68
194,1,Morgan,Garcia,2013-06-09,Other,2023-08-24,1,Full Price,0,0,No IEP,79,0.9
195,1,Harper,Martinez,2006-11-03,Female,2023-02-03,1,Free,0,0,No IEP,65,0.93
196,1,Isaiah,Miller,2010-12-20,Male,2023-10-04,1,Full Price,0,0,No IEP,31,0.78
197,1,Morgan,Davis,2010-04-24,Other,2023-08-10,1,Free,0,0,No IEP,86,0.82
198,1,Logan,Jones,2019-10-28,Male,2023-02-07,1,Reduced,0,0,No IEP,51,0.9
199,1,Kendrick,Hall,2009-07-07,Female,2023-03-22,1,Free,0,0,Current IEP,66,0.8
200,1,Morgan,Rodriguez,2016-04-08,Female,2023-07-18,1,Free,1,0,No IEP,31,0.54
201,1,Jordan,Allen,2019-12-22,Female,2023-03-31,1,Reduced,0,0,No IEP,61,0.92
202,1,Oliver,Johnson,2013-12-03,Female,2023-08-16,1,Full Price,0,0,No IEP,42,0.82
203,1,Dakota,Hall,2012-12-02,Male,2022-09-05,1,Free,0,0,No IEP,82,0.9
204,1,Oliver,Garcia,2007-05-07,Other,2023-10-15,0,Free,0,0,No IEP,96,0.61
205,1,Casey,Davis,2011-12-15,Male,2023-04-12,1,Free,0,0,No IEP,86,0.91
206,1,Gabriel,Young,2008-12-02,Other,2023-07-28,1,Reduced,0,0,No IEP,36,0.95
207,1,Alex,Smith,2010-06-27,Male,2023-02-25,1,Free,0,1,No IEP,20,0.92
208,1,Noah,Brown,2016-04-07,Male,2023-12-05,1,Free,0,0,No IEP,80,0.89
209,1,Dakota,Garcia,2013-05-04,Other,2023-10-12,1,Reduced,0,0,No IEP,24,0.57
210,1,Harper,Smith,2008-04-01,Other,2023-06-19,1,Free,0,0,No IEP,45,0.63
211,1,Kendrick,Jones,2007-05-11,Other,2024-03-24,1,Free,0,0,No IEP,47,0.72
212,1,Harper,Hall,2018-09-11,Male,2024-04-30,1,Free,0,1,No IEP,55,0.9
213,1,Jordan,Garcia,2016-12-07,Male,2024-01-01,1,Reduced,0,0,Current IEP,92,0.94
214,1,Eden,White,2009-01-25,Female,2023-08-20,1,Free,0,0,No IEP,97,0.98
215,1,Gabriel,Smith,2014-01-28,Other,2023-11-27,1,Free,0,0,No IEP,57,0.91
216,1,Gabriel,Allen,2017-05-25,Other,2023-05-08,1,Reduced,0,0,No IEP,64,0.79
217,1,Oliver,Jones,2012-05-08,Other,2023-03-17,1,Reduced,0,1,No IEP,83,0.97
218,1,Morgan,Rodriguez,2017-12-14,Other,2023-04-27,1,Free,0,0,No IEP,69,0.52
219,1,Noah,Rodriguez,2010-12-14,Male,2023-10-23,1,Free,1,0,No IEP,96,0.88
220,1,Dakota,Garcia,2007-02-10,Male,2023-02-18,1,Free,0,0,No IEP,73,0.89
221,1,Isaiah,White,2016-08-25,Female,2024-02-11,1,Free,0,0,No IEP,4,0.5
222,1,Eden,Smith,2009-10-04,Other,2023-05-21,1,Reduced,0,0,No IEP,76,0.98
223,1,Kendrick,Young,2016-04-20,Female,2023-01-24,1,Reduced,1,0,Current IEP,63,0.94
224,1,Bailey,Jones,2020-08-26,Male,2023-01-23,1,Reduced,0,0,No IEP,101,0.91
225,1,Finley,Lee,2013-07-25,Female,2024-01-27,1,Free,0,0,No IEP,68,0.9
226,1,Morgan,Hall,2008-11-21,Other,2022-11-24,1,Reduced,0,0,No IEP,77,0.95
227,1,Alex,Rodriguez,2007-01-19,Other,2024-02-23,1,Free,0,0,No IEP,59,0.65
228,1,Harper,White,2020-11-15,Male,2024-01-16,1,Free,0,0,No IEP,69,0.72
229,1,Bailey,Lee,2015-03-27,Other,2023-07-02,1,Reduced,0,0,No IEP,51,0.96
230,1,Parker,Walker,2019-07-13,Male,2023-11-23,1,Free,0,0,No IEP,86,0.96
231,1,Parker,Rodriguez,2012-03-07,Male,2024-02-15,1,Free,0,0,No IEP,49,0.51
232,1,Bailey,Brown,2007-09-21,Female,2022-06-30,1,Full Price,0,0,No IEP,82,0.98
233,1,Morgan,Martinez,2009-11-21,Female,2023-04-14,1,Free,1,0,No IEP,69,0.63
234,1,Noah,Rodriguez,2014-10-05,Male,2023-10-07,1,Reduced,0,0,No IEP,19,0.6
235,1,Gabriel,Brown,2017-03-28,Other,2024-05-04,1,Free,0,0,No IEP,68,0.78
236,1,Noah,Smith,2015-04-10,Male,2023-10-26,1,Reduced,0,0,No IEP,71,0.83
237,1,Bailey,Miller,2015-03-10,Male,2023-01-08,1,Reduced,0,0,No IEP,78,0.85
238,1,Eden,Miller,2015-02-21,Other,2023-03-19,1,Reduced,0,0,No IEP,34,0.8
239,1,Dakota,Allen,2016-02-11,Other,2022-12-18,1,Full Price,0,0,No IEP,76,0.75
240,1,Parker,Brown,2010-09-12,Other,2024-05-14,1,Free,0,1,No IEP,33,0.72
241,1,Eden,Jones,2011-07-19,Other,2023-04-22,1,Full Price,0,0,No IEP,48,0.83
242,1,Harper,Rodriguez,2016-11-28,Male,2022-09-09,1,Reduced,0,1,No IEP,67,0.98
243,1,Eden,White,2017-08-17,Other,2023-09-22,1,Full Price,0,0,No IEP,92,0.89
244,1,Bailey,Young,2020-03-22,Other,2024-05-17,1,Free,0,0,No IEP,78,0.9
245,1,Jordan,White,2006-05-09,Male,2023-03-19,0,Reduced,0,0,Current IEP,62,0.89
246,1,Dakota,Smith,2016-06-24,Male,2022-12-14,1,Free,0,0,No IEP,80,0.83
247,1,Isaiah,Brown,2020-08-22,Female,2023-12-19,1,Free,0,0,No IEP,67,0.96
248,1,Isaiah,Brown,2009-07-16,Other,2024-02-01,1,Reduced,1,0,No IEP,40,0.92
249,1,Bailey,Lee,2012-07-20,Other,2022-12-28,0,Reduced,0,1,No IEP,86,0.98
250,1,Dakota,Garcia,2015-04-28,Other,2023-12-20,1,Free,1,0,No IEP,82,0.96
251,1,Noah,White,2009-01-17,Female,2023-12-27,1,Free,0,0,No IEP,69,0.97
252,1,Noah,Garcia,2012-05-16,Female,2023-09-15,1,Free,0,0,No IEP,50,0.88
253,1,Dakota,Jones,2008-11-24,Other,2023-06-20,1,Reduced,0,0,No IEP,55,0.79
254,1,Eden,Miller,2017-07-18,Other,2023-02-23,1,Full Price,0,0,Current IEP,91,0.79
255,1,Eden,Rodriguez,2020-01-19,Male,2023-05-16,1,Reduced,0,0,No IEP,61,0.51
256,1,Gabriel,Smith,2019-09-15,Other,2022-12-16,1,Reduced,0,0,No IEP,102,0.93
257,1,Bailey,Davis,2014-04-18,Male,2024-01-24,0,Free,0,0,No IEP,40,0.74
258,1,Isaiah,Garcia,2017-05-01,Other,2022-11-09,1,Full Price,0,0,No IEP,52,0.94
259,1,Morgan,Jones,2017-08-08,Other,2023-04-29,1,Free,0,1,No IEP,94,0.8
260,1,Gabriel,Williams,2008-03-03,Female,2023-11-26,1,Full Price,0,1,No IEP,47,0.54
261,1,Isaiah,Jones,2017-11-20,Male,2024-05-12,1,Free,0,0,No IEP,76,0.89
262,1,Isaiah,Brown,2019-01-27,Male,2024-02-27,1,Free,0,0,No IEP,47,0.68
263,1,Dakota,White,2020-03-04,Male,2023-10-08,1,Full Price,0,0,No IEP,16,0.75
264,1,Jordan,Walker,2020-02-09,Female,2024-02-28,1,Full Price,0,0,No IEP,99,0.92
265,1,Isaiah,Jones,2006-02-11,Male,2023-12-24,1,Free,0,0,No IEP,82,0.92
266,1,Harper,Hall,2012-02-19,Other,2022-09-16,1,Reduced,0,0,No IEP,85,0.97
267,1,Eden,Rodriguez,2009-08-05,Other,2023-05-20,1,Full Price,0,0,No IEP,0,0.77
268,1,Finley,Smith,2008-03-12,Male,2024-01-25,1,Free,0,0,No IEP,102,0.88
269,1,Eden,Johnson,2008-11-02,Other,2023-01-29,1,Reduced,1,0,No IEP,88,0.91
270,1,Eden,Miller,2020-07-20,Male,2023-02-14,1,Free,0,0,No IEP,74,0.6
271,1,Kendrick,Smith,2019-04-10,Male,2023-01-31,1,Free,0,0,No IEP,66,0.72
272,1,Casey,Rodriguez,2014-01-12,Female,2023-10-31,1,Reduced,0,0,No IEP,70,0.89
273,1,Bailey,Rodriguez,2008-03-05,Other,2022-07-04,1,Full Price,1,0,Current IEP,36,0.6
274,1,Eden,Lee,2018-05-12,Other,2022-06-27,1,Reduced,0,0,No IEP,72,0.6
275,1,Casey,White,2009-02-15,Female,2022-09-07,1,Free,1,0,No IEP,72,0.85
276,1,Parker,Johnson,2007-06-28,Female,2023-11-23,1,Full Price,0,0,No IEP,77,0.93
277,1,Bailey,Davis,2019-12-27,Other,2022-08-24,0,Full Price,0,0,No IEP,95,0.92
278,1,Dakota,Hall,2007-07-07,Female,2023-10-09,1,Free,0,0,No IEP,67,0.75
279,1,Bailey,Walker,2013-07-16,Male,2024-01-28,1,Full Price,0,0,No IEP,50,0.84
280,1,Finley,Johnson,2016-02-14,Female,2023-11-26,1,Free,0,0,No IEP,31,0.71
281,1,Eden,Lee,2014-11-27,Other,2023-12-12,1,Reduced,0,0,No IEP,106,0.95
282,1,Oliver,Brown,2008-01-07,Other,2022-12-30,1,Reduced,0,0,No IEP,91,0.8
283,1,Parker,Young,2011-07-14,Female,2023-10-23,1,Reduced,0,0,No IEP,99,0.57
284,1,Dakota,Williams,2008-02-03,Other,2023-02-10,0,Full Price,1,0,No IEP,62,0.72
285,1,Gabriel,White,2014-02-12,Female,2024-02-12,1,Full Price,0,0,No IEP,78,0.88
286,1,Noah,Johnson,2011-01-01,Male,2023-10-08,1,Full Price,0,0,No IEP,64,0.74
287,1,Morgan,Garcia,2008-07-11,Other,2022-10-17,1,Free,0,0,No IEP,103,0.92
288,1,Eden,Smith,2015-10-23,Other,2023-04-19,1,Free,0,0,No IEP,84,0.72
289,1,Morgan,Martinez,2013-11-02,Female,2022-08-14,1,Free,1,0,No IEP,75,0.95
290,1,Morgan,Brown,2007-08-26,Male,2023-02-09,1,Reduced,0,0,No IEP,91,0.91
291,1,Kendrick,Walker,2020-08-20,Other,2023-07-08,1,Free,0,0,No IEP,77,0.73
292,1,Eden,Martinez,2006-05-16,Male,2022-11-23,1,Free,0,0,No IEP,18,0.54
293,1,Jordan,Garcia,2013-04-24,Female,2023-03-05,1,Reduced,0,0,No IEP,66,0.55
294,1,Noah,Rodriguez,2007-10-27,Other,2022-09-11,1,Reduced,0,1,No IEP,63,0.76
295,1,Gabriel,Young,2012-10-26,Female,2023-11-16,1,Reduced,0,0,No IEP,51,0.92
296,1,Kendrick,Miller,2007-04-02,Female,2022-10-28,1,Full Price,0,0,No IEP,59,0.66
297,1,Morgan,Johnson,2011-09-17,Male,2022-09-27,1,Free,0,0,No IEP,69,0.88
298,1,Dakota,Walker,2010-10-04,Male,2023-08-17,1,Full Price,1,0,No IEP,55,0.94
299,1,Isaiah,Johnson,2017-02-02,Female,2023-03-05,1,Free,0,0,No IEP,51,0.97
300,1,Dakota,Davis,2008-10-16,Other,2024-01-04,1,Free,0,0,No IEP,71,0.97
301,1,Bailey,Miller,2018-01-22,Male,2023-07-26,1,Free,0,0,No IEP,75,0.97
302,1,Logan,Hall,2018-08-28,Other,2022-12-01,1,Full Price,0,0,No IEP,65,0.75
303,1,Oliver,Walker,2010-05-04,Other,2022-10-11,1,Reduced,0,0,No IEP,72,0.89
304,1,Parker,Allen,2006-02-22,Male,2023-02-28,1,Full Price,0,1,No IEP,51,0.92
305,1,Isaiah,White,2010-04-06,Male,2023-09-23,1,Free,0,0,No IEP,21,0.83
306,1,Alex,White,2014-07-11,Male,2022-08-26,1,Free,1,0,No IEP,64,0.8
307,1,Harper,Garcia,2015-03-25,Male,2023-05-30,1,Full Price,0,0,No IEP,109,0.97
308,1,Parker,Brown,2014-05-22,Other,2023-09-04,1,Free,0,0,No IEP,74,0.88
309,1,Dakota,Martinez,2008-11-22,Other,2023-05-25,1,Reduced,0,0,No IEP,63,0.8
310,1,Dakota,Allen,2016-08-19,Female,2023-06-02,1,Full Price,0,0,No IEP,96,0.97
311,1,Dakota,Johnson,2008-08-10,Male,2022-12-06,1,Reduced,1,0,No IEP,109,0.9
312,1,Harper,Johnson,2010-08-12,Male,2022-12-27,1,Reduced,0,0,No IEP,78,0.89
313,1,Gabriel,Rodriguez,2010-05-03,Female,2023-07-20,1,Reduced,0,0,No IEP,72,0.8
314,1,Oliver,Smith,2012-09-01,Female,2024-02-16,1,Free,0,0,No IEP,47,0.6
315,1,Oliver,Johnson,2011-02-02,Female,2024-01-15,1,Reduced,0,1,No IEP,79,0.71
316,1,Parker,Jones,2013-04-22,Other,2023-06-20,1,Free,0,0,No IEP,91,0.95
317,1,Oliver,Hall,2013-01-04,Female,2022-08-25,1,Full Price,0,0,No IEP,71,0.9
318,1,Gabriel,White,2019-08-10,Female,2022-09-05,1,Full Price,0,0,No IEP,79,0.89
319,1,Oliver,Johnson,2017-06-05,Female,2024-02-05,1,Reduced,1,0,No IEP,66,0.91
320,1,Eden,Martinez,2019-11-10,Female,2022-12-26,1,Full Price,0,0,No IEP,48,0.71
321,1,Morgan,Williams,2008-01-01,Other,2022-10-13,1,Free,1,0,No IEP,78,0.78
322,1,Isaiah,Brown,2018-01-28,Other,2023-09-30,1,Full Price,0,0,Current IEP,103,0.97
323,1,Finley,Allen,2011-09-26,Male,2024-02-04,1,Free,0,1,No IEP,76,0.94
324,1,Gabriel,Miller,2008-10-27,Female,2024-05-19,1,Free,0,0,No IEP,56,0.83
325,1,Alex,Davis,2013-05-27,Female,2023-03-14,1,Free,0,0,No IEP,71,0.72
326,1,Isaiah,Smith,2014-01-11,Female,2022-10-13,1,Free,0,0,No IEP,58,0.6
327,1,Casey,Allen,2017-10-24,Other,2023-06-22,1,Full Price,0,0,No IEP,90,0.89
328,1,Gabriel,Hall,2007-11-22,Other,2024-04-18,0,Reduced,0,0,No IEP,63,0.76
329,1,Harper,Williams,2017-10-01,Male,2023-03-14,1,Full Price,0,0,No IEP,71,0.97
330,1,Harper,Rodriguez,2018-03-20,Female,2024-05-09,1,Free,1,0,No IEP,93,0.71
331,1,Kendrick,Brown,2013-01-12,Female,2023-05-25,1,Reduced,0,0,No IEP,93,0.91
332,1,Oliver,Brown,2014-01-16,Male,2023-10-01,1,Reduced,0,0,No IEP,58,0.92
333,1,Jordan,Johnson,2019-09-25,Female,2022-09-08,1,Full Price,0,0,No IEP,60,0.76
334,1,Dakota,Hall,2010-12-22,Female,2022-09-27,1,Full Price,0,0,No IEP,40,0.82
335,1,Harper,Rodriguez,2014-06-19,Female,2023-09-01,0,Free,0,0,No IEP,46,0.85
336,1,Logan,White,2018-11-28,Other,2022-09-10,1,Free,0,0,No IEP,14,0.75
337,1,Bailey,Davis,2011-02-21,Male,2024-03-20,1,Reduced,0,0,No IEP,64,0.74
338,1,Dakota,Williams,2009-09-15,Male,2024-03-23,1,Free,0,0,No IEP,94,0.5
339,1,Jordan,Smith,2012-03-12,Male,2024-03-12,1,Free,0,1,No IEP,74,0.91
340,1,Casey,Williams,2011-04-19,Other,2022-12-18,1,Reduced,0,0,No IEP,78,0.81
341,1,Harper,Walker,2020-04-15,Female,2022-12-01,1,Free,0,0,Current IEP,89,0.93
342,1,Eden,Davis,2011-07-22,Other,2024-03-04,1,Reduced,0,0,No IEP,58,0.92
343,1,Isaiah,White,2012-12-04,Male,2023-03-20,1,Full Price,1,0,No IEP,62,0.79
344,1,Dakota,Johnson,2014-02-24,Female,2022-11-29,1,Full Price,0,0,No IEP,96,0.92
345,1,Oliver,Hall,2018-06-15,Male,2023-01-22,1,Reduced,0,1,No IEP,72,0.79
346,1,Gabriel,Allen,2011-09-09,Other,2024-04-05,1,Free,0,0,No IEP,78,0.96
347,1,Gabriel,Garcia,2013-01-20,Male,2023-03-02,1,Reduced,0,1,No IEP,52,0.97
348,1,Dakota,Young,2006-07-16,Female,2023-05-12,1,Free,0,0,Current IEP,49,0.77
349,1,Kendrick,Johnson,2018-07-04,Other,2024-03-05,1,Free,0,0,No IEP,83,0.91
350,1,Parker,Rodriguez,2006-03-07,Other,2022-08-14,1,Full Price,0,0,No IEP,73,0.92
351,1,Finley,Rodriguez,2007-04-10,Other,2023-01-08,1,Full Price,0,0,No IEP,73,0.71
352,1,Logan,Hall,2007-12-05,Female,2023-10-13,1,Full Price,0,0,No IEP,34,0.77
353,1,Bailey,Martinez,2010-08-24,Male,2022-12-22,1,Full Price,0,0,No IEP,46,0.96
354,1,Casey,Lee,2008-06-25,Other,2022-11-23,1,Free,0,0,Evaluation Pending,41,0.62
355,1,Alex,Brown,2019-09-13,Female,2022-11-23,0,Free,1,0,No IEP,63,0.9
356,1,Noah,Smith,2006-01-24,Other,2023-08-20,1,Free,0,0,No IEP,86,0.89
357,1,Jordan,Allen,2015-02-08,Female,2023-07-10,1,Reduced,0,0,No IEP,86,0.88
358,2,Parker,Brown,2006-11-10,Female,2023-01-02,1,Reduced,1,0,No IEP,85,0.81
359,2,Noah,Rodriguez,2013-12-11,Male,2022-09-25,0,Reduced,0,0,No IEP,52,0.96
360,2,Casey,Brown,2009-07-23,Male,2022-10-27,1,Full Price,0,0,No IEP,88,0.98
361,2,Dakota,Allen,2013-05-24,Other,2024-01-29,1,Free,0,0,No IEP,26,0.79
362,2,Eden,Garcia,2010-09-23,Female,2022-12-06,0,Reduced,0,1,Current IEP,79,0.57
363,2,Harper,Walker,2010-11-01,Male,2023-11-14,1,Full Price,0,0,No IEP,41,0.75
364,2,Dakota,Jones,2015-09-19,Other,2023-04-08,1,Free,0,0,No IEP,98,0.95
365,2,Parker,Smith,2018-06-03,Male,2022-09-02,1,Full Price,0,0,No IEP,77,0.88
366,2,Gabriel,Garcia,2018-11-27,Female,2024-01-25,1,Full Price,0,0,No IEP,56,0.92
367,2,Gabriel,Hall,2016-06-06,Other,2024-01-22,1,Free,0,0,No IEP,76,0.9
368,2,Isaiah,Martinez,2011-11-02,Other,2024-02-18,1,Full Price,0,0,No IEP,94,0.88
369,2,Eden,Williams,2013-07-27,Male,2023-11-29,1,Reduced,1,1,No IEP,68,0.71
370,2,Logan,Smith,2019-11-13,Female,2023-11-08,1,Reduced,1,0,No IEP,70,0.95
371,2,Jordan,Martinez,2017-09-12,Male,2023-08-25,1,Reduced,0,0,No IEP,37,0.94
372,2,Casey,Davis,2007-05-27,Other,2024-02-22,1,Full Price,0,0,No IEP,41,0.94
373,2,Isaiah,Young,2006-05-03,Female,2023-05-02,1,Free,0,0,No IEP,72,0.94
374,2,Gabriel,Lee,2016-12-17,Other,2023-12-02,1,Full Price,1,0,No IEP,29,0.78
375,2,Bailey,Lee,2013-12-04,Other,2023-08-31,1,Full Price,0,0,No IEP,11,0.79
376,2,Noah,Hall,2020-08-27,Male,2024-02-12,1,Free,0,0,No IEP,45,0.77
377,2,Jordan,Miller,2020-10-25,Male,2023-09-28,1,Free,0,0,No IEP,88,0.92
378,2,Gabriel,Allen,2018-02-24,Male,2024-01-01,1,Reduced,0,1,No IEP,87,0.93
379,2,Eden,Lee,2007-03-13,Female,2023-01-28,1,Full Price,0,0,No IEP,76,0.97
380,2,Morgan,Williams,2007-11-08,Male,2023-06-04,1,Free,0,1,No IEP,69,0.97
381,2,Dakota,Young,2008-02-12,Other,2023-03-16,1,Reduced,0,0,No IEP,44,0.82
382,2,Dakota,Young,2008-09-12,Female,2022-10-14,1,Full Price,0,1,No IEP,67,0.95
383,2,Oliver,Allen,2012-01-15,Female,2022-11-27,0,Full Price,0,1,No IEP,81,0.91
384,2,Bailey,Brown,2011-06-24,Male,2023-09-09,1,Free,0,0,No IEP,64,0.7
385,2,Oliver,Johnson,2008-02-11,Female,2022-08-15,0,Reduced,0,0,No IEP,64,0.93
386,2,Noah,Brown,2014-04-19,Female,2024-03-05,1,Reduced,0,0,No IEP,54,0.88
387,2,Finley,Rodriguez,2006-05-01,Female,2023-05-07,1,Full Price,0,0,No IEP,73,0.77
388,2,Noah,Lee,2018-09-13,Female,2022-08-13,1,Free,0,0,No IEP,53,0.95
389,2,Logan,Williams,2013-04-24,Other,2022-12-31,1,Free,0,0,No IEP,42,0.55
390,2,Morgan,Jones,2015-07-20,Male,2022-10-04,1,Free,0,0,No IEP,45,0.76
391,2,Kendrick,Hall,2008-04-28,Female,2023-04-10,1,Reduced,0,0,Current IEP,75,0.76
392,2,Noah,Allen,2008-04-21,Male,2023-04-11,1,Free,0,0,No IEP,58,0.81
393,2,Morgan,Miller,2017-03-15,Female,2023-04-02,1,Free,0,0,No IEP,95,0.9
394,2,Dakota,Lee,2008-03-08,Female,2023-07-29,1,Free,0,0,No IEP,20,0.77
395,2,Alex,Young,2014-08-27,Other,2023-01-29,1,Full Price,0,0,No IEP,91,0.84
396,2,Finley,Walker,2012-07-22,Female,2022-12-18,1,Free,0,0,No IEP,77,0.89
397,2,Isaiah,Johnson,2017-03-05,Other,2024-03-10,1,Free,0,0,No IEP,67,0.81
398,2,Morgan,Martinez,2017-11-08,Male,2023-12-14,1,Reduced,1,1,No IEP,74,0.92
399,2,Parker,Garcia,2014-09-16,Male,2022-12-12,1,Free,0,1,No IEP,69,0.69
400,2,Harper,Miller,2009-06-22,Male,2023-10-08,1,Free,0,1,No IEP,49,0.66
401,2,Harper,Young,2014-03-02,Other,2022-11-21,1,Free,0,0,Current IEP,90,0.93
402,2,Casey,Miller,2020-08-04,Female,2024-01-10,1,Free,0,0,No IEP,60,0.9
403,2,Isaiah,Allen,2015-10-09,Female,2024-05-15,1,Free,0,0,No IEP,71,0.77
404,2,Parker,White,2010-03-06,Male,2022-11-27,1,Reduced,1,0,No IEP,54,0.78
405,2,Jordan,Miller,2016-10-22,Male,2022-11-20,1,Free,0,0,No IEP,83,0.81
406,2,Jordan,Walker,2016-03-10,Female,2023-12-16,1,Full Price,0,0,No IEP,58,0.63
407,2,Gabriel,Miller,2018-11-23,Female,2023-03-24,1,Free,0,0,No IEP,6,0.92
408,2,Parker,Johnson,2014-11-13,Other,2023-11-02,1,Reduced,0,0,No IEP,89,0.97
409,2,Noah,Jones,2006-03-19,Female,2024-02-11,1,Reduced,0,0,No IEP,25,0.76
410,2,Logan,Young,2016-12-07,Male,2023-09-01,1,Free,0,0,Current IEP,74,0.72
411,2,Logan,Smith,2010-10-14,Male,2023-09-06,1,Full Price,0,0,No IEP,70,0.94
412,2,Oliver,Miller,2011-02-25,Other,2022-08-14,1,Free,0,0,No IEP,21,0.85
413,2,Alex,Hall,2016-01-01,Male,2023-06-21,1,Free,0,0,No IEP,39,0.78
414,2,Gabriel,Rodriguez,2014-03-04,Male,2023-02-11,1,Full Price,1,0,No IEP,73,0.79
415,2,Alex,Jones,2007-08-04,Female,2023-06-24,0,Full Price,0,0,No IEP,93,0.9
416,2,Gabriel,Brown,2013-08-24,Other,2023-04-12,1,Full Price,0,0,No IEP,46,0.72
417,2,Jordan,Williams,2014-07-28,Other,2023-05-22,1,Full Price,1,0,No IEP,68,0.93
418,2,Eden,White,2013-01-02,Other,2024-05-08,1,Full Price,0,0,No IEP,94,0.97
419,2,Parker,Miller,2008-05-13,Other,2023-03-22,1,Full Price,0,1,No IEP,48,0.65
420,2,Harper,Williams,2006-07-03,Male,2023-01-29,1,Reduced,0,0,No IEP,12,0.51
421,2,Dakota,White,2019-08-24,Other,2022-09-15,1,Free,1,0,No IEP,80,0.93
422,2,Isaiah,Jones,2007-06-14,Female,2024-02-17,1,Reduced,0,1,Current IEP,74,0.72
423,2,Parker,White,2012-06-07,Other,2022-08-16,1,Full Price,0,0,No IEP,23,0.5
424,2,Oliver,Brown,2010-11-28,Female,2022-11-13,1,Free,0,0,No IEP,64,0.78
425,2,Casey,Garcia,2014-07-27,Other,2024-01-16,1,Full Price,0,1,No IEP,37,0.52
426,2,Finley,Walker,2011-03-04,Other,2022-12-03,1,Reduced,0,0,No IEP,72,0.78
427,2,Noah,White,2008-08-11,Male,2022-11-18,1,Free,1,0,No IEP,99,0.9
428,2,Harper,Hall,2009-03-21,Female,2022-09-05,1,Free,0,1,Current IEP,71,0.92
429,2,Dakota,Rodriguez,2010-09-04,Other,2024-01-02,1,Free,0,0,No IEP,91,0.94
430,2,Finley,White,2015-05-08,Other,2023-02-14,1,Full Price,0,0,No IEP,45,0.69
431,2,Kendrick,Allen,2019-11-27,Female,2022-07-14,1,Free,1,0,No IEP,66,0.94
432,2,Morgan,Johnson,2013-10-04,Other,2023-10-11,1,Reduced,1,1,Current IEP,74,0.96
433,2,Bailey,Hall,2009-11-24,Female,2023-05-21,1,Free,0,1,Current IEP,79,0.92
434,2,Oliver,Johnson,2007-06-15,Other,2023-07-30,1,Free,0,0,No IEP,90,0.96
435,2,Harper,Lee,2014-05-04,Other,2022-07-31,1,Reduced,0,0,No IEP,56,0.82
436,2,Jordan,Rodriguez,2009-09-18,Male,2023-08-27,1,Reduced,0,1,No IEP,87,0.96
437,2,Jordan,Williams,2020-06-08,Female,2022-07-15,1,Free,0,0,No IEP,64,0.91
438,2,Oliver,Allen,2009-09-18,Other,2023-10-13,1,Free,0,0,No IEP,53,0.96
439,2,Eden,Lee,2020-12-08,Other,2023-04-24,1,Free,0,0,No IEP,85,0.74
440,2,Bailey,Young,2014-10-15,Female,2023-07-08,1,Free,0,1,No IEP,39,0.75
441,2,Alex,White,2016-07-23,Male,2024-03-27,1,Free,0,0,No IEP,97,0.72
442,2,Logan,Brown,2011-02-20,Male,2023-09-29,1,Reduced,0,0,No IEP,78,0.72
443,2,Morgan,Allen,2018-07-23,Female,2023-11-23,1,Free,1,0,No IEP,80,0.93
444,2,Isaiah,Smith,2020-10-02,Other,2023-09-09,1,Free,0,0,No IEP,62,0.9
445,2,Gabriel,Walker,2006-02-28,Other,2023-06-25,1,Reduced,0,0,No IEP,60,0.79
446,2,Jordan,Brown,2020-06-22,Male,2023-11-25,1,Free,1,0,No IEP,67,0.88
447,2,Parker,Miller,2015-07-02,Female,2023-06-14,1,Full Price,0,0,No IEP,98,0.82
448,2,Gabriel,Rodriguez,2018-06-05,Female,2022-09-27,1,Free,0,0,No IEP,38,0.95
449,2,Bailey,Miller,2013-02-10,Other,2024-04-30,1,Reduced,0,0,No IEP,65,0.79
450,2,Finley,Walker,2006-11-23,Male,2024-04-06,1,Free,0,0,No IEP,106,0.98
451,2,Harper,Lee,2007-03-13,Male,2023-10-29,1,Full Price,1,0,No IEP,69,0.7
452,2,Noah,Smith,2016-07-27,Female,2023-09-03,1,Full Price,0,0,No IEP,96,0.95
453,2,Parker,Williams,2006-03-18,Female,2022-08-22,1,Reduced,0,0,No IEP,70,0.77
454,2,Gabriel,Jones,2010-09-02,Female,2022-11-22,1,Free,1,0,No IEP,59,0.96
455,2,Gabriel,Lee,2017-01-19,Male,2024-03-16,1,Free,0,0,No IEP,59,0.95
456,2,Oliver,Williams,2009-04-20,Other,2022-08-04,1,Free,0,0,No IEP,26,0.91
457,2,Morgan,Smith,2007-10-02,Female,2023-04-01,1,Free,0,0,No IEP,60,0.73
458,2,Isaiah,Walker,2007-11-15,Female,2024-05-04,1,Free,0,0,No IEP,77,0.8
459,2,Harper,Hall,2016-03-27,Other,2023-11-28,1,Full Price,0,0,No IEP,106,0.68
460,2,Logan,Young,2013-09-28,Female,2023-04-23,1,Free,0,0,No IEP,65,0.92
461,2,Oliver,Smith,2013-12-07,Female,2023-07-22,1,Free,0,0,No IEP,99,0.9
462,2,Bailey,Brown,2016-02-03,Male,2023-04-09,0,Full Price,1,0,No IEP,73,0.91
463,2,Kendrick,Garcia,2020-05-10,Male,2023-05-25,1,Free,0,0,No IEP,42,0.56
464,2,Eden,Young,2020-02-25,Male,2022-08-30,1,Free,0,0,No IEP,68,0.77
465,2,Casey,Walker,2017-02-06,Male,2023-05-19,1,Reduced,0,1,Current IEP,99,0.92
466,2,Noah,Garcia,2016-06-28,Female,2023-11-05,1,Free,0,0,No IEP,105,0.96
467,2,Casey,Lee,2020-09-02,Male,2023-12-06,1,Full Price,1,0,No IEP,23,0.55
468,2,Kendrick,Jones,2009-06-24,Female,2023-01-29,1,Reduced,0,0,Current IEP,60,0.74
469,2,Harper,Williams,2007-02-01,Other,2022-07-12,0,Full Price,0,0,No IEP,98,0.7
470,2,Casey,Williams,2016-01-14,Other,2023-02-08,1,Free,1,0,No IEP,75,0.72
471,2,Alex,Williams,2013-03-07,Female,2023-11-04,1,Reduced,0,0,No IEP,77,0.9
472,2,Gabriel,Allen,2007-05-27,Female,2023-11-14,1,Reduced,0,0,No IEP,45,0.55
473,2,Oliver,Smith,2018-12-22,Male,2023-12-11,1,Full Price,0,0,No IEP,21,0.84
474,2,Gabriel,Davis,2007-10-06,Male,2022-10-20,1,Reduced,0,0,No IEP,55,0.95
475,2,Eden,Hall,2012-06-01,Female,2023-02-05,1,Reduced,0,0,No IEP,97,0.89
476,2,Gabriel,White,2007-10-24,Female,2024-05-08,1,Full Price,0,0,No IEP,62,0.9
477,2,Finley,Lee,2007-11-10,Other,2024-03-17,1,Reduced,0,0,No IEP,107,0.89
478,2,Kendrick,White,2011-05-18,Female,2024-01-14,1,Free,0,0,No IEP,67,0.92
479,2,Dakota,Hall,2016-03-20,Female,2022-10-16,1,Reduced,0,0,Current IEP,103,0.94
480,2,Kendrick,Walker,2010-10-16,Other,2024-03-17,1,Free,0,0,No IEP,63,0.74
481,2,Jordan,Davis,2014-07-14,Other,2023-11-02,1,Free,0,0,No IEP,83,0.62
482,2,Kendrick,Brown,2016-05-15,Female,2022-08-04,1,Reduced,0,0,No IEP,81,0.96
483,2,Morgan,Garcia,2006-06-20,Male,2024-01-19,1,Free,0,1,No IEP,25,0.76
484,2,Casey,Allen,2017-06-25,Male,2024-01-10,1,Reduced,0,0,No IEP,61,0.89
485,2,Bailey,Davis,2008-08-02,Male,2022-11-10,1,Free,0,0,No IEP,83,0.89
486,2,Bailey,Miller,2011-04-19,Female,2023-04-24,0,Reduced,0,0,Current IEP,86,0.96
487,2,Isaiah,Lee,2008-04-11,Female,2023-04-14,1,Reduced,0,0,Current IEP,48,0.94
488,2,Jordan,Miller,2016-10-27,Female,2022-12-17,1,Free,0,0,Current IEP,83,0.88
489,2,Morgan,Garcia,2010-08-16,Other,2023-10-15,1,Full Price,0,0,No IEP,64,0.96
490,2,Dakota,Johnson,2007-06-07,Other,2024-05-24,1,Reduced,0,1,No IEP,89,0.88
491,2,Alex,White,2006-03-01,Male,2023-07-25,1,Free,0,0,No IEP,81,0.91
492,2,Oliver,Allen,2010-03-01,Other,2024-05-01,1,Reduced,0,0,No IEP,77,0.95
493,2,Noah,White,2017-04-23,Other,2023-01-20,0,Free,0,0,No IEP,44,0.91
494,2,Logan,Rodriguez,2008-03-27,Other,2023-05-08,1,Reduced,0,0,No IEP,75,0.93
495,2,Eden,Lee,2015-09-21,Other,2023-09-08,1,Full Price,1,0,No IEP,95,0.8
496,2,Finley,Davis,2017-11-23,Female,2023-04-15,1,Free,0,0,Current IEP,36,0.7
497,2,Gabriel,Smith,2014-09-26,Male,2022-07-22,1,Full Price,0,0,No IEP,83,0.95
498,2,Casey,Martinez,2010-08-04,Female,2023-10-23,1,Reduced,1,0,No IEP,71,0.54
499,2,Alex,Martinez,2011-12-16,Female,2023-10-24,1,Full Price,0,0,Current IEP,59,0.77
500,2,Dakota,Young,2016-07-24,Female,2023-01-08,1,Full Price,1,0,No IEP,106,0.93
501,2,Finley,Young,2019-05-23,Other,2023-02-17,1,Full Price,0,1,No IEP,46,0.95
502,2,Gabriel,White,2017-08-08,Male,2022-12-12,1,Reduced,0,0,No IEP,67,0.9
503,2,Alex,Young,2010-08-12,Other,2023-11-19,1,Reduced,0,0,No IEP,49,0.55
504,2,Harper,Jones,2012-02-01,Male,2023-01-25,1,Free,0,0,No IEP,16,0.76
505,2,Logan,Johnson,2014-09-26,Male,2023-08-29,1,Reduced,0,1,Current IEP,62,0.72
506,2,Casey,Jones,2008-11-05,Other,2023-07-02,1,Full Price,0,0,No IEP,97,0.73
507,2,Morgan,Smith,2008-04-22,Other,2023-09-15,1,Free,0,0,No IEP,76,0.75
508,2,Noah,Smith,2008-07-03,Other,2023-01-20,1,Full Price,1,0,No IEP,78,0.8
509,2,Eden,White,2012-06-03,Other,2023-08-11,1,Free,0,0,No IEP,65,0.93
510,2,Kendrick,Allen,2010-05-09,Other,2023-08-21,1,Reduced,0,0,No IEP,99,0.91
511,2,Jordan,Davis,2018-04-20,Other,2023-07-27,1,Free,0,0,No IEP,45,0.61
512,2,Alex,Williams,2013-04-26,Female,2023-08-21,1,Reduced,0,0,No IEP,97,0.89
513,2,Dakota,Walker,2015-01-02,Male,2023-03-21,1,Reduced,0,0,Current IEP,40,0.63
514,2,Isaiah,Walker,2016-04-05,Male,2023-03-18,1,Free,0,0,No IEP,49,0.89
515,2,Harper,Davis,2009-08-20,Male,2022-11-17,1,Full Price,0,1,No IEP,72,0.95
516,2,Morgan,Smith,2012-09-25,Female,2022-10-09,1,Reduced,0,0,No IEP,96,0.9
517,2,Morgan,Miller,2006-04-11,Female,2022-12-30,1,Free,0,0,No IEP,66,0.79
518,2,Parker,Allen,2013-12-15,Female,2024-04-30,1,Free,0,0,Evaluation Pending,79,0.95
519,2,Casey,Garcia,2013-02-20,Other,2023-12-15,1,Free,0,0,No IEP,49,0.62
520,2,Finley,Rodriguez,2008-09-16,Female,2023-03-05,1,Free,0,0,No IEP,52,0.91
521,2,Alex,Lee,2007-03-25,Female,2024-02-11,1,Free,0,1,No IEP,52,0.82
522,2,Harper,Garcia,2006-11-20,Male,2023-01-30,1,Free,1,0,No IEP,42,0.79
523,2,Morgan,Martinez,2016-09-14,Male,2023-04-16,1,Reduced,0,0,No IEP,76,0.77
524,2,Eden,Young,2011-10-26,Other,2023-07-24,1,Full Price,0,0,Current IEP,36,0.74
525,2,Dakota,Rodriguez,2020-06-02,Female,2023-03-02,1,Free,0,0,No IEP,56,0.93
526,2,Dakota,Jones,2011-12-23,Other,2022-12-17,1,Free,0,0,No IEP,70,0.67
527,2,Noah,Johnson,2012-11-25,Other,2023-06-17,1,Reduced,1,0,Current IEP,87,0.91
528,2,Harper,Johnson,2012-01-10,Male,2023-06-21,1,Free,0,0,No IEP,77,0.94
529,2,Harper,Young,2008-03-22,Female,2023-03-14,1,Reduced,0,0,No IEP,74,0.54
530,2,Isaiah,Davis,2011-04-27,Male,2023-01-30,1,Free,0,0,Current IEP,104,0.93
531,2,Oliver,Jones,2012-02-23,Other,2024-04-02,1,Reduced,0,0,No IEP,94,0.74
532,2,Kendrick,Walker,2009-02-10,Male,2023-12-10,1,Full Price,0,0,No IEP,71,0.84
533,2,Alex,Jones,2012-09-14,Female,2023-09-27,1,Full Price,0,0,No IEP,59,0.75
534,2,Bailey,Garcia,2006-05-11,Male,2024-05-22,0,Reduced,0,0,No IEP,60,0.98
535,2,Isaiah,Garcia,2009-11-25,Other,2023-12-02,1,Reduced,0,0,No IEP,97,0.94
536,2,Harper,Rodriguez,2011-11-11,Male,2022-07-14,1,Free,0,1,No IEP,47,0.57
537,2,Noah,Brown,2007-11-22,Other,2023-12-25,1,Reduced,0,0,No IEP,37,0.95
538,2,Morgan,Lee,2006-08-05,Female,2023-05-18,1,Reduced,0,0,No IEP,43,0.71
539,2,Parker,Martinez,2019-04-24,Male,2023-11-18,1,Full Price,0,0,No IEP,2,0.58
540,2,Isaiah,Hall,2011-09-19,Other,2023-06-14,1,Free,0,0,No IEP,7,0.69
541,2,Noah,Young,2017-10-19,Male,2022-09-27,1,Full Price,0,0,Current IEP,78,0.59
542,2,Noah,Johnson,2019-02-26,Female,2024-04-15,1,Full Price,0,1,No IEP,89,0.91
543,2,Morgan,Lee,2017-03-18,Other,2022-08-08,1,Reduced,1,0,Current IEP,89,0.93
544,2,Jordan,Rodriguez,2006-09-23,Other,2024-02-13,1,Free,0,0,Current IEP,44,0.91
545,2,Dakota,White,2009-11-20,Female,2024-03-18,1,Free,1,0,No IEP,84,0.52
546,2,Gabriel,White,2014-11-12,Male,2023-09-11,1,Free,0,1,No IEP,89,0.82
547,2,Parker,Young,2018-07-11,Other,2023-04-08,1,Full Price,1,0,No IEP,43,0.6
548,2,Dakota,Jones,2006-08-16,Other,2022-07-14,1,Reduced,0,0,No IEP,95,0.96
549,2,Isaiah,Hall,2019-03-09,Female,2022-08-10,1,Full Price,0,0,No IEP,54,0.76
550,2,Logan,Brown,2017-02-09,Female,2023-07-22,1,Free,0,0,No IEP,60,0.57
551,2,Jordan,Brown,2006-07-25,Male,2023-08-15,1,Full Price,1,0,No IEP,58,0.84
552,2,Harper,Williams,2008-06-06,Male,2024-03-15,1,Reduced,0,0,No IEP,39,0.97
553,2,Parker,Davis,2009-01-14,Male,2024-01-16,1,Free,0,0,No IEP,48,0.76
554,2,Dakota,Hall,2015-10-07,Other,2023-03-30,1,Free,0,0,No IEP,94,0.94
555,2,Dakota,Smith,2016-11-07,Other,2023-09-13,1,Reduced,0,0,No IEP,40,0.74
556,2,Gabriel,Hall,2008-06-07,Other,2022-07-31,1,Reduced,0,0,No IEP,85,0.92
557,2,Eden,Rodriguez,2010-05-06,Female,2024-05-21,1,Reduced,0,1,No IEP,62,0.97
558,2,Alex,Davis,2010-11-16,Female,2022-08-04,1,Full Price,0,0,No IEP,53,0.74
559,2,Harper,Rodriguez,2017-05-26,Male,2023-05-11,1,Reduced,0,0,No IEP,61,0.95
560,2,Gabriel,Garcia,2014-02-24,Female,2023-11-19,1,Reduced,0,0,No IEP,78,0.98
561,2,Logan,White,2012-04-18,Female,2022-07-09,1,Reduced,0,0,No IEP,89,0.92
562,2,Eden,Davis,2020-12-07,Male,2024-01-05,1,Free,1,0,No IEP,50,0.92
563,2,Harper,Johnson,2010-08-23,Female,2022-08-05,1,Reduced,0,1,No IEP,77,0.71
564,2,Oliver,Garcia,2019-01-24,Male,2023-10-16,1,Reduced,0,0,No IEP,85,0.93
565,2,Gabriel,Walker,2009-11-25,Female,2024-04-08,1,Reduced,0,0,No IEP,83,0.73
566,2,Dakota,Allen,2012-04-23,Male,2024-05-17,1,Reduced,0,0,Current IEP,40,0.8
567,2,Noah,Garcia,2020-10-27,Female,2022-09-27,1,Free,0,0,No IEP,99,0.68
568,2,Dakota,White,2006-07-21,Other,2023-11-06,1,Full Price,1,0,No IEP,66,0.77
569,2,Isaiah,Martinez,2018-06-18,Male,2024-01-16,1,Free,0,0,No IEP,50,0.79
570,2,Finley,Martinez,2018-06-01,Male,2023-10-12,1,Full Price,0,0,No IEP,71,0.79
571,2,Logan,Johnson,2017-11-24,Other,2024-04-23,0,Free,0,0,No IEP,32,0.66
572,2,Casey,Jones,2020-03-27,Female,2022-12-25,1,Full Price,0,0,No IEP,74,0.89
573,2,Eden,Hall,2013-07-19,Male,2024-04-28,1,Free,0,0,No IEP,20,0.91
574,2,Noah,Young,2016-10-12,Male,2024-04-04,1,Full Price,0,0,No IEP,62,0.76
575,2,Isaiah,Martinez,2008-11-06,Other,2024-03-19,1,Reduced,0,0,No IEP,20,0.67
576,2,Jordan,Allen,2018-05-06,Male,2023-11-14,1,Reduced,0,0,No IEP,61,0.9
577,2,Finley,Walker,2014-06-25,Female,2023-03-10,1,Free,0,0,No IEP,44,0.55
578,2,Jordan,Smith,2011-04-24,Male,2022-11-15,1,Reduced,0,0,Evaluation Pending,74,0.97
579,2,Gabriel,Miller,2011-06-07,Other,2024-01-08,1,Free,0,0,No IEP,60,0.75
580,2,Casey,Miller,2008-08-07,Male,2024-02-10,1,Free,0,0,No IEP,39,0.77
581,2,Alex,Smith,2017-03-07,Male,2024-03-07,1,Free,1,0,No IEP,109,0.77
582,2,Dakota,Allen,2008-01-20,Other,2022-09-21,1,Free,0,0,No IEP,60,0.92
583,2,Kendrick,Smith,2010-10-05,Female,2022-09-14,1,Full Price,0,0,No IEP,31,0.63
584,2,Noah,Johnson,2008-06-21,Male,2024-03-10,1,Free,0,0,No IEP,54,0.92
585,2,Gabriel,Walker,2018-07-13,Other,2024-04-07,1,Full Price,1,0,No IEP,61,0.89
586,2,Dakota,White,2011-11-28,Female,2023-10-20,1,Reduced,0,0,Evaluation Pending,32,0.55
587,2,Harper,White,2019-11-18,Other,2023-08-28,1,Free,1,0,No IEP,50,0.91
588,2,Jordan,Rodriguez,2017-10-06,Male,2024-01-18,1,Reduced,0,0,No IEP,25,0.8
589,2,Oliver,Williams,2015-09-10,Male,2022-10-16,1,Free,0,0,No IEP,76,0.79
590,2,Dakota,Garcia,2011-04-10,Male,2022-10-24,1,Reduced,0,0,No IEP,30,0.68
591,2,Gabriel,Rodriguez,2015-09-24,Male,2024-05-01,1,Free,0,0,No IEP,107,0.94
592,2,Dakota,Jones,2009-12-19,Other,2022-12-09,1,Free,0,0,No IEP,48,0.67
593,2,Gabriel,Smith,2018-09-16,Female,2023-05-23,1,Full Price,0,0,No IEP,72,0.91
594,2,Isaiah,Johnson,2011-01-27,Male,2022-10-17,1,Free,1,0,No IEP,51,0.9
595,2,Alex,Johnson,2012-02-13,Other,2023-04-22,1,Reduced,1,0,No IEP,20,0.98
596,2,Bailey,Walker,2017-04-21,Female,2023-06-30,1,Full Price,0,0,No IEP,26,0.67
597,2,Parker,White,2006-07-02,Male,2023-02-20,1,Full Price,1,0,No IEP,96,0.76
598,2,Finley,Miller,2020-06-13,Male,2022-12-05,1,Full Price,0,0,Evaluation Pending,74,0.9
599,2,Eden,Young,2020-08-18,Other,2023-12-08,1,Free,0,0,Current IEP,71,0.7
600,2,Dakota,Allen,2014-05-10,Male,2023-07-26,1,Free,0,1,No IEP,59,0.98
601,2,Finley,Brown,2007-11-07,Female,2023-12-31,1,Full Price,0,0,No IEP,97,0.9
602,2,Kendrick,Allen,2013-01-11,Male,2022-09-11,1,Reduced,0,0,No IEP,66,0.73
603,2,Eden,Smith,2014-06-25,Male,2022-08-12,1,Free,0,0,No IEP,61,0.95
604,2,Isaiah,Hall,2011-10-05,Other,2023-06-24,1,Reduced,0,1,No IEP,71,0.64
605,2,Jordan,Smith,2011-03-05,Male,2022-10-21,1,Full Price,0,0,No IEP,67,0.84
606,2,Casey,Williams,2019-05-12,Female,2022-11-16,1,Reduced,0,0,No IEP,69,0.74
607,2,Oliver,Martinez,2016-07-25,Male,2023-02-28,1,Free,0,0,No IEP,32,0.78
608,2,Gabriel,White,2014-12-02,Other,2023-01-06,1,Reduced,1,0,No IEP,62,0.79
609,2,Oliver,Johnson,2018-01-22,Male,2023-09-24,1,Full Price,0,0,No IEP,64,0.8
610,2,Eden,Martinez,2010-07-27,Male,2023-09-10,1,Free,0,0,Current IEP,48,0.79
611,2,Kendrick,Hall,2011-03-19,Male,2023-04-06,1,Reduced,0,0,No IEP,41,0.68
612,2,Kendrick,Smith,2018-10-11,Female,2023-05-12,1,Free,0,1,No IEP,38,0.95
613,2,Kendrick,Davis,2015-05-26,Male,2024-01-23,1,Free,0,1,No IEP,98,0.71
614,2,Dakota,Davis,2007-07-15,Female,2023-06-25,0,Full Price,0,0,No IEP,83,0.95
615,2,Parker,Johnson,2016-10-24,Male,2024-02-03,1,Free,0,0,No IEP,51,0.92
616,2,Noah,Young,2014-09-15,Female,2023-06-03,1,Free,0,0,No IEP,62,0.61
617,2,Eden,Rodriguez,2017-10-04,Male,2022-07-09,1,Reduced,0,0,No IEP,55,0.76
618,2,Dakota,Lee,2020-06-03,Male,2024-04-14,0,Free,1,0,No IEP,24,0.73
619,2,Parker,Davis,2014-07-15,Other,2023-11-20,1,Reduced,0,0,No IEP,74,0.97
620,2,Dakota,Jones,2008-04-27,Male,2023-05-15,1,Reduced,0,0,No IEP,82,0.74
621,2,Finley,White,2015-07-17,Other,2024-02-20,1,Reduced,0,0,No IEP,20,0.6
622,2,Casey,Young,2011-07-22,Other,2023-09-01,1,Free,1,0,No IEP,85,0.91
623,2,Finley,Smith,2007-06-06,Male,2022-08-03,1,Full Price,0,0,No IEP,61,0.9
624,2,Logan,Davis,2008-10-28,Other,2024-02-11,1,Reduced,0,0,No IEP,85,0.94
625,2,Parker,Brown,2016-03-15,Other,2023-02-05,1,Full Price,0,0,No IEP,87,0.96
626,2,Kendrick,Jones,2007-10-18,Other,2023-12-11,1,Free,0,0,No IEP,23,0.62
627,2,Oliver,Young,2018-06-22,Male,2023-05-17,1,Reduced,0,0,No IEP,60,0.73
628,2,Harper,Hall,2009-11-03,Other,2022-08-11,1,Reduced,1,1,No IEP,60,0.84
629,2,Logan,Smith,2008-02-10,Male,2023-10-22,1,Reduced,0,0,No IEP,99,0.83
630,2,Eden,Brown,2009-04-06,Male,2024-05-19,1,Full Price,0,0,No IEP,77,0.95
631,2,Eden,Lee,2008-11-24,Other,2024-03-31,1,Full Price,0,0,No IEP,31,0.92
632,2,Dakota,Jones,2006-05-06,Male,2023-07-29,1,Free,0,0,No IEP,76,0.9
633,2,Logan,Walker,2020-12-13,Male,2023-06-14,1,Reduced,1,0,No IEP,99,0.98
634,2,Logan,Lee,2015-09-12,Female,2022-09-22,1,Full Price,0,1,Current IEP,59,0.88
635,2,Bailey,Young,2020-12-24,Male,2023-12-17,1,Full Price,1,0,No IEP,17,0.58
636,2,Jordan,Johnson,2010-04-02,Male,2022-11-28,0,Free,0,0,No IEP,71,0.91
637,2,Noah,Garcia,2018-04-09,Female,2022-08-08,1,Free,0,0,No IEP,66,0.75
638,2,Dakota,Young,2006-07-09,Male,2022-11-03,1,Reduced,1,1,No IEP,21,0.6
639,2,Bailey,Allen,2017-08-04,Male,2022-07-08,1,Reduced,0,0,No IEP,61,0.88
640,2,Logan,Walker,2010-08-14,Other,2023-05-21,1,Free,1,0,No IEP,104,0.9
641,2,Noah,Jones,2009-02-12,Other,2022-07-07,1,Free,1,0,No IEP,83,0.9
642,2,Parker,Young,2006-02-09,Male,2023-08-26,0,Reduced,0,0,Current IEP,66,0.98
643,2,Bailey,Rodriguez,2007-11-27,Other,2022-10-26,1,Full Price,0,0,Evaluation Pending,84,0.91
644,2,Morgan,Brown,2016-03-07,Female,2023-10-08,1,Free,0,0,No IEP,73,0.92
645,2,Oliver,Smith,2008-02-23,Female,2023-06-29,1,Reduced,0,0,No IEP,63,0.85
646,2,Isaiah,Brown,2013-09-26,Male,2024-04-02,1,Reduced,0,0,No IEP,68,0.72
647,2,Jordan,Smith,2020-02-18,Female,2022-10-04,1,Free,1,0,No IEP,62,0.71
648,2,Isaiah,Johnson,2020-07-16,Female,2023-05-26,1,Free,0,0,No IEP,63,0.77
649,2,Finley,Allen,2007-09-17,Male,2023-07-23,1,Full Price,0,0,Current IEP,71,0.8
650,2,Logan,Allen,2013-01-16,Other,2022-07-14,1,Free,0,0,No IEP,74,0.92
651,2,Jordan,Johnson,2014-10-14,Other,2023-10-08,1,Full Price,0,0,No IEP,56,0.96
652,2,Logan,Davis,2020-11-14,Female,2022-09-06,1,Free,0,0,No IEP,64,0.91
653,2,Oliver,Williams,2009-07-01,Other,2023-08-26,1,Free,1,0,No IEP,68,0.73
654,2,Noah,Smith,2020-06-06,Male,2023-09-13,0,Free,0,1,No IEP,59,0.72
655,2,Bailey,Miller,2019-12-10,Female,2024-05-02,0,Reduced,0,1,No IEP,95,0.74
656,2,Alex,Hall,2013-08-27,Other,2024-03-19,1,Free,0,0,No IEP,82,0.94
657,2,Harper,Hall,2007-12-20,Other,2023-10-06,1,Full Price,0,0,Current IEP,89,0.92
658,2,Parker,Walker,2007-04-23,Female,2023-06-24,1,Free,1,0,No IEP,54,0.66
659,2,Eden,Brown,2017-09-19,Female,2024-03-22,1,Reduced,0,1,No IEP,59,0.82
660,2,Isaiah,Allen,2016-07-16,Female,2022-07-28,1,Full Price,0,1,No IEP,72,0.98
661,2,Harper,Miller,2010-09-26,Other,2023-07-07,0,Free,0,0,No IEP,65,0.92
662,2,Bailey,Smith,2020-12-22,Female,2023-04-30,1,Free,0,0,Current IEP,82,0.75
663,2,Finley,Martinez,2018-12-04,Male,2023-02-17,1,Full Price,0,0,No IEP,67,0.77
664,2,Parker,Jones,2014-04-28,Male,2022-08-09,1,Reduced,0,0,No IEP,60,0.97
665,2,Gabriel,Martinez,2006-04-24,Female,2023-08-19,1,Reduced,0,0,No IEP,66,0.83
666,2,Harper,Lee,2014-05-12,Female,2024-04-05,0,Reduced,0,0,No IEP,65,0.63
667,2,Jordan,White,2016-11-20,Other,2023-02-01,1,Free,0,0,No IEP,52,0.83
668,2,Parker,Walker,2009-12-01,Other,2022-07-14,1,Full Price,1,0,Current IEP,52,0.88
669,2,Harper,Lee,2019-04-10,Male,2024-04-12,0,Full Price,0,0,No IEP,53,0.94
670,3,Logan,Martinez,2007-05-14,Male,2023-04-15,1,Free,0,0,No IEP,68,0.97
671,3,Dakota,Jones,2015-09-15,Other,2022-08-29,1,Free,0,0,No IEP,48,0.94
672,3,Eden,White,2015-02-09,Female,2023-03-16,1,Free,0,0,No IEP,108,0.9
673,3,Harper,Davis,2015-10-26,Male,2022-11-18,1,Free,0,0,No IEP,86,0.9
674,3,Eden,Brown,2020-01-27,Male,2023-12-16,0,Free,0,1,No IEP,99,0.9
675,3,Morgan,Brown,2012-01-18,Male,2023-02-07,1,Free,0,1,No IEP,61,0.88
676,3,Noah,Jones,2017-04-11,Female,2023-09-27,1,Full Price,0,0,No IEP,94,0.8
677,3,Morgan,Young,2006-02-11,Male,2023-11-03,1,Free,0,0,No IEP,80,0.96
678,3,Jordan,Smith,2010-08-18,Female,2024-02-20,1,Reduced,0,0,No IEP,36,0.56
679,3,Morgan,Garcia,2013-07-20,Female,2024-04-12,1,Reduced,0,0,No IEP,60,0.94
680,3,Finley,Walker,2016-08-28,Male,2022-10-23,1,Full Price,1,0,No IEP,38,0.63
681,3,Casey,Smith,2007-10-12,Male,2024-01-10,1,Full Price,0,0,Current IEP,65,0.98
682,3,Eden,Martinez,2007-02-20,Other,2023-02-08,1,Full Price,0,0,No IEP,64,0.8
683,3,Eden,Brown,2013-09-12,Other,2023-06-17,1,Reduced,0,0,No IEP,61,0.96
684,3,Morgan,Davis,2008-12-11,Female,2024-05-22,1,Free,0,0,No IEP,82,0.97
685,3,Finley,Garcia,2019-12-09,Other,2023-01-29,1,Free,0,1,Current IEP,108,0.94
686,3,Alex,Garcia,2014-08-26,Male,2023-05-08,1,Reduced,0,0,No IEP,1,0.92
687,3,Alex,Smith,2006-08-09,Other,2023-05-19,1,Reduced,0,0,No IEP,57,0.94
688,3,Noah,Walker,2017-03-20,Female,2023-06-24,1,Reduced,1,0,No IEP,73,0.72
689,3,Kendrick,Johnson,2015-03-12,Other,2022-12-14,1,Reduced,0,1,Current IEP,97,0.91
690,3,Noah,Johnson,2009-12-14,Female,2023-05-22,1,Reduced,0,0,Current IEP,68,0.82
691,3,Jordan,Hall,2020-03-18,Male,2022-11-17,1,Free,0,0,No IEP,68,0.9
692,3,Kendrick,Lee,2012-02-02,Female,2023-05-22,1,Free,1,0,No IEP,65,0.92
693,3,Oliver,Hall,2009-01-22,Other,2024-02-12,1,Reduced,0,0,Current IEP,91,0.93
694,3,Logan,Johnson,2011-01-06,Female,2023-08-24,1,Reduced,1,0,No IEP,71,0.85
695,3,Jordan,Johnson,2019-08-04,Female,2023-11-19,1,Full Price,0,0,Current IEP,95,0.63
696,3,Gabriel,Rodriguez,2017-12-01,Male,2022-09-28,1,Reduced,1,0,Current IEP,70,0.63
697,3,Harper,Lee,2020-10-20,Male,2023-10-18,1,Free,0,0,No IEP,68,0.85
698,3,Noah,Johnson,2015-02-18,Female,2023-06-11,1,Reduced,1,0,No IEP,45,0.7
699,3,Logan,Davis,2013-01-01,Female,2022-12-29,1,Free,0,0,No IEP,52,0.84
700,3,Isaiah,Garcia,2009-10-02,Other,2023-12-12,1,Full Price,0,0,No IEP,70,0.9
701,3,Harper,Smith,2010-11-25,Other,2023-06-21,1,Reduced,0,1,Current IEP,81,0.96
702,3,Oliver,Lee,2007-10-18,Other,2024-02-24,1,Full Price,0,1,No IEP,67,0.89
703,3,Eden,Young,2015-06-12,Other,2023-03-18,1,Free,0,0,No IEP,56,0.98
704,3,Finley,Brown,2008-11-26,Other,2024-05-23,1,Free,0,0,No IEP,91,0.91
705,3,Casey,Lee,2014-10-24,Female,2022-10-16,1,Reduced,0,1,No IEP,90,0.94
706,3,Eden,White,2006-03-26,Other,2024-04-03,1,Full Price,0,1,No IEP,85,0.77
707,3,Harper,Jones,2014-11-05,Male,2024-01-04,1,Free,0,0,No IEP,47,0.89
708,3,Alex,Jones,2008-01-21,Male,2022-12-04,1,Free,0,0,No IEP,81,0.98
709,3,Noah,Lee,2008-01-14,Female,2023-03-02,1,Free,0,1,No IEP,62,0.72
710,3,Alex,Garcia,2015-10-03,Female,2023-10-01,1,Full Price,0,1,No IEP,97,0.92
711,3,Isaiah,Williams,2019-10-13,Female,2022-09-10,1,Reduced,0,0,No IEP,22,0.84
712,3,Bailey,Hall,2013-04-23,Female,2024-05-10,1,Free,0,0,No IEP,65,0.97
713,3,Harper,Allen,2010-06-01,Female,2022-10-07,1,Free,0,0,No IEP,54,0.88
714,3,Kendrick,Martinez,2008-11-05,Male,2023-03-07,1,Full Price,0,0,No IEP,91,0.98
715,3,Morgan,Martinez,2013-04-07,Other,2022-09-24,1,Free,1,0,Evaluation Pending,99,0.94
716,3,Casey,Williams,2013-12-27,Female,2023-11-15,1,Reduced,0,0,No IEP,90,0.9
717,3,Isaiah,Lee,2011-04-12,Male,2023-02-01,1,Reduced,0,0,No IEP,86,0.78
718,3,Alex,Lee,2017-10-10,Other,2022-09-24,1,Free,0,0,No IEP,86,0.51
719,3,Logan,Brown,2011-05-06,Female,2022-10-13,1,Full Price,1,0,No IEP,64,0.73
720,3,Noah,Davis,2014-11-25,Female,2022-10-05,1,Full Price,0,1,No IEP,42,0.66
721,3,Isaiah,Lee,2016-03-07,Female,2024-01-21,1,Reduced,0,0,Current IEP,68,0.84
722,3,Noah,Lee,2014-12-27,Male,2023-02-08,1,Reduced,0,0,No IEP,57,0.93
723,3,Eden,Young,2011-09-03,Male,2023-04-04,1,Free,0,0,No IEP,47,0.91
724,3,Jordan,Davis,2006-10-23,Male,2023-12-21,1,Free,0,0,No IEP,62,0.71
725,3,Alex,Garcia,2013-10-24,Other,2023-12-08,1,Full Price,0,0,Current IEP,93,0.92
726,3,Finley,Smith,2011-05-12,Female,2022-07-19,1,Full Price,0,0,No IEP,73,0.9
727,3,Finley,Hall,2008-10-16,Male,2023-10-05,1,Full Price,0,0,No IEP,61,0.85
728,3,Finley,Williams,2006-08-22,Other,2023-01-07,1,Reduced,0,0,No IEP,36,0.94
729,3,Alex,Brown,2013-10-10,Female,2023-11-01,1,Free,0,0,No IEP,54,0.9
730,3,Gabriel,Walker,2017-11-02,Female,2022-07-14,1,Full Price,0,0,No IEP,102,0.98
731,3,Jordan,Brown,2007-11-18,Female,2022-07-31,1,Full Price,1,0,No IEP,30,0.8
732,3,Parker,Johnson,2016-06-11,Female,2024-03-27,1,Full Price,0,0,No IEP,64,0.73
733,3,Morgan,Miller,2012-10-11,Female,2023-08-24,1,Free,0,0,No IEP,39,0.63
734,3,Eden,Rodriguez,2008-02-07,Other,2024-05-06,1,Reduced,0,0,No IEP,56,0.63
735,3,Finley,Jones,2015-08-21,Female,2022-08-01,1,Free,0,0,Current IEP,60,0.78
736,3,Jordan,Miller,2014-02-20,Male,2022-08-27,1,Free,0,1,No IEP,68,0.9
737,3,Morgan,Martinez,2017-05-19,Other,2022-10-10,1,Full Price,0,0,No IEP,72,0.89
738,3,Casey,Allen,2012-04-13,Female,2022-10-28,1,Full Price,0,0,No IEP,64,0.95
739,3,Oliver,Williams,2009-02-21,Other,2023-05-29,1,Free,0,0,No IEP,53,0.88
740,3,Casey,Lee,2017-10-10,Other,2023-05-11,1,Reduced,0,0,No IEP,70,0.91
741,3,Isaiah,Williams,2020-05-20,Male,2023-08-10,1,Full Price,0,0,No IEP,66,0.98
742,3,Finley,Jones,2017-04-02,Other,2023-09-03,1,Reduced,0,0,Current IEP,57,0.94
743,3,Oliver,Jones,2015-01-23,Male,2022-07-09,1,Reduced,1,0,Current IEP,88,0.97
744,3,Isaiah,Allen,2014-05-13,Male,2023-06-03,1,Reduced,0,0,No IEP,46,0.77
745,3,Kendrick,Lee,2017-11-22,Female,2023-05-26,1,Reduced,0,0,Current IEP,31,0.83
746,3,Logan,Johnson,2015-04-10,Male,2023-10-14,1,Reduced,0,0,No IEP,94,0.94
747,3,Morgan,Smith,2009-01-18,Other,2023-11-07,1,Reduced,1,0,No IEP,54,0.92
748,3,Gabriel,Lee,2015-01-05,Male,2024-04-03,1,Full Price,0,1,No IEP,41,0.69
749,3,Eden,Jones,2014-10-26,Male,2022-09-08,0,Free,0,0,No IEP,96,0.9
750,3,Logan,Smith,2009-08-28,Female,2024-05-14,1,Reduced,0,0,No IEP,53,0.92
751,3,Parker,Garcia,2020-04-01,Male,2024-03-27,1,Full Price,0,1,No IEP,45,0.71
752,3,Eden,Rodriguez,2013-01-12,Male,2024-03-16,1,Full Price,0,0,No IEP,99,0.82
753,3,Finley,Martinez,2014-01-13,Female,2023-02-06,1,Free,0,0,No IEP,81,0.77
754,3,Morgan,Hall,2013-09-10,Other,2022-08-19,1,Reduced,0,0,No IEP,48,0.51
755,3,Harper,Walker,2016-12-18,Female,2023-11-14,1,Reduced,1,0,Current IEP,61,0.71
756,3,Isaiah,Walker,2007-03-20,Female,2023-02-14,1,Full Price,1,1,No IEP,87,0.88
757,3,Finley,Hall,2020-11-11,Other,2023-01-06,1,Reduced,0,0,No IEP,94,0.94
758,3,Parker,Lee,2009-01-09,Female,2024-05-23,0,Free,0,0,No IEP,73,0.91
759,3,Noah,Miller,2014-03-20,Other,2022-06-24,1,Free,0,0,No IEP,59,0.75
760,3,Alex,Walker,2018-10-24,Male,2023-12-02,1,Free,1,0,Current IEP,45,0.7
761,3,Eden,Allen,2018-03-27,Other,2023-03-31,1,Reduced,0,1,No IEP,42,0.75
762,3,Bailey,Johnson,2011-05-19,Other,2022-07-15,1,Free,0,1,No IEP,58,0.95
763,3,Noah,Allen,2008-09-16,Female,2023-12-21,1,Free,0,1,No IEP,32,0.57
764,3,Parker,Young,2014-11-17,Female,2022-11-21,1,Free,0,0,No IEP,24,0.65
765,3,Eden,Allen,2012-03-06,Male,2023-08-10,1,Free,0,1,No IEP,96,0.96
766,3,Parker,Young,2010-03-27,Female,2022-11-27,1,Reduced,0,0,No IEP,41,0.77
767,3,Finley,Smith,2016-01-01,Female,2023-12-12,1,Reduced,0,0,No IEP,63,0.93
768,3,Finley,Allen,2019-10-06,Other,2024-02-16,1,Full Price,1,0,No IEP,0,0.73
769,3,Morgan,Miller,2012-04-27,Female,2023-12-09,1,Reduced,0,0,Current IEP,86,0.83
770,3,Finley,Miller,2014-04-23,Other,2023-04-08,1,Reduced,0,0,No IEP,47,0.92
771,3,Parker,White,2020-07-04,Other,2023-11-15,0,Full Price,0,0,No IEP,69,0.71
772,3,Dakota,Walker,2016-10-14,Other,2022-11-20,1,Reduced,0,0,No IEP,64,0.89
773,3,Logan,Brown,2008-03-11,Female,2022-07-03,1,Reduced,0,0,No IEP,12,0.58
774,3,Isaiah,White,2011-03-25,Other,2023-10-09,1,Reduced,0,1,No IEP,76,0.88
775,3,Jordan,Hall,2015-05-03,Other,2023-04-15,1,Reduced,0,0,No IEP,68,0.96
776,3,Alex,Martinez,2009-05-11,Male,2023-08-03,1,Free,0,0,No IEP,88,0.75
777,3,Finley,Martinez,2011-09-27,Female,2023-12-01,1,Free,0,0,No IEP,30,0.89
778,3,Dakota,Walker,2014-07-28,Male,2023-11-12,0,Full Price,0,0,No IEP,90,0.91
779,3,Alex,Walker,2006-07-10,Male,2023-10-20,1,Full Price,0,0,No IEP,25,0.65
780,3,Bailey,Smith,2019-02-21,Male,2023-07-28,1,Full Price,1,0,Current IEP,69,0.96
781,3,Logan,Garcia,2010-05-02,Female,2023-09-09,1,Full Price,1,0,No IEP,49,0.58
782,3,Jordan,Young,2012-01-09,Female,2023-01-21,1,Full Price,0,0,No IEP,46,0.54
783,3,Eden,Rodriguez,2011-06-24,Female,2022-09-21,1,Free,0,0,No IEP,46,0.71
784,3,Oliver,White,2017-03-14,Female,2023-09-12,1,Reduced,0,0,No IEP,62,0.69
785,3,Dakota,Lee,2016-08-12,Other,2023-07-01,1,Free,0,1,No IEP,72,0.95
786,3,Jordan,Young,2006-09-24,Other,2023-05-19,1,Free,0,0,No IEP,51,0.93
787,3,Alex,Davis,2015-04-04,Other,2023-07-22,1,Free,0,0,No IEP,79,0.91
788,3,Finley,White,2016-09-16,Male,2022-12-08,0,Full Price,0,0,No IEP,92,0.88
789,3,Bailey,Brown,2008-09-19,Male,2024-01-20,1,Reduced,0,0,No IEP,64,0.96
790,3,Eden,Martinez,2007-07-21,Female,2023-01-20,1,Full Price,1,0,No IEP,66,0.62
791,3,Kendrick,Garcia,2006-02-23,Male,2024-04-17,1,Reduced,0,0,No IEP,38,0.75
792,3,Oliver,Garcia,2010-09-12,Female,2023-04-21,1,Reduced,0,0,Current IEP,58,0.74
793,3,Casey,Jones,2017-05-17,Other,2024-02-01,1,Reduced,0,0,No IEP,80,0.89
794,3,Parker,Garcia,2020-09-13,Other,2023-06-23,1,Free,0,1,No IEP,88,0.98
795,3,Kendrick,Smith,2011-01-24,Other,2023-03-07,1,Full Price,0,0,No IEP,81,0.79
796,3,Logan,Williams,2019-11-27,Other,2024-02-07,1,Reduced,0,0,No IEP,69,0.91
797,3,Alex,Davis,2017-09-05,Other,2024-05-12,1,Free,0,0,No IEP,85,0.95
798,3,Bailey,Jones,2017-05-07,Other,2023-03-15,1,Reduced,0,0,No IEP,20,0.57
799,3,Logan,Davis,2014-10-02,Other,2023-01-02,0,Free,0,0,No IEP,46,0.92
800,3,Finley,Walker,2012-06-26,Male,2024-02-22,1,Free,0,0,No IEP,64,0.9
801,3,Alex,Lee,2008-04-10,Male,2022-12-21,1,Free,0,1,No IEP,97,0.93
802,3,Jordan,Allen,2012-05-02,Female,2024-03-07,1,Free,0,0,No IEP,11,0.64
803,3,Oliver,Brown,2009-09-25,Other,2024-05-16,1,Free,0,1,No IEP,57,0.92
804,3,Finley,Garcia,2018-09-18,Female,2024-04-09,1,Reduced,0,0,No IEP,66,0.96
805,3,Gabriel,Smith,2011-11-14,Other,2024-01-31,1,Full Price,0,0,No IEP,83,0.82
806,3,Parker,Young,2019-11-24,Female,2023-08-21,1,Free,0,0,No IEP,80,0.97
807,3,Noah,Smith,2013-03-18,Male,2024-05-10,1,Free,0,0,Current IEP,81,0.88
808,3,Casey,Smith,2007-01-23,Other,2022-07-24,1,Reduced,0,1,No IEP,83,0.79
809,3,Eden,Jones,2010-05-18,Female,2023-05-10,0,Reduced,0,0,No IEP,103,0.8
810,3,Gabriel,Garcia,2010-07-04,Male,2022-10-14,1,Reduced,1,0,No IEP,62,0.89
811,3,Bailey,Lee,2007-04-13,Female,2023-04-30,1,Free,0,0,No IEP,47,0.93
812,3,Alex,Young,2006-04-20,Female,2024-05-14,1,Full Price,1,0,No IEP,57,0.7
813,3,Isaiah,Lee,2007-12-25,Female,2023-10-28,1,Full Price,0,1,No IEP,66,0.81
814,3,Eden,Garcia,2018-06-05,Male,2024-03-15,1,Free,0,0,No IEP,60,0.91
815,3,Gabriel,Garcia,2018-07-21,Other,2024-03-01,1,Free,0,0,No IEP,40,0.75
816,3,Dakota,Hall,2013-01-05,Male,2022-09-15,1,Reduced,0,0,No IEP,88,0.98
817,3,Parker,Allen,2019-09-22,Female,2024-02-21,1,Reduced,0,0,No IEP,46,0.76
818,3,Parker,Rodriguez,2010-10-28,Other,2023-07-10,1,Reduced,1,0,No IEP,60,0.73
819,3,Isaiah,Allen,2018-05-15,Male,2022-11-30,1,Free,0,0,No IEP,93,0.98
820,3,Logan,Lee,2012-01-07,Male,2023-11-15,0,Free,0,0,No IEP,40,0.98
821,3,Dakota,Hall,2017-01-01,Other,2023-04-08,1,Full Price,0,0,No IEP,69,0.88
822,3,Bailey,Hall,2019-01-18,Other,2023-09-27,1,Reduced,0,1,No IEP,47,0.77
823,3,Harper,Davis,2020-07-04,Male,2022-11-11,1,Free,0,0,No IEP,64,0.88
824,3,Alex,Miller,2007-11-09,Other,2023-07-04,0,Free,0,0,No IEP,39,0.76
825,3,Bailey,Brown,2006-01-18,Male,2023-02-22,1,Reduced,1,0,No IEP,59,0.74
826,3,Morgan,Jones,2020-01-17,Female,2024-02-21,1,Free,0,0,No IEP,72,0.63
827,3,Dakota,Jones,2009-09-23,Female,2023-05-23,1,Free,0,1,No IEP,73,0.9
828,3,Isaiah,Allen,2016-07-01,Male,2023-06-24,1,Reduced,0,0,No IEP,50,0.97
829,3,Logan,Smith,2017-08-24,Female,2023-11-27,1,Free,0,0,No IEP,42,0.85
830,3,Jordan,Hall,2018-01-04,Other,2023-09-03,1,Free,0,0,No IEP,50,0.56
831,3,Kendrick,Brown,2009-12-22,Male,2023-07-13,1,Reduced,0,0,No IEP,62,0.91
832,3,Oliver,Allen,2012-09-15,Other,2023-03-23,1,Free,0,0,No IEP,76,0.84
833,3,Jordan,Jones,2016-03-08,Female,2023-12-13,1,Full Price,0,0,No IEP,73,0.88
834,3,Isaiah,Garcia,2017-01-13,Other,2023-05-03,1,Full Price,0,1,No IEP,71,0.91
835,3,Kendrick,Rodriguez,2016-09-28,Other,2022-09-05,1,Reduced,0,0,No IEP,63,0.71
836,3,Logan,Rodriguez,2014-04-22,Other,2024-05-01,1,Full Price,0,0,No IEP,106,0.96
837,3,Bailey,Johnson,2012-04-06,Male,2024-04-02,1,Free,0,0,No IEP,58,0.96
838,3,Parker,Brown,2015-10-27,Female,2024-04-04,1,Reduced,1,0,Current IEP,34,0.88
839,3,Dakota,Rodriguez,2018-11-15,Other,2023-04-23,1,Free,1,0,No IEP,92,0.84
840,3,Alex,White,2013-03-25,Female,2023-06-11,1,Free,0,1,No IEP,48,0.89
841,3,Morgan,Martinez,2012-08-16,Male,2024-04-26,1,Reduced,0,1,No IEP,78,0.94
842,3,Bailey,Smith,2014-03-21,Female,2024-02-06,1,Free,0,0,No IEP,90,0.91
843,3,Isaiah,Hall,2008-11-16,Male,2023-12-10,1,Reduced,0,1,No IEP,101,0.88
844,3,Jordan,Jones,2007-07-03,Male,2023-09-16,1,Free,0,1,Current IEP,75,0.97
845,3,Eden,Rodriguez,2019-09-28,Female,2022-07-30,1,Free,1,0,No IEP,64,0.72
846,3,Morgan,Rodriguez,2015-07-23,Male,2024-03-09,1,Full Price,0,0,No IEP,85,0.71
847,3,Noah,Brown,2007-06-16,Male,2024-02-19,1,Free,0,0,No IEP,0,0.68
848,3,Isaiah,Jones,2018-07-28,Other,2024-03-07,0,Reduced,0,0,No IEP,97,0.89
849,3,Logan,Williams,2006-08-04,Male,2023-12-19,1,Free,0,0,No IEP,54,0.95
850,3,Finley,Young,2010-05-27,Male,2022-07-27,1,Reduced,0,0,No IEP,63,0.95
851,3,Jordan,Johnson,2006-08-14,Female,2023-12-11,1,Free,0,0,No IEP,75,0.96
852,3,Eden,Miller,2013-09-14,Other,2024-03-16,1,Reduced,1,0,No IEP,93,0.73
853,3,Alex,Walker,2018-01-22,Other,2023-08-29,1,Reduced,1,0,No IEP,68,0.62
854,3,Parker,Young,2007-08-23,Female,2023-06-24,1,Free,0,0,No IEP,77,0.91
855,3,Finley,Jones,2009-08-04,Male,2022-12-02,1,Full Price,0,0,No IEP,52,0.97
856,3,Morgan,Davis,2015-01-12,Male,2024-01-22,1,Full Price,0,1,No IEP,101,0.89
857,3,Finley,Hall,2018-05-16,Male,2023-11-23,1,Reduced,0,0,Current IEP,42,0.7
858,3,Gabriel,Miller,2018-03-14,Female,2024-05-05,1,Full Price,0,0,No IEP,91,0.9
859,3,Morgan,Lee,2018-05-02,Male,2023-02-28,1,Reduced,0,0,No IEP,44,0.59
860,3,Dakota,Hall,2017-04-12,Other,2022-09-14,0,Full Price,0,0,No IEP,49,0.77
861,3,Logan,Smith,2012-08-24,Male,2023-03-22,1,Reduced,0,1,No IEP,65,0.77
862,3,Bailey,Garcia,2011-03-25,Male,2023-03-29,1,Full Price,0,0,No IEP,80,0.93
863,3,Finley,Davis,2006-06-03,Male,2023-08-12,1,Free,0,0,No IEP,59,0.62
864,3,Jordan,Miller,2006-10-07,Male,2024-01-29,1,Free,0,0,No IEP,73,0.56
865,3,Isaiah,Martinez,2012-02-06,Other,2024-01-10,1,Full Price,0,0,Current IEP,8,0.94
866,3,Finley,Williams,2015-01-13,Male,2022-09-17,1,Full Price,0,0,Current IEP,70,0.9
867,3,Eden,Allen,2011-05-16,Female,2022-08-26,1,Full Price,0,0,No IEP,101,0.9
868,3,Isaiah,Lee,2020-03-09,Male,2023-12-31,1,Reduced,1,0,No IEP,79,0.92
869,3,Oliver,White,2011-10-15,Other,2024-05-14,1,Reduced,0,0,No IEP,54,0.96
870,3,Dakota,Garcia,2019-12-01,Female,2024-01-11,1,Reduced,1,0,No IEP,41,0.74
871,3,Finley,Lee,2015-08-23,Other,2023-11-03,1,Full Price,0,0,No IEP,103,0.79
872,3,Morgan,Garcia,2014-01-24,Other,2023-05-23,1,Reduced,0,0,No IEP,88,0.95
873,3,Dakota,Garcia,2020-06-24,Other,2023-10-16,1,Reduced,0,0,No IEP,95,0.89
874,3,Jordan,Garcia,2014-10-01,Male,2023-03-30,1,Reduced,0,0,No IEP,44,0.63
875,3,Parker,Rodriguez,2008-11-02,Male,2023-04-01,1,Reduced,1,0,No IEP,64,0.68
876,3,Alex,Johnson,2009-07-01,Other,2023-05-11,1,Reduced,1,0,No IEP,88,0.89
877,3,Alex,Lee,2020-04-15,Male,2023-03-23,1,Reduced,0,0,No IEP,80,0.92
878,3,Jordan,Jones,2009-04-23,Male,2022-07-05,1,Free,0,1,No IEP,33,0.52
879,3,Isaiah,Rodriguez,2013-03-20,Male,2023-11-24,1,Full Price,0,0,No IEP,66,0.77
880,3,Finley,Rodriguez,2007-09-08,Female,2022-12-18,1,Full Price,1,0,No IEP,70,0.67
881,3,Logan,Davis,2011-07-27,Male,2023-03-13,1,Reduced,0,0,No IEP,83,0.92
882,3,Isaiah,Garcia,2012-02-13,Other,2023-08-26,1,Free,0,1,No IEP,20,0.5
883,3,Oliver,Martinez,2015-05-07,Female,2023-10-12,1,Reduced,1,0,No IEP,61,0.92
884,3,Casey,Walker,2019-11-10,Other,2023-05-31,1,Free,0,0,No IEP,94,0.83
885,3,Morgan,Smith,2006-05-08,Female,2023-12-24,1,Full Price,1,0,No IEP,62,0.72
886,3,Parker,Brown,2009-09-05,Male,2023-02-25,1,Reduced,0,0,No IEP,56,0.74
887,3,Bailey,Hall,2010-08-25,Male,2024-03-02,1,Free,0,0,No IEP,78,0.94
888,3,Eden,Jones,2015-02-23,Female,2022-12-26,1,Reduced,0,0,No IEP,86,0.96
889,3,Alex,White,2014-04-26,Other,2023-04-09,1,Full Price,0,0,No IEP,77,0.92
890,3,Casey,Young,2015-12-01,Other,2022-11-22,1,Full Price,0,0,No IEP,97,0.9
891,3,Alex,Brown,2008-05-12,Other,2024-04-24,1,Reduced,1,0,No IEP,49,0.84
892,3,Isaiah,Davis,2015-01-23,Male,2023-06-11,1,Reduced,0,1,No IEP,87,0.92
893,3,Bailey,Brown,2007-07-21,Female,2023-03-27,1,Reduced,0,0,No IEP,60,0.92
894,3,Bailey,Young,2014-01-07,Male,2024-02-19,1,Reduced,0,0,Current IEP,53,0.65
895,3,Kendrick,Smith,2007-11-28,Male,2023-02-14,1,Reduced,0,0,Current IEP,42,0.79
896,3,Morgan,Brown,2008-03-26,Female,2022-08-07,1,Free,0,0,No IEP,74,0.92
897,3,Gabriel,Lee,2009-10-13,Other,2022-08-24,1,Reduced,0,0,No IEP,30,0.66
898,3,Noah,Smith,2013-10-03,Male,2024-05-18,1,Reduced,0,0,Current IEP,30,0.56
899,3,Eden,Rodriguez,2015-01-12,Female,2023-02-17,1,Full Price,0,0,No IEP,60,0.92
900,3,Eden,Brown,2019-06-28,Other,2023-03-01,1,Full Price,0,0,Current IEP,84,0.98
901,3,Noah,Rodriguez,2012-10-03,Male,2023-03-31,1,Free,0,0,No IEP,43,0.55
902,3,Morgan,Allen,2016-07-03,Female,2023-11-28,1,Reduced,0,0,No IEP,40,0.54
903,3,Parker,Hall,2015-09-17,Female,2022-09-28,1,Reduced,0,0,No IEP,99,0.9
904,3,Gabriel,Williams,2010-03-05,Female,2024-01-21,0,Free,1,0,No IEP,58,0.93
905,3,Bailey,Rodriguez,2016-12-19,Male,2023-02-02,1,Free,0,0,No IEP,92,0.81
906,3,Eden,Rodriguez,2008-01-11,Other,2022-08-13,1,Reduced,1,0,No IEP,87,0.94
907,3,Eden,Johnson,2009-11-28,Female,2024-04-23,1,Free,1,0,No IEP,77,0.59
908,3,Jordan,Smith,2016-05-08,Female,2024-05-22,1,Free,0,0,No IEP,66,0.97
909,3,Logan,Johnson,2009-04-14,Male,2023-01-17,1,Full Price,0,1,No IEP,75,0.71
910,3,Finley,Rodriguez,2019-05-09,Female,2022-08-27,1,Reduced,0,0,No IEP,89,0.89
911,3,Casey,Williams,2017-08-21,Male,2022-11-24,1,Reduced,0,0,No IEP,62,0.75
912,3,Casey,Walker,2017-09-01,Female,2023-09-23,1,Reduced,0,0,No IEP,102,0.79
913,3,Alex,Johnson,2019-05-01,Other,2023-02-17,1,Full Price,1,0,Current IEP,59,0.92
914,3,Gabriel,Hall,2007-07-25,Male,2022-11-19,1,Reduced,1,0,Current IEP,50,0.55
915,3,Kendrick,Williams,2014-07-10,Other,2022-11-04,1,Reduced,0,0,No IEP,64,0.8
916,3,Noah,White,2012-01-17,Other,2024-01-10,1,Reduced,0,1,No IEP,43,0.59
917,3,Gabriel,Jones,2016-07-13,Male,2024-01-25,1,Reduced,0,0,No IEP,79,0.96
918,3,Alex,Lee,2018-04-20,Female,2023-04-12,1,Reduced,0,0,No IEP,51,0.95
919,3,Kendrick,Davis,2013-10-09,Female,2024-03-27,1,Reduced,0,0,No IEP,92,0.83
920,3,Alex,Jones,2008-06-16,Other,2023-09-13,1,Free,0,0,No IEP,59,0.88
921,3,Noah,Martinez,2020-01-20,Other,2024-04-01,1,Free,0,1,No IEP,60,0.9
922,3,Oliver,Walker,2008-10-15,Other,2024-03-25,1,Free,1,0,No IEP,83,0.89
923,3,Kendrick,Martinez,2012-05-21,Other,2024-04-12,1,Free,0,0,No IEP,28,0.72
924,3,Logan,Miller,2017-05-27,Female,2023-08-06,1,Free,0,0,No IEP,93,0.89
925,3,Noah,Jones,2016-05-18,Female,2023-05-11,0,Free,0,0,No IEP,47,0.51
926,3,Casey,Young,2020-04-22,Other,2023-04-05,1,Free,0,1,No IEP,13,0.85
927,3,Bailey,Hall,2011-05-24,Other,2022-12-02,1,Free,0,0,Evaluation Pending,60,0.9
928,3,Jordan,Hall,2013-10-07,Female,2022-10-05,1,Full Price,0,0,No IEP,27,0.97
929,3,Parker,White,2015-12-03,Other,2023-01-04,1,Full Price,0,1,No IEP,58,0.93
930,3,Eden,Miller,2006-10-28,Female,2022-09-15,1,Free,0,0,No IEP,57,0.9
931,3,Finley,Davis,2018-12-18,Female,2023-12-09,1,Free,0,0,No IEP,87,0.97
932,3,Casey,Jones,2010-10-01,Other,2024-05-24,1,Full Price,0,0,No IEP,29,0.96
933,3,Dakota,Smith,2011-01-23,Female,2024-01-16,1,Full Price,0,0,No IEP,90,0.77
934,3,Bailey,Hall,2012-07-10,Other,2022-08-23,1,Full Price,0,0,No IEP,82,0.77
935,3,Parker,Rodriguez,2009-12-02,Male,2023-05-03,1,Free,0,0,No IEP,85,0.9
936,3,Bailey,Davis,2018-12-13,Male,2023-05-15,1,Reduced,0,0,No IEP,66,0.89
937,3,Parker,Martinez,2012-10-26,Male,2023-08-30,1,Full Price,0,1,No IEP,91,0.92
938,3,Gabriel,Jones,2020-03-24,Male,2023-07-07,1,Free,0,0,No IEP,80,0.79
939,3,Isaiah,Smith,2014-01-23,Male,2022-10-03,1,Reduced,0,0,No IEP,78,0.71
940,3,Oliver,White,2008-02-28,Other,2023-11-09,1,Reduced,0,0,No IEP,88,0.91
941,3,Gabriel,Martinez,2016-10-21,Female,2022-11-12,1,Reduced,0,0,Current IEP,70,0.93
942,3,Harper,Smith,2010-10-28,Female,2023-04-20,1,Free,1,0,No IEP,15,0.8
943,3,Isaiah,Lee,2020-08-22,Other,2024-01-01,1,Free,0,0,No IEP,66,0.88
944,3,Eden,Rodriguez,2007-11-02,Female,2023-11-30,1,Free,0,1,No IEP,56,0.88
945,3,Noah,Smith,2010-09-25,Male,2023-07-20,1,Full Price,0,0,No IEP,58,0.77
946,3,Kendrick,Johnson,2009-09-20,Other,2023-04-02,1,Free,0,0,No IEP,49,0.84
947,3,Parker,Jones,2009-05-11,Male,2023-08-23,1,Free,0,0,No IEP,70,0.76
948,3,Kendrick,White,2010-11-21,Male,2023-07-04,1,Reduced,0,0,No IEP,97,0.96
949,3,Casey,Walker,2014-09-20,Male,2024-04-08,1,Free,0,1,No IEP,46,0.95
950,3,Dakota,Rodriguez,2010-02-17,Female,2023-12-19,1,Full Price,0,0,No IEP,21,0.77
951,3,Noah,Garcia,2014-04-21,Male,2022-12-07,1,Full Price,1,0,No IEP,82,0.75
952,3,Alex,Hall,2012-07-06,Other,2022-08-26,1,Full Price,0,1,No IEP,82,0.96
953,3,Jordan,Allen,2018-10-18,Other,2022-11-29,1,Full Price,0,0,No IEP,91,0.93
954,3,Bailey,Johnson,2008-12-27,Female,2023-10-12,1,Free,0,0,No IEP,71,0.93
955,3,Kendrick,Lee,2006-04-19,Other,2022-07-07,1,Full Price,0,0,No IEP,94,0.85
956,3,Morgan,Garcia,2019-07-27,Other,2023-02-16,1,Free,0,0,No IEP,87,0.92
957,3,Alex,Lee,2019-12-03,Other,2023-12-17,1,Reduced,0,0,No IEP,107,0.9
958,3,Bailey,Brown,2014-01-15,Other,2022-08-04,1,Reduced,1,0,No IEP,61,0.72
959,3,Bailey,Allen,2015-08-11,Female,2023-10-01,1,Reduced,0,0,No IEP,58,0.83
960,3,Gabriel,Brown,2009-06-11,Female,2023-06-13,1,Reduced,0,0,Current IEP,57,0.93
961,3,Jordan,Walker,2011-09-18,Male,2024-01-15,1,Free,1,0,Current IEP,78,0.94
962,3,Morgan,Williams,2016-12-02,Other,2024-02-10,1,Full Price,0,0,No IEP,83,0.66
963,3,Jordan,Smith,2020-04-27,Female,2023-12-31,1,Reduced,0,1,No IEP,54,0.79
964,3,Finley,Jones,2008-11-15,Male,2022-09-05,1,Free,0,0,No IEP,53,0.78
965,3,Casey,Hall,2008-12-12,Male,2022-10-24,1,Reduced,0,0,No IEP,85,0.97
966,3,Logan,Rodriguez,2012-11-03,Other,2024-04-30,1,Reduced,0,0,No IEP,93,0.96
967,3,Dakota,Davis,2013-05-27,Female,2024-05-21,1,Free,0,0,No IEP,52,0.71
968,3,Harper,Miller,2014-01-26,Male,2023-10-29,1,Full Price,0,0,No IEP,77,0.95
969,3,Noah,Allen,2017-02-01,Male,2022-08-02,1,Reduced,0,0,No IEP,72,0.97
970,3,Oliver,Allen,2020-09-08,Female,2024-04-22,1,Reduced,1,0,No IEP,42,0.95
971,3,Casey,Young,2007-05-28,Female,2023-06-24,1,Reduced,0,0,No IEP,44,0.76
972,3,Morgan,Lee,2006-06-19,Male,2024-02-02,1,Reduced,0,0,No IEP,73,0.89
973,3,Kendrick,Lee,2007-02-24,Other,2023-07-24,1,Full Price,0,0,No IEP,70,0.97
974,3,Harper,Williams,2016-05-12,Female,2023-09-06,1,Reduced,1,0,No IEP,96,0.9
975,3,Eden,Smith,2019-05-01,Other,2023-11-04,1,Free,0,0,No IEP,41,0.95
976,3,Casey,Lee,2009-02-03,Female,2024-04-01,1,Reduced,0,0,Current IEP,75,0.89
977,3,Oliver,Johnson,2006-07-21,Other,2023-01-13,1,Free,0,0,No IEP,81,0.89
978,3,Noah,Lee,2009-11-23,Female,2024-03-12,1,Free,0,0,No IEP,64,0.95
979,3,Alex,Brown,2017-07-14,Male,2024-02-17,1,Reduced,1,0,No IEP,32,0.92
980,3,Bailey,Williams,2006-02-25,Male,2024-04-22,1,Free,0,1,No IEP,103,0.79
981,3,Jordan,Lee,2008-03-07,Female,2023-05-18,1,Free,0,0,No IEP,46,0.52
982,3,Noah,Young,2018-11-22,Female,2024-05-19,1,Full Price,0,0,No IEP,49,0.76
983,3,Morgan,Walker,2016-06-19,Male,2023-05-21,1,Full Price,0,0,No IEP,47,0.57
984,3,Logan,Garcia,2019-05-15,Female,2022-08-09,1,Free,0,0,No IEP,69,0.58
985,3,Morgan,White,2014-10-05,Female,2022-10-08,1,Reduced,0,0,No IEP,76,0.94
986,3,Harper,Smith,2020-07-26,Male,2023-03-23,1,Reduced,0,0,No IEP,98,0.75
987,3,Gabriel,Young,2015-02-01,Male,2022-09-09,0,Full Price,0,0,No IEP,88,0.71
988,3,Isaiah,Miller,2008-02-05,Male,2024-05-20,1,Free,0,0,No IEP,94,0.92
989,3,Morgan,Miller,2013-04-20,Male,2023-04-14,1,Reduced,0,0,No IEP,44,0.65
990,3,Jordan,Young,2010-02-20,Female,2024-05-13,1,Reduced,0,0,No IEP,49,0.83
991,3,Harper,Martinez,2011-12-19,Male,2023-10-12,1,Free,0,0,No IEP,70,0.92
992,3,Isaiah,Williams,2013-12-02,Male,2022-07-13,1,Reduced,0,1,No IEP,67,0.73
993,3,Finley,Johnson,2014-03-17,Other,2024-02-21,1,Reduced,0,1,Current IEP,30,0.62
994,3,Kendrick,Rodriguez,2006-09-09,Male,2024-03-11,1,Free,0,0,No IEP,99,0.91
995,3,Casey,White,2015-02-07,Male,2022-07-07,1,Free,0,0,No IEP,39,0.97
996,3,Oliver,Rodriguez,2008-06-05,Female,2023-07-19,1,Free,0,0,No IEP,90,0.97
997,3,Parker,Rodriguez,2019-10-04,Other,2022-12-19,1,Free,0,0,No IEP,66,0.92
998,3,Finley,Hall,2008-02-14,Other,2024-01-24,1,Free,0,0,No IEP,50,0.9
999,3,Isaiah,Walker,2013-07-13,Other,2023-07-10,1,Reduced,0,0,No IEP,90,0.92
1000,3,Eden,Garcia,2011-08-21,Other,2024-02-06,1,Free,0,0,No IEP,75,0.91
1001,3,Alex,Hall,2011-09-21,Female,2024-04-28,1,Free,0,0,No IEP,50,0.95
1002,3,Eden,Smith,2007-08-14,Male,2024-05-19,1,Reduced,1,0,No IEP,6,0.79
1003,3,Logan,Rodriguez,2008-01-01,Female,2023-10-03,1,Reduced,0,0,No IEP,42,0.94
1004,3,Oliver,Jones,2009-03-25,Other,2023-05-09,1,Free,0,0,No IEP,91,0.97
1005,3,Alex,Williams,2007-01-10,Male,2022-08-09,1,Full Price,0,0,No IEP,75,0.61
1006,3,Oliver,Rodriguez,2015-12-21,Male,2023-06-19,1,Free,0,0,Current IEP,92,0.78
1007,3,Dakota,Jones,2009-02-08,Other,2024-05-01,1,Full Price,0,0,Current IEP,65,0.97
1008,3,Alex,Martinez,2019-03-19,Other,2023-04-08,0,Reduced,0,0,No IEP,70,0.91
1009,3,Harper,Young,2010-05-12,Female,2023-05-23,1,Free,0,0,No IEP,98,0.93
1010,3,Morgan,Garcia,2009-11-20,Female,2023-03-23,1,Free,0,0,Current IEP,71,0.97
1011,3,Oliver,Jones,2011-05-04,Other,2024-05-15,1,Free,0,0,No IEP,62,0.89
1012,3,Oliver,Johnson,2011-04-25,Male,2023-07-07,1,Free,0,0,No IEP,69,0.58
1013,3,Noah,Hall,2008-03-23,Other,2023-10-10,1,Reduced,1,0,No IEP,85,0.97
1014,3,Morgan,Hall,2008-10-07,Female,2024-01-11,1,Full Price,0,0,No IEP,11,0.78
1015,3,Eden,Johnson,2018-07-04,Other,2024-04-21,1,Free,0,0,No IEP,101,0.79
1016,3,Eden,Garcia,2009-06-13,Other,2023-01-09,1,Free,0,0,No IEP,71,0.7
1017,3,Gabriel,Jones,2015-12-08,Male,2023-07-13,1,Reduced,0,0,No IEP,7,0.79
1018,3,Logan,Miller,2007-11-20,Other,2023-08-07,1,Full Price,0,0,No IEP,54,0.91
1019,3,Casey,Lee,2012-08-18,Male,2023-03-13,1,Free,0,1,No IEP,55,0.93
1020,3,Harper,Jones,2007-03-07,Other,2022-07-03,1,Reduced,0,1,No IEP,37,0.64
1021,3,Gabriel,Smith,2019-01-01,Other,2022-08-12,1,Full Price,0,0,No IEP,64,0.76
1022,3,Eden,White,2015-09-23,Female,2023-12-24,1,Reduced,0,0,No IEP,91,0.91
1023,3,Morgan,Walker,2015-03-23,Female,2024-03-12,1,Free,0,0,No IEP,95,0.84
1024,3,Logan,Hall,2020-06-25,Female,2023-05-13,1,Full Price,0,0,No IEP,22,0.85
1025,3,Eden,Allen,2012-06-13,Other,2023-12-13,1,Full Price,1,0,No IEP,49,0.76
1026,3,Gabriel,Martinez,2018-11-09,Male,2024-01-16,1,Reduced,0,0,No IEP,86,0.9
1027,3,Alex,Rodriguez,2020-06-16,Other,2024-05-20,1,Full Price,1,1,No IEP,43,0.77
1028,3,Eden,Davis,2017-04-15,Other,2022-07-23,1,Free,1,0,No IEP,20,0.8
1029,3,Noah,Miller,2011-01-04,Male,2024-03-20,1,Full Price,0,1,Current IEP,86,0.96
1030,3,Gabriel,Allen,2006-08-22,Other,2022-07-02,1,Full Price,0,0,No IEP,68,0.53
1031,3,Eden,Smith,2015-09-12,Female,2023-04-05,1,Reduced,1,0,No IEP,61,0.76
1032,3,Kendrick,Rodriguez,2015-07-04,Female,2023-05-12,1,Full Price,0,0,No IEP,81,0.84
1033,3,Bailey,Martinez,2014-04-03,Female,2024-04-05,1,Full Price,0,0,No IEP,48,0.62
1034,3,Alex,Brown,2009-07-17,Female,2022-12-07,1,Reduced,0,0,No IEP,71,0.94
1035,3,Gabriel,White,2006-12-04,Female,2024-02-21,1,Free,0,0,No IEP,109,0.97
1036,3,Noah,Williams,2012-08-28,Male,2024-01-30,1,Full Price,0,0,No IEP,39,0.82
1037,3,Harper,Garcia,2009-05-06,Female,2023-09-06,1,Free,0,0,No IEP,58,0.91
1038,3,Gabriel,Smith,2014-03-26,Other,2024-04-10,1,Free,0,0,No IEP,25,0.74
1039,3,Logan,Rodriguez,2012-07-04,Male,2022-09-26,0,Reduced,0,0,No IEP,73,0.89
1040,3,Parker,White,2020-08-15,Other,2022-10-25,1,Free,0,0,No IEP,92,0.83
1041,3,Isaiah,Jones,2008-04-10,Other,2023-01-18,1,Free,0,1,No IEP,76,0.96
1042,3,Parker,Brown,2013-07-12,Other,2022-07-16,1,Free,0,0,No IEP,67,0.94
1043,3,Jordan,Jones,2006-11-13,Other,2022-09-11,1,Free,0,0,No IEP,76,0.9
1044,3,Bailey,Brown,2008-06-16,Other,2024-02-24,1,Free,0,1,No IEP,74,0.94
1045,3,Oliver,Lee,2006-10-15,Other,2024-03-15,1,Free,0,0,No IEP,62,0.88
1046,3,Noah,Hall,2011-05-22,Male,2023-01-07,1,Free,0,0,Current IEP,99,0.91
1047,3,Finley,White,2017-11-05,Female,2024-01-03,0,Full Price,0,0,No IEP,86,0.89
1048,3,Isaiah,Miller,2006-03-16,Male,2022-11-12,1,Reduced,0,0,No IEP,60,0.95
1049,3,Bailey,Johnson,2009-12-02,Other,2023-09-27,1,Full Price,0,1,No IEP,56,0.84
1050,3,Isaiah,Williams,2007-06-18,Other,2024-05-21,1,Reduced,1,0,No IEP,84,0.78
1051,3,Casey,Jones,2010-03-22,Other,2023-10-12,1,Free,0,0,No IEP,76,0.9
1052,3,Casey,Johnson,2018-06-22,Other,2023-02-10,1,Reduced,0,1,No IEP,94,0.83
1053,3,Harper,White,2013-07-24,Female,2023-10-30,1,Full Price,1,0,No IEP,79,0.98
1054,3,Logan,Smith,2017-02-24,Other,2024-02-14,1,Full Price,0,0,No IEP,67,0.97
1055,3,Casey,Hall,2015-06-06,Male,2023-12-14,1,Reduced,0,0,Current IEP,46,0.78
1056,3,Noah,Lee,2006-10-27,Female,2023-02-05,1,Free,0,0,No IEP,59,0.91
1057,3,Morgan,Lee,2017-08-18,Other,2022-11-27,1,Free,0,0,Current IEP,10,0.68
1058,3,Logan,Johnson,2011-01-23,Other,2023-04-15,1,Free,0,0,Current IEP,51,0.77
1059,3,Eden,Lee,2014-11-01,Male,2023-01-07,1,Free,0,0,No IEP,57,0.63
1060,3,Alex,Hall,2018-03-02,Male,2024-05-01,1,Reduced,0,0,No IEP,69,0.98
1061,3,Alex,Lee,2018-08-26,Other,2023-11-30,1,Reduced,0,0,No IEP,96,0.95
1062,3,Logan,Davis,2015-05-11,Other,2023-05-14,1,Free,0,0,No IEP,97,0.95
1063,3,Logan,Allen,2019-11-06,Female,2023-03-23,1,Free,0,0,No IEP,58,0.95
1064,3,Noah,Miller,2009-11-27,Other,2023-12-19,1,Free,0,0,No IEP,17,0.78
1065,3,Isaiah,Hall,2011-08-06,Other,2022-11-23,1,Free,0,0,Evaluation Pending,10,0.66
1066,3,Logan,Smith,2015-04-18,Male,2023-11-06,1,Free,0,0,No IEP,77,0.97
1067,3,Casey,Jones,2016-08-20,Female,2024-01-10,1,Reduced,0,0,No IEP,70,0.91
1068,3,Oliver,Martinez,2015-03-18,Female,2023-06-21,1,Free,0,0,No IEP,41,0.9
1069,3,Noah,Johnson,2006-10-27,Other,2022-12-05,1,Free,1,0,Current IEP,53,0.78
1070,3,Dakota,Allen,2010-08-07,Male,2023-06-07,1,Free,0,0,No IEP,85,0.73
1071,3,Alex,Martinez,2011-09-04,Other,2023-01-23,1,Reduced,0,1,No IEP,66,0.81
1072,3,Noah,White,2006-01-10,Female,2023-03-17,0,Free,0,0,No IEP,71,0.76
1073,3,Bailey,Rodriguez,2019-09-12,Male,2024-01-17,1,Reduced,1,0,No IEP,96,0.95
1074,3,Morgan,Young,2012-03-20,Other,2023-07-25,1,Reduced,0,1,No IEP,62,0.82
1075,3,Bailey,Garcia,2010-11-19,Female,2023-11-08,1,Reduced,1,1,No IEP,98,0.73
1076,3,Dakota,Allen,2015-03-22,Other,2024-01-28,1,Free,0,0,No IEP,97,0.92
1077,3,Alex,Walker,2008-03-19,Other,2024-02-14,1,Reduced,0,0,No IEP,73,0.97
1078,3,Morgan,Davis,2017-09-16,Other,2022-08-30,1,Full Price,0,0,No IEP,81,0.9
1079,3,Gabriel,Martinez,2006-07-22,Other,2023-12-02,1,Free,0,0,No IEP,78,0.96
1080,3,Kendrick,Brown,2009-04-08,Female,2023-03-17,1,Free,0,0,No IEP,71,0.97
1081,3,Morgan,Brown,2014-12-25,Other,2022-07-21,1,Reduced,1,0,No IEP,75,0.73
1082,3,Noah,White,2016-03-02,Male,2024-02-26,0,Free,0,0,No IEP,77,0.65
1083,3,Dakota,Garcia,2013-04-15,Male,2024-05-15,1,Free,1,0,No IEP,66,0.94
1084,3,Dakota,Garcia,2015-08-14,Female,2023-08-27,1,Reduced,0,0,No IEP,84,0.97
1085,3,Oliver,Davis,2016-01-12,Female,2022-12-28,1,Reduced,0,0,No IEP,62,0.74
1086,3,Casey,Rodriguez,2017-05-26,Female,2023-08-05,1,Free,0,0,No IEP,80,0.89
1087,3,Dakota,Hall,2016-09-24,Female,2024-02-01,1,Full Price,0,1,No IEP,37,0.71
1088,3,Alex,Smith,2011-05-18,Male,2023-05-04,1,Reduced,0,0,No IEP,69,0.93
1089,3,Finley,White,2019-01-13,Female,2024-03-05,1,Free,1,0,No IEP,89,0.65
1090,3,Dakota,Young,2020-12-19,Female,2023-12-28,1,Full Price,0,0,No IEP,71,0.73
1091,3,Dakota,White,2017-02-04,Female,2022-12-08,1,Reduced,0,0,No IEP,79,0.91
1092,3,Kendrick,Allen,2007-04-04,Female,2022-11-05,1,Free,0,0,No IEP,71,0.68
1093,3,Gabriel,Johnson,2011-07-17,Male,2023-02-20,1,Free,0,0,No IEP,86,0.94
1094,3,Parker,Lee,2012-05-19,Male,2023-01-05,1,Free,0,0,No IEP,52,0.9
1095,3,Dakota,Jones,2016-08-28,Female,2023-12-09,1,Free,0,0,No IEP,74,0.96
1096,3,Isaiah,White,2020-07-06,Male,2023-06-09,1,Full Price,0,0,No IEP,34,0.94
1097,3,Kendrick,Hall,2017-04-25,Male,2022-11-16,1,Free,0,0,No IEP,69,0.75
1098,3,Isaiah,Johnson,2016-09-24,Other,2023-06-14,1,Free,1,0,No IEP,89,0.94
1099,3,Oliver,Smith,2009-08-23,Male,2023-06-23,1,Reduced,0,0,No IEP,71,0.93
1100,3,Harper,Johnson,2008-07-22,Male,2023-07-17,1,Free,0,0,No IEP,42,0.65
1101,3,Alex,Garcia,2014-12-09,Male,2024-02-12,1,Full Price,1,0,No IEP,74,0.9
1102,3,Jordan,White,2011-06-07,Other,2024-02-21,1,Reduced,0,0,No IEP,38,0.71
1103,3,Casey,Smith,2019-11-07,Female,2022-08-12,1,Reduced,0,0,Evaluation Pending,45,0.64
1104,3,Logan,Davis,2006-04-18,Female,2022-08-14,1,Free,0,0,No IEP,103,0.95
1105,3,Alex,Hall,2018-07-22,Male,2023-11-10,1,Free,0,0,No IEP,70,0.82
1106,3,Bailey,Allen,2014-06-26,Female,2022-11-20,1,Free,0,0,No IEP,73,0.93
1107,3,Logan,Martinez,2008-08-27,Other,2022-11-04,1,Free,0,0,No IEP,50,0.9
1108,3,Gabriel,Smith,2012-01-25,Other,2023-08-08,1,Free,1,0,No IEP,55,0.83
1109,3,Oliver,Smith,2020-07-23,Male,2023-08-17,1,Full Price,0,0,No IEP,109,0.95
1110,4,Oliver,Brown,2012-06-13,Female,2022-10-04,1,Reduced,0,1,No IEP,24,0.68
1111,4,Gabriel,Walker,2014-10-21,Female,2022-12-24,1,Free,0,0,No IEP,60,0.76
1112,4,Isaiah,Garcia,2018-09-14,Male,2024-05-07,1,Reduced,0,0,No IEP,76,0.95
1113,4,Finley,Hall,2007-05-17,Male,2023-07-22,1,Full Price,0,0,No IEP,102,0.98
1114,4,Eden,Young,2018-09-19,Female,2023-04-04,1,Free,0,0,No IEP,90,0.9
1115,4,Gabriel,Hall,2010-06-14,Male,2022-08-05,1,Free,0,0,No IEP,95,0.97
1116,4,Eden,Miller,2009-04-12,Female,2022-08-20,1,Free,0,0,No IEP,76,0.94
1117,4,Harper,Hall,2020-08-18,Female,2023-10-12,1,Reduced,0,0,Current IEP,87,0.97
1118,4,Kendrick,Jones,2013-10-12,Male,2023-01-03,1,Reduced,0,0,No IEP,57,0.67
1119,4,Logan,Williams,2018-05-20,Female,2023-09-22,1,Free,1,0,No IEP,67,0.93
1120,4,Morgan,Walker,2016-12-17,Male,2023-10-25,1,Free,0,0,Evaluation Pending,29,0.88
1121,4,Bailey,Smith,2018-01-09,Female,2023-06-18,0,Full Price,0,1,No IEP,76,0.91
1122,4,Kendrick,Williams,2019-02-18,Male,2023-07-14,1,Free,0,0,No IEP,75,0.71
1123,4,Alex,Martinez,2010-12-15,Other,2023-04-09,1,Free,0,0,No IEP,64,0.77
1124,4,Casey,Martinez,2020-12-06,Other,2023-12-26,1,Free,0,0,No IEP,70,0.81
1125,4,Logan,Williams,2012-04-03,Other,2023-08-06,1,Free,0,0,No IEP,85,0.93
1126,4,Gabriel,Lee,2014-10-09,Female,2022-09-28,1,Full Price,0,0,Current IEP,84,0.95
1127,4,Parker,White,2009-05-04,Male,2022-12-25,1,Free,0,0,No IEP,63,0.85
1128,4,Logan,Garcia,2008-12-04,Female,2023-05-27,1,Free,0,0,No IEP,63,0.97
1129,4,Dakota,Hall,2015-08-12,Other,2022-12-06,1,Reduced,0,1,No IEP,51,0.69
1130,4,Finley,Rodriguez,2014-03-04,Other,2022-10-17,1,Free,0,0,Current IEP,30,0.7
1131,4,Morgan,Williams,2019-04-08,Male,2024-04-01,1,Reduced,0,0,Current IEP,81,0.93
1132,4,Noah,Walker,2011-10-18,Female,2023-10-09,1,Free,0,0,No IEP,20,0.56
1133,4,Isaiah,Lee,2009-03-02,Female,2023-07-17,1,Free,0,0,No IEP,54,0.94
1134,4,Eden,Garcia,2012-11-09,Male,2024-02-07,1,Free,0,0,No IEP,96,0.58
1135,4,Eden,Smith,2008-09-07,Other,2023-12-21,1,Reduced,0,1,No IEP,77,0.94
1136,4,Oliver,Martinez,2011-09-11,Other,2022-10-20,1,Free,0,0,Current IEP,55,0.96
1137,4,Alex,Jones,2008-11-17,Female,2022-09-08,0,Free,0,1,No IEP,54,0.97
1138,4,Kendrick,Johnson,2019-12-19,Male,2023-11-20,1,Free,0,0,No IEP,56,0.83
1139,4,Parker,Young,2012-12-13,Female,2023-04-19,1,Full Price,0,0,No IEP,104,0.89
1140,4,Gabriel,Hall,2009-01-09,Female,2023-04-22,1,Free,0,0,No IEP,70,0.89
1141,4,Kendrick,Davis,2015-09-06,Other,2022-09-02,1,Free,0,0,No IEP,18,0.91
1142,4,Gabriel,Johnson,2018-10-11,Other,2022-10-26,1,Reduced,0,1,No IEP,85,0.92
1143,4,Finley,Walker,2019-11-22,Other,2022-12-19,1,Full Price,0,0,No IEP,86,0.78
1144,4,Jordan,Allen,2020-08-14,Other,2024-05-23,1,Free,0,0,No IEP,81,0.9
1145,4,Parker,Lee,2009-06-22,Other,2023-01-19,1,Reduced,0,0,No IEP,104,0.96
1146,4,Noah,Young,2014-06-25,Male,2023-02-11,1,Reduced,0,0,No IEP,101,0.51
1147,4,Oliver,Allen,2011-04-24,Male,2023-10-08,1,Free,0,0,No IEP,56,0.91
1148,4,Isaiah,Jones,2008-03-17,Female,2024-03-23,1,Full Price,0,0,No IEP,86,0.83
1149,4,Bailey,Martinez,2013-01-26,Male,2023-04-30,1,Free,1,0,No IEP,60,0.78
1150,4,Noah,Smith,2009-06-08,Other,2023-03-02,1,Free,0,0,No IEP,85,0.78
1151,4,Casey,Brown,2020-10-23,Male,2023-04-08,1,Full Price,0,0,No IEP,72,0.88
1152,4,Gabriel,Davis,2016-01-22,Female,2023-12-19,1,Full Price,0,1,No IEP,85,0.9
1153,4,Alex,White,2008-06-03,Other,2023-03-25,1,Reduced,0,1,No IEP,59,0.93
1154,4,Dakota,Allen,2013-05-20,Other,2023-01-16,1,Full Price,0,0,No IEP,61,0.95
1155,4,Isaiah,Miller,2016-11-27,Female,2022-10-18,1,Full Price,0,0,No IEP,67,0.92
1156,4,Harper,Rodriguez,2019-02-12,Male,2023-03-31,1,Reduced,1,1,No IEP,82,0.65
1157,4,Isaiah,White,2007-03-06,Female,2023-06-18,1,Reduced,0,0,No IEP,77,0.9
1158,4,Harper,Jones,2011-09-12,Female,2023-08-22,1,Free,0,0,No IEP,77,0.92
1159,4,Isaiah,Brown,2019-04-14,Male,2023-06-07,1,Reduced,0,0,No IEP,69,0.93
1160,4,Parker,Davis,2006-05-04,Other,2023-07-22,1,Free,0,1,No IEP,11,0.82
1161,4,Alex,Johnson,2013-02-15,Other,2023-08-08,0,Free,0,0,No IEP,66,0.93
1162,4,Logan,Davis,2013-11-18,Other,2022-11-15,1,Reduced,0,0,No IEP,69,0.93
1163,4,Casey,Miller,2013-04-26,Female,2023-09-22,1,Full Price,0,1,No IEP,65,0.79
1164,4,Parker,Allen,2015-08-25,Male,2023-01-31,1,Free,0,0,No IEP,94,0.94
1165,4,Eden,Hall,2020-01-17,Male,2022-07-11,1,Free,0,0,No IEP,0,0.63
1166,4,Dakota,Williams,2017-03-22,Male,2023-01-28,1,Full Price,0,0,No IEP,84,0.96
1167,4,Jordan,Hall,2011-06-15,Female,2023-12-14,1,Free,0,0,No IEP,81,0.79
1168,4,Gabriel,Hall,2016-08-07,Other,2023-07-05,1,Reduced,1,0,No IEP,51,0.89
1169,4,Parker,Williams,2016-05-13,Other,2022-11-19,1,Free,1,0,No IEP,39,0.83
1170,4,Parker,Hall,2009-05-15,Female,2023-06-28,0,Reduced,0,0,No IEP,50,0.72
1171,4,Noah,Garcia,2007-02-16,Male,2022-11-15,0,Reduced,0,0,No IEP,57,0.95
1172,4,Isaiah,Allen,2010-08-10,Male,2024-02-09,1,Free,1,0,No IEP,69,0.9
1173,4,Alex,Davis,2009-05-05,Female,2022-09-09,1,Full Price,0,0,No IEP,76,0.74
1174,4,Isaiah,Garcia,2007-02-11,Male,2022-11-06,1,Free,0,0,No IEP,25,0.71
1175,4,Isaiah,Smith,2011-03-28,Other,2023-12-01,1,Full Price,0,0,No IEP,60,0.89
1176,4,Kendrick,Martinez,2010-07-19,Male,2023-11-10,1,Reduced,1,0,No IEP,79,0.88
1177,4,Parker,Smith,2010-04-11,Other,2024-04-06,1,Reduced,0,0,No IEP,91,0.93
1178,4,Kendrick,Williams,2009-07-09,Other,2024-04-21,1,Full Price,0,0,No IEP,58,0.89
1179,4,Morgan,Martinez,2013-04-10,Female,2023-04-26,1,Reduced,0,0,No IEP,71,0.77
1180,4,Noah,Young,2016-06-25,Female,2022-08-13,1,Free,0,1,No IEP,73,0.8
1181,4,Logan,Hall,2014-01-28,Female,2023-08-11,1,Free,1,0,No IEP,90,0.95
1182,4,Jordan,Young,2020-06-10,Other,2023-05-22,1,Reduced,0,0,No IEP,84,0.76
1183,4,Isaiah,Hall,2008-09-28,Female,2023-12-06,1,Free,0,0,No IEP,69,0.93
1184,4,Oliver,Young,2008-08-20,Female,2022-07-29,1,Full Price,0,0,No IEP,86,0.93
1185,4,Oliver,Davis,2008-06-04,Male,2023-05-05,1,Reduced,0,0,No IEP,47,0.83
1186,4,Harper,Martinez,2020-05-13,Male,2022-07-26,1,Full Price,0,0,Current IEP,94,0.9
1187,4,Morgan,Lee,2012-03-20,Female,2022-10-23,1,Reduced,0,0,No IEP,104,0.95
1188,4,Dakota,Smith,2018-05-06,Female,2023-04-29,1,Free,1,0,No IEP,94,0.97
1189,4,Oliver,Hall,2013-01-22,Male,2023-03-31,0,Reduced,0,0,No IEP,84,0.57
1190,4,Eden,White,2007-10-17,Female,2023-01-18,1,Full Price,0,0,No IEP,11,0.64
1191,4,Dakota,Allen,2010-01-08,Male,2023-12-15,1,Reduced,0,0,No IEP,89,0.92
1192,4,Alex,Williams,2007-12-16,Female,2024-04-12,1,Full Price,1,0,No IEP,47,0.8
1193,4,Dakota,Walker,2008-03-13,Other,2022-07-20,1,Reduced,0,0,No IEP,91,0.97
1194,4,Logan,White,2017-03-08,Other,2023-04-13,1,Free,0,1,No IEP,28,0.57
1195,4,Oliver,Smith,2007-02-12,Male,2023-09-02,1,Reduced,0,0,Current IEP,59,0.89
1196,4,Harper,Davis,2016-12-05,Other,2024-01-10,1,Free,0,0,No IEP,12,0.79
1197,4,Casey,Allen,2013-04-26,Other,2022-10-03,1,Free,0,0,Current IEP,52,0.72
1198,4,Harper,Allen,2013-03-13,Male,2023-06-17,1,Free,0,0,No IEP,87,0.97
1199,4,Isaiah,Rodriguez,2010-04-21,Female,2022-07-26,1,Full Price,0,0,No IEP,77,0.9
1200,4,Bailey,Garcia,2013-10-19,Male,2023-12-08,1,Free,0,0,No IEP,76,0.89
1201,4,Parker,Davis,2008-08-14,Male,2023-07-29,1,Free,0,0,No IEP,66,0.63
1202,4,Isaiah,Johnson,2008-02-22,Female,2024-01-17,1,Free,0,1,No IEP,69,0.88
1203,4,Isaiah,Jones,2019-10-26,Male,2023-11-20,1,Free,0,0,No IEP,61,0.98
1204,4,Parker,White,2010-02-12,Male,2023-12-09,1,Free,0,0,Current IEP,48,0.67
1205,4,Bailey,Allen,2017-05-27,Female,2023-07-21,1,Full Price,0,0,No IEP,63,0.88
1206,4,Parker,Jones,2013-12-23,Other,2023-09-12,1,Reduced,0,0,No IEP,85,0.95
1207,4,Finley,Walker,2015-03-17,Female,2023-10-07,1,Free,0,0,No IEP,74,0.64
1208,4,Harper,Allen,2014-05-04,Male,2024-02-14,1,Full Price,0,1,No IEP,93,0.93
1209,4,Eden,Lee,2011-02-27,Male,2023-11-11,1,Free,0,0,No IEP,77,0.9
1210,4,Kendrick,Hall,2006-05-03,Male,2022-10-01,1,Free,0,0,No IEP,104,0.95
1211,4,Logan,Smith,2009-06-23,Other,2022-12-19,1,Reduced,0,0,No IEP,80,0.82
1212,4,Noah,Davis,2007-03-17,Other,2022-09-01,1,Full Price,0,1,No IEP,77,0.95
1213,4,Alex,Young,2007-07-03,Female,2023-03-31,0,Free,0,0,No IEP,41,0.67
1214,4,Bailey,Johnson,2018-02-02,Male,2023-05-23,1,Full Price,0,1,No IEP,76,0.93
1215,4,Dakota,Hall,2009-04-18,Other,2022-09-18,1,Full Price,0,0,No IEP,48,0.78
1216,4,Finley,Hall,2014-08-06,Other,2023-05-29,0,Reduced,0,0,No IEP,99,0.92
1217,4,Alex,Young,2017-09-08,Other,2022-08-10,1,Full Price,0,0,No IEP,101,0.97
1218,4,Gabriel,Allen,2015-08-03,Female,2023-02-25,1,Free,1,0,No IEP,98,0.79
1219,4,Logan,Hall,2017-04-10,Male,2023-03-24,1,Free,1,0,No IEP,61,0.75
1220,4,Parker,White,2015-04-01,Other,2023-12-26,1,Free,0,0,No IEP,10,0.93
1221,4,Jordan,Lee,2008-06-01,Other,2023-03-26,1,Free,0,1,Evaluation Pending,34,0.8
1222,4,Eden,Rodriguez,2017-07-04,Female,2024-04-17,1,Free,0,0,No IEP,79,0.83
1223,4,Isaiah,Brown,2018-08-19,Other,2022-07-07,1,Reduced,0,0,No IEP,20,0.74
1224,4,Morgan,Johnson,2014-01-06,Male,2022-08-29,1,Free,0,0,No IEP,63,0.93
1225,4,Finley,Smith,2017-06-03,Female,2023-01-31,1,Free,0,1,No IEP,61,0.89
1226,4,Kendrick,Jones,2015-08-13,Other,2024-01-15,1,Reduced,0,0,No IEP,68,0.91
1227,4,Harper,Young,2008-02-10,Female,2024-05-09,0,Full Price,0,0,Current IEP,44,0.53
1228,4,Alex,Hall,2006-02-01,Female,2023-12-20,1,Full Price,1,0,No IEP,66,0.82
1229,4,Parker,Allen,2007-09-18,Other,2024-02-10,1,Free,0,0,No IEP,89,0.91
1230,4,Casey,Davis,2007-03-11,Other,2023-11-04,1,Full Price,0,0,No IEP,88,0.97
1231,4,Oliver,Miller,2014-02-01,Male,2023-05-21,1,Full Price,0,0,No IEP,69,0.82
1232,4,Gabriel,Young,2013-05-09,Other,2024-01-17,1,Reduced,0,0,No IEP,92,0.95
1233,4,Alex,Hall,2009-01-08,Male,2023-09-15,1,Full Price,0,0,No IEP,73,0.98
1234,4,Noah,Brown,2014-03-11,Male,2024-04-08,1,Free,0,1,No IEP,56,0.95
1235,4,Casey,Young,2014-01-21,Male,2023-04-11,1,Free,0,0,No IEP,64,0.76
1236,4,Gabriel,Johnson,2013-08-17,Male,2024-05-20,1,Full Price,0,0,No IEP,87,0.98
1237,4,Noah,Young,2019-05-08,Male,2024-04-01,1,Reduced,0,0,No IEP,104,0.9
1238,4,Alex,Johnson,2017-05-20,Other,2023-06-09,1,Reduced,0,0,No IEP,62,0.98
1239,4,Noah,Jones,2017-05-17,Female,2023-04-25,1,Free,0,0,No IEP,79,0.96
1240,4,Oliver,Williams,2019-05-23,Male,2023-06-02,1,Full Price,0,0,No IEP,86,0.85
1241,4,Kendrick,Young,2018-10-05,Male,2023-01-17,1,Free,1,1,No IEP,96,0.88
1242,4,Jordan,Lee,2015-06-16,Male,2022-11-01,1,Free,0,0,No IEP,75,0.76
1243,4,Kendrick,Smith,2017-10-06,Female,2024-02-13,1,Free,0,0,No IEP,86,0.95
1244,4,Isaiah,Williams,2007-03-03,Male,2022-07-11,0,Reduced,0,0,No IEP,80,0.91
1245,4,Morgan,White,2014-03-07,Other,2023-07-19,1,Free,0,0,No IEP,76,0.79
1246,4,Eden,Williams,2016-09-18,Male,2023-02-02,1,Free,0,1,No IEP,93,0.92
1247,4,Dakota,Allen,2012-10-08,Female,2023-08-04,1,Free,0,0,No IEP,36,0.94
1248,4,Eden,Jones,2013-11-26,Female,2023-03-07,1,Full Price,0,0,No IEP,53,0.96
1249,4,Isaiah,Rodriguez,2015-11-17,Female,2023-09-01,1,Free,0,0,No IEP,79,0.96
1250,4,Alex,Lee,2017-09-16,Female,2022-11-16,1,Free,0,0,No IEP,61,0.83
1251,4,Dakota,Jones,2017-01-23,Other,2024-03-28,1,Free,0,0,No IEP,86,0.9
1252,4,Parker,Young,2020-04-24,Female,2023-04-14,1,Full Price,0,0,Current IEP,60,0.9
1253,4,Parker,Miller,2019-07-15,Male,2022-10-10,1,Reduced,1,0,Current IEP,55,0.98
1254,4,Logan,Hall,2013-04-02,Other,2023-03-10,1,Reduced,0,0,No IEP,32,0.78
1255,4,Gabriel,Williams,2016-03-21,Female,2022-10-30,1,Reduced,0,0,No IEP,47,0.84
1256,4,Casey,Allen,2008-11-23,Male,2023-11-18,1,Reduced,0,0,No IEP,2,0.94
1257,4,Jordan,Martinez,2007-12-05,Male,2023-12-16,1,Free,0,1,No IEP,75,0.89
1258,4,Isaiah,Miller,2013-08-11,Male,2024-01-08,1,Full Price,0,0,Current IEP,35,0.95
1259,4,Jordan,Smith,2006-04-07,Male,2022-09-12,1,Free,0,0,No IEP,36,0.54
1260,4,Dakota,White,2012-07-10,Male,2023-04-20,1,Reduced,0,0,No IEP,57,0.95
1261,4,Gabriel,Brown,2010-06-27,Male,2024-02-16,1,Free,0,0,No IEP,30,0.7
1262,4,Bailey,Rodriguez,2018-08-13,Male,2022-11-06,1,Reduced,0,0,No IEP,95,0.93
1263,4,Finley,Hall,2007-01-08,Male,2024-02-25,1,Free,0,0,No IEP,35,0.66
1264,4,Jordan,Jones,2020-03-20,Male,2023-05-23,1,Reduced,0,0,No IEP,88,0.78
1265,4,Casey,Brown,2011-11-07,Female,2022-09-22,1,Full Price,0,0,No IEP,90,0.96
1266,4,Logan,Young,2013-01-26,Male,2023-03-30,1,Reduced,0,0,No IEP,107,0.75
1267,4,Harper,Smith,2009-11-16,Female,2023-05-02,1,Free,1,0,No IEP,79,0.71
1268,4,Harper,Miller,2015-09-22,Female,2022-08-09,1,Full Price,0,0,No IEP,69,0.89
1269,4,Oliver,Hall,2011-12-08,Male,2022-08-05,1,Full Price,1,1,No IEP,108,0.78
1270,4,Isaiah,Rodriguez,2015-05-04,Male,2023-08-07,1,Reduced,0,0,No IEP,79,0.84
1271,4,Isaiah,Davis,2016-06-19,Other,2023-06-08,1,Free,0,0,No IEP,53,0.93
1272,4,Harper,White,2017-06-14,Other,2022-10-21,1,Reduced,0,0,Evaluation Pending,87,0.81
1273,4,Oliver,Hall,2009-02-22,Other,2023-07-16,1,Free,1,0,No IEP,77,0.8
1274,4,Kendrick,Jones,2014-09-11,Other,2023-10-14,1,Reduced,0,0,Current IEP,62,0.9
1275,4,Eden,Martinez,2020-10-23,Male,2022-06-25,1,Full Price,0,0,No IEP,85,0.93
1276,4,Eden,Johnson,2012-01-14,Male,2022-09-05,1,Free,0,0,Current IEP,50,0.81
1277,4,Eden,White,2018-11-24,Male,2023-05-21,1,Free,0,0,Current IEP,77,0.72
1278,4,Harper,Smith,2008-05-12,Female,2023-12-23,1,Full Price,0,1,Current IEP,98,0.95
1279,4,Parker,Allen,2009-04-19,Other,2023-06-19,1,Free,0,1,No IEP,67,0.96
1280,4,Finley,Jones,2017-01-19,Female,2023-09-17,1,Free,1,1,No IEP,66,0.85
1281,4,Gabriel,Martinez,2006-05-20,Male,2023-03-09,1,Reduced,0,0,No IEP,77,0.95
1282,4,Finley,Hall,2017-11-20,Male,2024-03-10,1,Full Price,0,0,No IEP,73,0.81
1283,4,Bailey,Lee,2020-05-20,Other,2023-03-24,1,Reduced,0,0,No IEP,20,0.53
1284,4,Finley,Allen,2014-10-18,Male,2023-12-28,1,Free,0,0,No IEP,23,0.95
1285,4,Eden,Martinez,2008-06-06,Female,2023-08-21,1,Reduced,0,0,No IEP,60,0.76
1286,4,Noah,Williams,2020-03-20,Other,2022-11-22,1,Reduced,0,0,No IEP,57,0.95
1287,4,Dakota,Young,2014-01-01,Female,2024-03-23,1,Reduced,0,0,No IEP,82,0.98
1288,4,Logan,Williams,2012-03-15,Other,2023-04-13,1,Full Price,0,0,Evaluation Pending,70,0.71
1289,4,Isaiah,Smith,2008-09-15,Male,2022-11-01,1,Free,1,0,No IEP,73,0.63
1290,4,Jordan,Davis,2012-04-14,Other,2023-01-13,1,Reduced,0,0,No IEP,91,0.88
1291,4,Dakota,White,2020-09-24,Female,2023-07-29,0,Free,0,0,No IEP,60,0.89
1292,4,Logan,White,2015-05-21,Female,2023-01-26,1,Reduced,0,0,No IEP,43,0.62
1293,4,Isaiah,Garcia,2015-01-10,Male,2023-03-19,1,Free,0,0,No IEP,57,0.74
1294,4,Noah,Hall,2018-12-19,Other,2022-06-28,1,Free,1,0,No IEP,81,0.85
1295,4,Jordan,Hall,2020-09-17,Male,2024-05-20,1,Reduced,1,1,Current IEP,85,0.96
1296,4,Noah,Miller,2018-03-09,Female,2023-06-14,1,Free,0,0,No IEP,62,0.88
1297,4,Kendrick,Davis,2020-03-03,Male,2024-01-26,1,Reduced,1,0,No IEP,30,0.6
1298,4,Noah,Martinez,2016-03-12,Other,2023-02-15,1,Reduced,0,1,No IEP,83,0.95
1299,4,Casey,Rodriguez,2010-08-22,Female,2022-11-12,1,Reduced,0,0,No IEP,89,0.97
1300,4,Casey,Young,2015-03-16,Female,2023-09-14,1,Full Price,0,0,No IEP,91,0.93
1301,4,Kendrick,Rodriguez,2008-05-11,Other,2023-03-18,1,Reduced,0,1,No IEP,66,0.78
1302,4,Noah,Garcia,2007-12-15,Female,2022-09-07,1,Free,0,0,No IEP,92,0.94
1303,4,Logan,Allen,2009-02-03,Female,2022-12-13,1,Full Price,1,0,Current IEP,71,0.91
1304,4,Bailey,Jones,2019-12-05,Female,2024-03-22,1,Free,0,0,No IEP,107,0.92
1305,4,Casey,Brown,2016-03-21,Male,2023-11-26,1,Reduced,0,0,No IEP,87,0.92
1306,4,Morgan,Hall,2013-04-12,Female,2022-11-19,1,Full Price,1,0,No IEP,80,0.76
1307,4,Kendrick,Martinez,2019-07-19,Other,2022-11-07,1,Full Price,0,0,No IEP,72,0.89
1308,4,Oliver,Williams,2017-12-25,Male,2022-11-26,1,Free,1,0,Current IEP,107,0.75
1309,4,Kendrick,Garcia,2014-08-05,Other,2023-03-05,1,Free,1,0,No IEP,102,0.84
1310,4,Harper,Martinez,2020-11-21,Female,2023-01-16,1,Full Price,0,0,No IEP,63,0.77
1311,4,Bailey,Martinez,2009-06-07,Female,2023-06-09,1,Reduced,0,1,No IEP,92,0.95
1312,4,Isaiah,Johnson,2013-12-05,Female,2023-10-12,1,Free,0,0,No IEP,82,0.91
1313,4,Casey,Walker,2016-10-14,Other,2023-10-09,1,Free,0,0,No IEP,107,0.85
1314,4,Harper,Miller,2019-03-23,Male,2023-06-08,1,Free,0,0,No IEP,60,0.98
1315,4,Isaiah,Garcia,2011-07-09,Male,2022-11-24,1,Free,0,0,No IEP,67,0.95
1316,4,Eden,Davis,2008-04-12,Female,2024-04-06,1,Free,0,0,Evaluation Pending,53,0.7
1317,4,Oliver,White,2006-03-17,Female,2022-11-18,1,Free,0,0,No IEP,71,0.9
1318,4,Alex,Lee,2011-06-21,Male,2023-02-06,1,Free,0,0,No IEP,79,0.91
1319,4,Logan,Jones,2010-01-15,Other,2022-12-15,1,Reduced,0,0,No IEP,54,0.78
1320,4,Eden,Johnson,2016-04-02,Other,2023-07-09,1,Reduced,0,0,No IEP,31,0.64
1321,4,Casey,Garcia,2006-12-10,Female,2022-12-16,0,Reduced,0,0,No IEP,88,0.98
1322,4,Finley,Walker,2010-08-19,Female,2022-08-04,1,Free,1,0,No IEP,80,0.89
1323,4,Dakota,Miller,2020-05-24,Other,2023-09-09,1,Free,0,0,No IEP,33,0.56
1324,4,Eden,Brown,2009-02-05,Male,2022-09-17,1,Reduced,0,0,No IEP,89,0.9
1325,4,Casey,Hall,2009-11-14,Female,2024-04-14,1,Free,1,0,No IEP,39,0.61
1326,4,Eden,Davis,2019-07-28,Other,2022-09-28,1,Free,0,0,No IEP,22,0.9
1327,4,Kendrick,Smith,2007-02-08,Other,2023-01-15,1,Free,0,0,No IEP,33,0.68
1328,4,Parker,Young,2018-06-25,Other,2023-08-29,1,Reduced,0,0,No IEP,76,0.93
1329,4,Bailey,Lee,2012-12-25,Female,2023-10-24,1,Full Price,0,0,No IEP,30,0.63
1330,4,Morgan,Hall,2012-11-20,Male,2023-10-27,1,Free,0,0,No IEP,26,0.5
1331,4,Noah,Miller,2006-04-06,Male,2023-01-06,1,Full Price,0,0,Current IEP,35,0.7
1332,4,Parker,Garcia,2018-03-17,Female,2023-01-08,1,Full Price,1,0,Current IEP,58,0.78
1333,4,Finley,Davis,2017-07-16,Other,2023-08-18,1,Free,0,0,No IEP,51,0.96
1334,4,Isaiah,Allen,2019-12-16,Other,2022-08-13,1,Free,0,1,No IEP,43,0.7
1335,4,Dakota,Brown,2009-12-25,Female,2024-02-06,1,Free,0,0,No IEP,65,0.79
1336,4,Casey,Williams,2017-09-20,Male,2023-10-18,1,Reduced,0,0,No IEP,71,0.93
1337,4,Harper,White,2010-08-03,Female,2023-05-02,1,Free,0,0,No IEP,104,0.92
1338,4,Noah,Jones,2011-03-16,Male,2023-08-11,1,Full Price,0,0,Current IEP,109,0.92
1339,4,Kendrick,Young,2016-01-26,Other,2024-01-17,1,Free,0,0,No IEP,77,0.96
1340,4,Isaiah,Martinez,2020-09-09,Male,2023-05-21,1,Full Price,0,1,No IEP,11,0.92
1341,4,Jordan,Hall,2008-07-19,Female,2023-01-12,1,Full Price,0,0,No IEP,95,0.94
1342,4,Casey,Young,2017-04-09,Female,2023-05-28,1,Reduced,0,0,No IEP,82,0.9
1343,4,Casey,Johnson,2009-01-03,Female,2023-07-09,0,Reduced,0,0,No IEP,76,0.94
1344,4,Jordan,Rodriguez,2010-02-23,Female,2022-08-12,1,Reduced,0,0,No IEP,77,0.89
1345,4,Parker,Brown,2017-11-07,Male,2023-05-31,1,Reduced,0,0,No IEP,88,0.9
1346,4,Oliver,Johnson,2017-11-17,Other,2023-01-27,1,Full Price,0,0,No IEP,31,0.78
1347,4,Harper,Johnson,2007-10-15,Female,2023-03-25,1,Free,0,0,No IEP,34,0.55
1348,4,Jordan,White,2017-08-01,Male,2022-07-08,1,Reduced,1,0,No IEP,68,0.81
1349,4,Noah,Hall,2011-07-24,Male,2024-02-17,1,Reduced,0,0,No IEP,48,0.61
1350,4,Alex,Smith,2009-04-22,Other,2022-10-18,1,Full Price,0,0,No IEP,75,0.92
1351,4,Harper,Garcia,2006-01-16,Other,2023-09-16,0,Full Price,0,0,No IEP,60,0.78
1352,4,Parker,Rodriguez,2015-11-28,Female,2023-12-18,1,Free,0,0,No IEP,76,0.91
1353,4,Bailey,Miller,2016-05-11,Male,2023-08-16,1,Free,0,0,No IEP,39,0.78
1354,4,Bailey,Young,2009-05-25,Male,2024-03-26,1,Free,1,0,No IEP,46,0.68
1355,4,Bailey,Walker,2008-04-13,Other,2023-08-20,1,Reduced,0,0,No IEP,67,0.89
1356,4,Harper,White,2009-11-06,Male,2023-10-15,1,Reduced,1,0,No IEP,102,0.97
1357,4,Gabriel,Davis,2013-04-22,Male,2024-03-31,1,Reduced,0,0,No IEP,9,0.8
1358,4,Logan,Brown,2012-08-14,Other,2022-08-14,1,Reduced,0,0,No IEP,81,0.94
1359,4,Alex,Lee,2011-04-23,Male,2023-05-25,1,Reduced,0,0,No IEP,52,0.93
1360,4,Oliver,Young,2014-11-22,Other,2022-11-29,1,Reduced,1,0,No IEP,53,0.98
1361,4,Kendrick,Smith,2007-07-14,Female,2022-09-24,1,Reduced,0,0,No IEP,69,0.76
1362,4,Logan,Williams,2012-12-01,Male,2022-08-02,1,Free,1,0,No IEP,64,0.93
1363,4,Kendrick,Rodriguez,2007-01-07,Other,2023-06-26,1,Free,0,0,No IEP,56,0.95
1364,4,Oliver,Miller,2016-07-22,Female,2022-07-26,1,Reduced,0,0,No IEP,61,0.93
1365,4,Noah,Hall,2013-01-26,Male,2023-10-28,1,Free,1,0,No IEP,82,0.95
1366,4,Gabriel,White,2017-09-12,Other,2024-05-01,1,Full Price,1,0,No IEP,83,0.65
1367,4,Dakota,Smith,2018-05-12,Female,2022-09-01,1,Reduced,0,0,No IEP,79,0.89
1368,4,Alex,Lee,2010-07-14,Female,2023-01-05,1,Free,0,0,Current IEP,83,0.96
1369,4,Morgan,Lee,2017-10-07,Other,2023-02-19,0,Free,0,0,No IEP,69,0.81
1370,4,Logan,Martinez,2019-09-13,Other,2022-10-18,1,Full Price,0,1,No IEP,76,0.96
1371,4,Jordan,Johnson,2006-04-16,Female,2023-09-27,1,Free,0,0,No IEP,61,0.93
1372,4,Kendrick,Walker,2017-09-26,Female,2024-03-02,1,Reduced,0,0,Current IEP,62,0.96
1373,4,Morgan,Smith,2006-02-27,Male,2024-04-11,1,Free,1,0,No IEP,84,0.93
1374,4,Dakota,Williams,2011-06-18,Male,2023-01-17,1,Full Price,0,0,No IEP,48,0.98
1375,4,Harper,Allen,2018-09-15,Male,2022-10-10,1,Full Price,0,0,No IEP,36,0.64
1376,4,Logan,Smith,2016-08-23,Male,2023-07-11,1,Free,0,0,No IEP,72,0.73
1377,4,Gabriel,White,2007-11-03,Female,2023-11-07,1,Reduced,0,0,No IEP,55,0.89
1378,4,Bailey,Davis,2014-01-13,Other,2024-05-17,1,Free,1,0,No IEP,61,0.97
1379,4,Harper,Davis,2008-04-02,Male,2024-02-02,1,Reduced,0,0,No IEP,36,0.94
1380,4,Dakota,Smith,2020-10-23,Female,2024-01-07,1,Reduced,0,0,Current IEP,22,0.82
1381,4,Dakota,Smith,2011-05-09,Other,2024-04-23,1,Reduced,1,0,No IEP,51,0.96
1382,4,Logan,Smith,2015-07-01,Other,2022-12-30,1,Full Price,0,0,No IEP,94,0.96
1383,4,Bailey,White,2012-05-05,Other,2024-01-11,1,Free,1,0,No IEP,77,0.92
1384,4,Morgan,Williams,2015-10-26,Female,2023-05-23,1,Free,0,0,No IEP,67,0.54
1385,4,Morgan,Jones,2014-10-26,Female,2022-08-18,1,Free,0,0,No IEP,67,0.63
1386,4,Noah,White,2014-11-02,Male,2023-04-12,1,Free,0,0,No IEP,63,0.93
1387,4,Gabriel,Lee,2010-03-11,Other,2024-04-09,1,Free,0,0,No IEP,45,0.6
1388,4,Harper,Lee,2015-04-25,Male,2023-07-13,1,Free,0,0,No IEP,71,0.89
1389,4,Isaiah,Martinez,2015-12-08,Other,2022-08-25,1,Full Price,0,0,No IEP,52,0.89
1390,4,Oliver,White,2019-10-25,Other,2024-04-23,1,Full Price,1,0,Current IEP,88,0.77
1391,4,Alex,Johnson,2012-11-19,Female,2022-11-28,1,Free,0,0,No IEP,41,0.79
1392,4,Eden,Allen,2018-04-25,Other,2022-09-01,1,Reduced,0,0,No IEP,86,0.8
1393,4,Finley,Smith,2013-06-02,Male,2022-08-22,1,Free,0,0,No IEP,44,0.73
1394,4,Parker,Rodriguez,2013-06-23,Other,2023-12-14,1,Reduced,0,0,No IEP,4,0.77
1395,4,Eden,Brown,2011-11-21,Male,2023-10-25,1,Free,0,1,No IEP,33,0.58
1396,4,Jordan,Walker,2010-12-15,Female,2023-10-12,1,Free,1,0,No IEP,1,0.92
1397,4,Oliver,Smith,2007-02-01,Male,2024-01-20,1,Full Price,0,0,No IEP,75,0.96
1398,4,Parker,Hall,2013-01-23,Male,2023-05-17,1,Reduced,0,0,No IEP,88,0.96
1399,4,Kendrick,Martinez,2012-09-02,Female,2023-10-13,0,Reduced,0,0,No IEP,67,0.62
1400,4,Morgan,Allen,2020-06-13,Male,2022-12-04,0,Full Price,0,0,No IEP,46,0.75
1401,4,Finley,White,2014-09-26,Female,2023-12-18,1,Free,0,0,No IEP,32,0.63
1402,4,Morgan,Johnson,2009-05-18,Female,2024-05-13,1,Free,0,0,No IEP,95,0.98
1403,4,Logan,Brown,2011-03-09,Male,2022-12-08,1,Full Price,0,0,No IEP,84,0.98
1404,4,Logan,Walker,2013-10-09,Male,2024-05-05,1,Free,0,0,No IEP,53,0.74
1405,4,Gabriel,Walker,2018-09-14,Male,2023-04-01,1,Full Price,1,0,No IEP,46,0.77
1406,4,Gabriel,Smith,2015-11-26,Female,2023-06-05,1,Free,0,1,No IEP,48,0.93
1407,4,Casey,Martinez,2009-10-20,Male,2022-09-08,1,Full Price,0,0,No IEP,34,0.7
1408,4,Parker,Davis,2012-09-22,Male,2023-09-11,1,Reduced,0,0,No IEP,89,0.96
1409,4,Finley,Johnson,2013-06-17,Female,2023-11-21,1,Reduced,0,0,No IEP,109,0.89
1410,4,Kendrick,Rodriguez,2013-11-20,Male,2024-02-08,1,Reduced,0,0,No IEP,75,0.95
1411,4,Casey,Johnson,2019-09-11,Other,2023-03-28,1,Free,0,0,Current IEP,9,0.75
1412,4,Gabriel,Jones,2019-08-13,Female,2022-09-27,1,Full Price,0,0,No IEP,53,0.68
1413,4,Casey,Walker,2019-06-27,Other,2023-08-28,1,Free,0,0,No IEP,88,0.95
1414,4,Morgan,Lee,2016-04-21,Other,2024-04-18,1,Full Price,0,0,No IEP,72,0.96
1415,4,Finley,Brown,2014-04-14,Other,2024-04-21,1,Full Price,0,0,No IEP,87,0.92
1416,4,Isaiah,Smith,2018-06-04,Male,2024-04-25,1,Full Price,0,0,No IEP,67,0.98
1417,4,Morgan,Allen,2013-12-02,Male,2022-08-17,1,Full Price,1,0,No IEP,73,0.91
1418,4,Casey,Smith,2015-03-21,Female,2022-08-29,1,Reduced,0,0,No IEP,61,0.89
1419,4,Alex,Allen,2007-02-09,Female,2023-04-19,1,Free,0,0,No IEP,58,0.97
1420,4,Oliver,Smith,2013-12-13,Other,2022-12-01,1,Reduced,0,0,No IEP,75,0.96
1421,4,Eden,Miller,2020-08-15,Female,2022-11-17,1,Reduced,0,0,No IEP,71,0.62
1422,4,Casey,Johnson,2017-11-26,Female,2023-10-25,1,Free,0,0,No IEP,93,0.97
1423,4,Alex,Davis,2013-05-17,Female,2024-04-18,1,Reduced,0,0,No IEP,108,0.93
1424,4,Harper,Hall,2006-05-08,Other,2023-07-31,1,Reduced,0,0,No IEP,99,0.9
1425,4,Finley,Johnson,2019-08-21,Female,2023-08-25,1,Full Price,0,0,No IEP,94,0.78
1426,4,Morgan,Miller,2018-04-01,Other,2024-03-30,1,Free,0,0,No IEP,35,0.96
1427,4,Oliver,Miller,2010-03-01,Male,2024-05-21,1,Full Price,0,0,No IEP,100,0.94
1428,4,Eden,Johnson,2020-05-17,Male,2023-06-25,1,Free,0,0,Current IEP,4,0.89
1429,4,Eden,Martinez,2011-12-11,Other,2023-07-25,1,Free,0,0,No IEP,67,0.93
1430,4,Kendrick,Garcia,2008-06-12,Other,2023-01-13,1,Reduced,0,0,No IEP,43,0.67
1431,4,Isaiah,Young,2011-07-04,Other,2023-06-13,1,Free,0,0,No IEP,73,0.93
1432,4,Kendrick,Smith,2015-08-28,Female,2024-01-28,1,Free,0,0,No IEP,95,0.93
1433,4,Kendrick,Rodriguez,2020-08-25,Female,2023-10-22,1,Full Price,0,0,No IEP,65,0.71
1434,4,Alex,White,2010-01-23,Female,2024-01-25,1,Full Price,0,0,No IEP,38,0.83
1435,4,Parker,Brown,2015-03-11,Female,2023-03-25,1,Free,1,0,No IEP,64,0.67
1436,4,Logan,Miller,2013-02-10,Female,2023-08-29,1,Reduced,0,1,Current IEP,70,0.89
1437,4,Logan,Allen,2016-03-04,Female,2024-04-04,1,Full Price,0,0,No IEP,24,0.57
1438,4,Casey,Smith,2020-09-14,Other,2022-07-21,1,Free,0,0,No IEP,66,0.89
1439,4,Harper,Williams,2013-11-22,Female,2022-10-30,0,Reduced,0,0,No IEP,52,0.95
1440,4,Finley,Johnson,2011-03-13,Female,2022-08-02,0,Reduced,0,0,No IEP,71,0.92
1441,4,Finley,Williams,2009-09-18,Other,2022-10-18,1,Free,0,0,No IEP,67,0.73
1442,4,Casey,Garcia,2018-05-06,Other,2023-03-29,1,Reduced,0,0,No IEP,86,0.95
1443,4,Harper,Young,2010-10-26,Other,2023-08-17,1,Free,0,0,No IEP,84,0.94
1444,4,Kendrick,Davis,2010-02-26,Female,2023-08-19,1,Reduced,0,0,No IEP,72,0.93
1445,4,Noah,Williams,2006-02-22,Other,2023-12-20,1,Free,0,0,No IEP,79,0.83
1446,4,Isaiah,Johnson,2016-07-22,Other,2022-08-18,1,Reduced,0,0,Current IEP,102,0.94
1447,4,Oliver,Hall,2014-11-27,Other,2023-06-25,1,Full Price,0,0,No IEP,63,0.91
1448,4,Isaiah,Martinez,2016-04-14,Male,2024-05-22,1,Free,0,0,No IEP,25,0.83
1449,4,Logan,Jones,2009-01-08,Female,2023-09-10,1,Reduced,0,0,No IEP,82,0.91
1450,4,Isaiah,Miller,2016-03-27,Male,2024-05-02,1,Reduced,0,0,No IEP,86,0.89
1451,4,Casey,White,2009-01-02,Female,2023-11-16,1,Reduced,0,0,Current IEP,89,0.88
1452,4,Noah,Brown,2016-02-26,Female,2023-07-27,1,Full Price,0,0,No IEP,76,0.94
1453,4,Eden,Brown,2019-07-18,Other,2024-05-18,1,Free,0,0,No IEP,77,0.95
1454,4,Noah,Walker,2013-07-28,Male,2023-09-23,1,Free,1,0,No IEP,102,0.9
1455,4,Morgan,White,2014-12-02,Male,2024-05-02,1,Free,1,0,No IEP,62,0.91
1456,4,Casey,Hall,2017-08-28,Other,2023-03-04,1,Full Price,0,0,No IEP,70,0.88
1457,4,Noah,Lee,2015-08-27,Male,2023-10-02,1,Reduced,0,0,No IEP,83,0.97
1458,4,Alex,Jones,2009-12-02,Female,2024-04-22,1,Full Price,0,0,No IEP,42,0.74
1459,4,Harper,Smith,2014-06-16,Other,2024-04-21,1,Reduced,0,0,No IEP,81,0.9
1460,4,Oliver,Smith,2015-12-09,Female,2022-11-18,1,Full Price,0,0,No IEP,91,0.98
1461,4,Logan,Hall,2014-09-04,Female,2022-06-28,1,Reduced,1,0,No IEP,83,0.84
1462,4,Casey,Hall,2017-10-25,Other,2023-09-25,1,Reduced,1,0,Evaluation Pending,109,0.96
1463,4,Jordan,Walker,2012-03-24,Female,2023-08-04,1,Full Price,0,1,No IEP,70,0.81
1464,4,Finley,Young,2012-02-19,Other,2023-05-13,1,Reduced,0,0,No IEP,4,0.83
1465,4,Harper,Allen,2016-01-19,Other,2023-04-28,1,Free,0,0,No IEP,81,0.92
1466,4,Oliver,Young,2013-08-28,Female,2024-04-04,1,Free,0,0,No IEP,23,0.6
1467,4,Parker,Young,2014-04-21,Female,2024-01-13,1,Free,0,0,No IEP,91,0.91
1468,4,Oliver,Rodriguez,2015-12-17,Other,2023-12-05,1,Free,1,0,No IEP,45,0.68
1469,4,Isaiah,Young,2017-05-16,Female,2023-08-26,1,Free,0,0,No IEP,98,0.93
1470,4,Bailey,Williams,2011-10-07,Male,2022-07-24,1,Full Price,0,0,No IEP,73,0.76
1471,4,Harper,White,2018-09-07,Male,2023-01-08,1,Free,1,0,No IEP,31,0.84
1472,4,Parker,Martinez,2013-08-17,Male,2023-05-08,1,Reduced,0,0,No IEP,55,0.73
1473,4,Kendrick,Smith,2010-04-19,Other,2023-05-13,1,Reduced,0,0,No IEP,33,0.72
1474,4,Eden,Rodriguez,2016-04-10,Other,2024-03-29,1,Free,0,0,No IEP,57,0.77
1475,4,Logan,Young,2011-11-12,Female,2023-01-04,1,Reduced,0,0,No IEP,59,0.98
1476,4,Isaiah,Martinez,2012-02-02,Other,2023-02-08,1,Free,0,0,No IEP,108,0.91
1477,4,Noah,Brown,2010-04-05,Other,2022-08-26,1,Free,0,0,No IEP,44,0.53
1478,4,Casey,Allen,2018-05-27,Other,2022-12-27,1,Free,0,0,No IEP,91,0.91
1479,4,Harper,Rodriguez,2012-01-16,Male,2023-12-10,1,Free,0,0,No IEP,2,0.67
1480,4,Casey,Johnson,2006-08-19,Female,2022-08-24,1,Free,1,0,No IEP,94,0.88
1481,4,Noah,Martinez,2007-11-27,Male,2023-11-25,1,Full Price,0,0,No IEP,2,0.94
1482,4,Kendrick,Brown,2009-08-21,Other,2023-03-06,1,Free,0,0,No IEP,60,0.91
1483,4,Isaiah,Brown,2011-05-04,Female,2023-11-25,0,Free,0,0,No IEP,84,0.9
1484,4,Alex,Brown,2012-08-10,Male,2022-10-11,1,Reduced,0,0,No IEP,79,0.97
1485,4,Dakota,Davis,2015-11-13,Female,2022-12-26,1,Free,0,1,No IEP,68,0.92
1486,4,Kendrick,Jones,2010-04-04,Female,2022-08-09,1,Full Price,0,0,No IEP,75,0.89
1487,4,Casey,Davis,2008-03-01,Male,2022-11-15,1,Full Price,0,0,No IEP,50,0.72
1488,4,Parker,Allen,2014-12-13,Female,2023-03-17,1,Full Price,0,0,No IEP,60,0.77
1489,4,Logan,Williams,2019-01-23,Other,2024-01-08,1,Full Price,0,0,Current IEP,37,0.54
1490,4,Gabriel,Garcia,2010-08-28,Female,2023-02-06,1,Full Price,0,0,No IEP,82,0.9
1491,4,Finley,Young,2017-09-21,Female,2023-11-17,1,Reduced,0,0,No IEP,41,0.53
1492,4,Noah,Garcia,2016-11-03,Other,2023-09-30,1,Free,0,0,No IEP,57,0.73
1493,4,Morgan,Miller,2019-06-15,Female,2023-01-30,1,Reduced,0,0,No IEP,100,0.92
1494,4,Logan,Lee,2020-06-04,Male,2024-05-13,1,Full Price,0,0,No IEP,89,0.94
1495,4,Parker,Rodriguez,2011-06-04,Other,2023-07-28,1,Full Price,0,0,No IEP,36,0.8
1496,4,Eden,Allen,2017-12-16,Other,2022-09-13,1,Reduced,0,1,No IEP,5,0.55
1497,4,Harper,Walker,2020-05-22,Female,2022-06-30,1,Full Price,0,0,No IEP,48,0.93
1498,4,Gabriel,Davis,2007-02-01,Other,2023-12-11,1,Free,0,0,No IEP,65,0.58
1499,4,Logan,Williams,2011-11-02,Male,2022-10-07,1,Reduced,0,0,No IEP,90,0.96
1500,4,Finley,Williams,2007-05-19,Other,2023-02-21,1,Full Price,0,0,No IEP,28,0.76
1501,4,Bailey,Smith,2006-05-27,Female,2023-08-12,0,Free,0,0,No IEP,44,0.55
1502,4,Harper,Walker,2011-07-25,Other,2023-06-18,1,Reduced,0,0,No IEP,107,0.89
1503,4,Oliver,Walker,2014-02-07,Other,2022-09-18,1,Reduced,1,0,No IEP,98,0.78
1504,4,Isaiah,Lee,2014-06-24,Other,2022-10-15,1,Reduced,0,0,No IEP,47,0.66
1505,4,Bailey,Davis,2019-11-21,Male,2023-10-09,1,Reduced,0,0,No IEP,58,0.8
1506,4,Gabriel,Davis,2015-10-06,Female,2024-02-06,1,Reduced,0,0,No IEP,88,0.9
1507,4,Isaiah,Garcia,2011-01-22,Female,2023-03-21,1,Reduced,0,0,No IEP,90,0.89
1508,4,Finley,Jones,2010-02-25,Male,2023-08-09,1,Reduced,1,0,Current IEP,90,0.97
1509,4,Alex,Martinez,2006-02-01,Other,2022-08-30,1,Reduced,0,1,No IEP,51,0.66
1510,4,Casey,Brown,2010-01-04,Other,2023-12-24,1,Full Price,0,0,No IEP,102,0.75
1511,4,Parker,Martinez,2006-10-26,Other,2023-08-06,1,Free,0,0,Current IEP,73,0.7
1512,4,Jordan,Young,2014-01-10,Other,2024-02-11,1,Full Price,0,1,No IEP,87,0.97
1513,4,Oliver,Walker,2018-10-03,Female,2023-08-03,1,Free,0,0,No IEP,53,0.91
1514,4,Eden,Lee,2017-02-21,Other,2023-12-18,1,Free,0,0,No IEP,56,0.77
1515,4,Bailey,Walker,2007-03-06,Male,2022-09-26,1,Free,0,0,No IEP,80,0.88
1516,4,Noah,Brown,2013-11-11,Other,2022-07-25,1,Reduced,0,0,No IEP,103,0.92
1517,4,Logan,Johnson,2018-09-04,Female,2024-02-27,1,Reduced,0,0,No IEP,65,0.92
1518,4,Kendrick,Garcia,2018-09-17,Male,2023-11-10,1,Full Price,0,1,No IEP,45,0.79
1519,4,Parker,White,2016-08-16,Female,2022-12-21,1,Full Price,0,0,No IEP,37,0.57
1520,4,Eden,Young,2006-06-26,Female,2023-07-16,1,Reduced,0,0,No IEP,60,0.88
1521,4,Finley,Walker,2014-05-26,Female,2023-05-30,1,Reduced,1,0,No IEP,94,0.92
1522,4,Dakota,White,2019-05-07,Male,2022-09-03,1,Full Price,0,0,No IEP,83,0.94
1523,4,Logan,Jones,2009-11-08,Female,2022-06-28,1,Full Price,0,0,No IEP,109,0.95
1524,4,Finley,Young,2010-12-07,Other,2023-06-15,1,Reduced,0,0,No IEP,94,0.95
1525,4,Morgan,Jones,2008-08-13,Male,2023-03-02,1,Full Price,0,1,No IEP,88,0.97
1526,4,Alex,Walker,2006-01-05,Other,2023-08-14,1,Free,0,0,No IEP,86,0.92
1527,4,Noah,White,2016-08-26,Female,2023-07-31,1,Reduced,0,0,Current IEP,75,0.9
1528,4,Finley,Williams,2009-06-04,Male,2022-08-09,0,Free,0,0,No IEP,107,0.96
1529,4,Parker,Williams,2009-06-12,Female,2022-08-20,1,Full Price,0,1,No IEP,78,0.97
1530,4,Harper,Brown,2009-03-20,Female,2024-03-18,1,Full Price,0,1,No IEP,73,0.96
1531,4,Eden,Allen,2011-09-23,Male,2024-04-02,0,Free,0,1,No IEP,92,0.93
1532,4,Noah,Johnson,2013-03-08,Male,2024-02-27,1,Free,0,0,No IEP,91,0.96
1533,4,Bailey,Allen,2017-01-20,Female,2023-02-04,1,Reduced,1,0,No IEP,91,0.92
1534,4,Kendrick,Smith,2007-10-11,Other,2023-10-11,1,Free,1,0,Current IEP,90,0.94
1535,5,Jordan,Jones,2008-01-10,Male,2023-09-13,1,Free,0,0,No IEP,69,0.92
1536,5,Jordan,Brown,2017-07-26,Other,2023-09-02,1,Free,0,1,No IEP,92,0.97
1537,5,Isaiah,Williams,2016-02-02,Female,2022-10-29,1,Full Price,0,0,No IEP,76,0.95
1538,5,Isaiah,Miller,2007-02-14,Other,2022-12-25,1,Reduced,0,0,Current IEP,63,0.77
1539,5,Oliver,Walker,2010-07-26,Other,2023-09-15,1,Reduced,0,0,No IEP,107,0.91
1540,5,Finley,Williams,2019-03-28,Male,2023-10-12,0,Reduced,0,0,No IEP,72,0.9
1541,5,Alex,Lee,2011-08-26,Other,2022-10-01,1,Reduced,1,0,No IEP,33,0.91
1542,5,Isaiah,Young,2020-12-26,Female,2023-08-23,1,Free,0,1,No IEP,33,0.58
1543,5,Casey,White,2013-05-10,Male,2023-08-20,1,Reduced,0,0,No IEP,91,0.82
1544,5,Kendrick,Martinez,2012-06-27,Other,2023-09-23,1,Free,1,0,No IEP,67,0.97
1545,5,Finley,Allen,2010-04-23,Female,2024-03-17,1,Free,0,0,No IEP,57,0.83
1546,5,Dakota,Miller,2015-03-22,Other,2022-10-03,0,Reduced,0,0,No IEP,88,0.82
1547,5,Alex,Rodriguez,2012-06-14,Other,2023-02-15,1,Free,1,1,No IEP,97,0.96
1548,5,Noah,Hall,2017-07-28,Female,2023-07-12,1,Free,0,0,No IEP,66,0.96
1549,5,Parker,Jones,2017-10-18,Other,2023-06-09,1,Free,0,0,No IEP,82,0.91
1550,5,Noah,Martinez,2006-01-02,Female,2023-03-10,1,Free,0,0,No IEP,38,0.71
1551,5,Alex,Williams,2006-02-04,Other,2023-09-16,1,Free,0,0,No IEP,41,0.71
1552,5,Isaiah,Walker,2014-08-23,Other,2022-12-31,1,Free,0,0,No IEP,52,0.75
1553,5,Gabriel,Walker,2016-12-24,Other,2022-12-28,1,Free,0,0,No IEP,61,0.75
1554,5,Noah,Rodriguez,2016-11-16,Female,2023-04-24,1,Free,0,0,No IEP,91,0.95
1555,5,Bailey,Williams,2014-01-05,Other,2023-08-08,1,Full Price,0,1,No IEP,48,0.67
1556,5,Logan,Williams,2016-10-02,Other,2022-08-28,1,Free,0,0,No IEP,52,0.73
1557,5,Logan,Johnson,2017-09-05,Female,2023-08-21,1,Free,1,0,No IEP,62,0.89
1558,5,Bailey,Jones,2010-05-17,Female,2024-05-10,1,Full Price,1,0,No IEP,57,0.97
1559,5,Eden,Martinez,2017-05-01,Female,2022-09-18,1,Free,1,0,No IEP,43,0.6
1560,5,Harper,White,2007-07-12,Female,2022-07-09,1,Free,0,0,No IEP,73,0.81
1561,5,Harper,Miller,2009-10-24,Male,2023-06-14,1,Free,0,0,Current IEP,58,0.56
1562,5,Kendrick,Garcia,2011-05-26,Female,2024-03-25,1,Free,0,0,No IEP,91,0.91
1563,5,Logan,Lee,2015-08-22,Male,2022-09-14,1,Full Price,1,0,No IEP,93,0.89
1564,5,Isaiah,Martinez,2016-04-13,Female,2023-11-15,1,Free,0,0,No IEP,100,0.81
1565,5,Eden,Garcia,2018-08-13,Other,2022-10-26,1,Free,0,1,No IEP,86,0.91
1566,5,Bailey,Johnson,2020-01-22,Female,2023-02-23,1,Full Price,0,0,No IEP,95,0.89
1567,5,Harper,Rodriguez,2013-05-26,Female,2023-02-23,1,Free,0,0,No IEP,94,0.94
1568,5,Kendrick,White,2018-04-11,Male,2022-07-08,1,Reduced,1,0,Evaluation Pending,68,0.96
1569,5,Harper,Davis,2012-08-24,Female,2022-10-20,1,Reduced,0,0,No IEP,75,0.94
1570,5,Logan,Miller,2008-08-21,Male,2024-02-24,1,Free,1,1,No IEP,2,0.97
1571,5,Dakota,Smith,2012-10-25,Male,2023-07-15,1,Full Price,0,0,No IEP,42,0.59
1572,5,Isaiah,Smith,2008-08-26,Female,2023-12-06,1,Reduced,0,0,No IEP,75,0.95
1573,5,Oliver,Jones,2014-05-10,Female,2023-01-31,1,Free,0,0,No IEP,63,0.8
1574,5,Kendrick,Lee,2020-10-06,Female,2022-06-24,1,Reduced,0,0,No IEP,89,0.9
1575,5,Finley,White,2015-01-24,Other,2023-12-27,1,Free,0,0,No IEP,42,0.81
1576,5,Morgan,Hall,2010-03-17,Other,2023-03-11,1,Reduced,0,0,No IEP,61,0.89
1577,5,Logan,Williams,2015-09-14,Other,2023-12-03,1,Reduced,1,0,No IEP,54,0.85
1578,5,Isaiah,White,2019-07-19,Male,2022-10-28,1,Reduced,0,0,Current IEP,103,0.9
1579,5,Gabriel,Brown,2015-09-25,Female,2023-09-14,1,Free,0,0,No IEP,79,0.88
1580,5,Finley,Williams,2009-03-16,Male,2024-03-11,1,Free,0,0,No IEP,93,0.76
1581,5,Alex,Smith,2019-12-01,Other,2024-01-30,1,Reduced,0,0,Current IEP,45,0.68
1582,5,Parker,Brown,2012-06-03,Female,2023-06-09,1,Reduced,0,1,No IEP,83,0.73
1583,5,Harper,Smith,2016-09-24,Male,2024-03-26,1,Reduced,0,0,No IEP,98,0.89
1584,5,Logan,Garcia,2007-12-15,Female,2023-05-01,1,Free,0,0,No IEP,70,0.97
1585,5,Alex,Brown,2007-12-25,Male,2024-02-13,1,Reduced,1,0,Current IEP,69,0.91
1586,5,Noah,Young,2018-04-25,Male,2022-11-22,1,Free,0,1,No IEP,62,0.5
1587,5,Kendrick,Smith,2020-08-11,Female,2023-06-13,0,Free,0,0,No IEP,40,0.8
1588,5,Alex,Young,2013-07-09,Other,2023-02-22,1,Free,0,0,No IEP,27,0.77
1589,5,Alex,Brown,2020-12-18,Male,2024-05-17,1,Free,1,0,No IEP,32,0.77
1590,5,Morgan,Lee,2010-02-03,Other,2024-04-26,1,Reduced,0,0,No IEP,63,0.78
1591,5,Gabriel,Williams,2017-03-26,Female,2024-02-24,1,Reduced,0,1,No IEP,66,0.92
1592,5,Kendrick,Allen,2014-08-26,Other,2024-03-03,1,Reduced,0,0,No IEP,98,0.6
1593,5,Parker,Young,2010-01-05,Male,2022-10-24,1,Reduced,0,0,Current IEP,60,0.88
1594,5,Finley,Martinez,2010-09-19,Other,2023-02-17,1,Free,0,0,Current IEP,62,0.95
1595,5,Alex,Davis,2008-10-17,Female,2022-08-29,1,Free,0,0,No IEP,73,0.95
1596,5,Harper,Williams,2010-09-24,Other,2022-11-25,1,Reduced,0,0,No IEP,52,0.74
1597,5,Bailey,Brown,2011-05-23,Male,2023-10-06,1,Free,0,0,Evaluation Pending,84,0.84
1598,5,Isaiah,Walker,2008-06-26,Other,2023-03-26,1,Full Price,0,0,No IEP,42,0.61
1599,5,Casey,Rodriguez,2010-03-28,Other,2023-12-26,1,Free,0,0,No IEP,31,0.74
1600,5,Oliver,Garcia,2015-05-15,Other,2024-02-01,1,Free,0,0,Current IEP,36,0.77
1601,5,Casey,Davis,2011-05-16,Other,2022-08-03,1,Reduced,0,0,No IEP,71,0.97
1602,5,Harper,White,2020-09-21,Other,2022-10-31,1,Free,0,0,No IEP,45,0.7
1603,5,Noah,Davis,2019-12-15,Female,2022-08-13,1,Full Price,1,0,No IEP,34,0.5
1604,5,Dakota,Garcia,2020-06-01,Male,2023-01-08,1,Free,0,1,No IEP,70,0.88
1605,5,Eden,Brown,2006-03-02,Other,2023-11-15,1,Free,0,0,No IEP,97,0.97
1606,5,Bailey,Johnson,2011-11-03,Female,2024-04-17,1,Full Price,1,0,No IEP,89,0.92
1607,5,Isaiah,Young,2009-06-22,Female,2023-01-10,1,Free,0,0,No IEP,48,0.51
1608,5,Morgan,Young,2014-07-01,Female,2023-12-02,1,Reduced,1,0,No IEP,70,0.93
1609,5,Alex,Jones,2017-09-12,Other,2022-07-06,1,Reduced,0,0,No IEP,65,0.91
1610,5,Bailey,Williams,2015-09-10,Male,2023-03-22,1,Reduced,0,0,No IEP,44,0.68
1611,5,Morgan,Walker,2007-04-11,Male,2022-12-02,1,Reduced,0,0,No IEP,12,0.57
1612,5,Isaiah,Walker,2015-12-24,Male,2023-06-21,1,Free,0,0,No IEP,27,0.58
1613,5,Finley,Martinez,2019-10-22,Female,2023-08-01,1,Free,0,0,No IEP,69,0.71
1614,5,Isaiah,Williams,2019-06-19,Other,2022-10-04,1,Free,1,0,No IEP,99,0.89
1615,5,Finley,Rodriguez,2020-07-03,Female,2023-07-02,1,Reduced,0,0,No IEP,48,0.81
1616,5,Finley,Hall,2008-06-20,Male,2024-05-02,1,Reduced,1,1,Current IEP,63,0.97
1617,5,Jordan,Rodriguez,2007-02-17,Other,2023-01-18,1,Reduced,0,0,No IEP,36,0.9
1618,5,Harper,Allen,2016-08-24,Other,2024-05-08,1,Reduced,0,0,No IEP,73,0.93
1619,5,Dakota,Lee,2012-12-09,Male,2023-06-09,1,Reduced,1,0,No IEP,87,0.92
1620,5,Casey,Miller,2015-06-22,Other,2023-10-28,1,Free,0,0,No IEP,75,0.96
1621,5,Dakota,Rodriguez,2006-05-27,Other,2023-02-04,1,Free,0,0,No IEP,16,0.76
1622,5,Bailey,Allen,2010-10-11,Female,2022-10-27,1,Free,0,0,No IEP,104,0.93
1623,5,Casey,Rodriguez,2018-10-12,Male,2023-05-21,1,Reduced,0,1,No IEP,63,0.96
1624,5,Alex,Martinez,2015-02-12,Male,2023-08-16,1,Free,0,0,No IEP,56,0.74
1625,5,Bailey,Brown,2013-11-10,Female,2022-11-20,1,Free,0,0,No IEP,64,0.88
1626,5,Oliver,White,2013-12-02,Other,2023-12-30,1,Free,0,1,No IEP,85,0.81
1627,5,Parker,Lee,2012-03-16,Female,2024-02-14,1,Free,0,0,No IEP,44,0.93
1628,5,Morgan,Williams,2019-06-12,Other,2024-01-17,1,Reduced,0,0,No IEP,86,0.97
1629,5,Alex,Lee,2019-10-12,Female,2023-03-20,1,Reduced,0,1,No IEP,69,0.85
1630,5,Eden,Williams,2011-03-21,Other,2023-03-26,1,Reduced,0,0,No IEP,102,0.97
1631,5,Noah,Davis,2018-01-12,Male,2023-04-23,1,Free,0,0,No IEP,78,0.93
1632,5,Alex,Brown,2008-08-13,Male,2023-11-22,1,Full Price,1,0,No IEP,89,0.92
1633,5,Alex,Allen,2009-04-12,Female,2023-02-02,1,Reduced,0,0,No IEP,100,0.75
1634,5,Finley,White,2017-04-01,Male,2023-08-02,1,Free,0,0,No IEP,49,0.82
1635,5,Eden,Smith,2017-04-27,Other,2023-04-30,0,Full Price,0,0,No IEP,45,0.95
1636,5,Dakota,Brown,2011-11-06,Other,2022-12-24,1,Reduced,0,1,Current IEP,76,0.63
1637,5,Noah,Lee,2016-10-17,Female,2023-04-20,1,Free,0,0,No IEP,66,0.95
1638,5,Dakota,Miller,2008-03-23,Female,2022-07-11,1,Free,0,0,No IEP,74,0.51
1639,5,Oliver,Williams,2013-03-23,Female,2024-02-14,1,Free,0,0,No IEP,75,0.96
1640,5,Isaiah,Young,2007-08-16,Female,2022-12-29,1,Free,0,1,No IEP,59,0.55
1641,5,Kendrick,Martinez,2013-12-19,Other,2023-03-28,1,Full Price,0,0,No IEP,82,0.98
1642,5,Morgan,Williams,2010-12-08,Other,2022-10-08,1,Reduced,0,1,No IEP,83,0.95
1643,5,Gabriel,Walker,2020-10-25,Male,2024-04-20,1,Free,1,0,No IEP,79,0.8
1644,5,Oliver,Jones,2016-01-22,Male,2023-02-09,0,Full Price,0,0,No IEP,16,0.96
1645,5,Alex,Miller,2014-11-15,Male,2024-02-12,1,Free,0,0,No IEP,92,0.97
1646,5,Gabriel,Allen,2013-08-16,Male,2024-05-24,1,Free,0,0,No IEP,61,0.8
1647,5,Logan,Allen,2010-09-04,Male,2022-09-21,1,Free,0,0,No IEP,5,0.76
1648,5,Bailey,Rodriguez,2008-01-28,Male,2023-03-19,1,Free,0,0,No IEP,86,0.91
1649,5,Isaiah,Hall,2017-08-25,Other,2024-05-11,1,Free,0,0,No IEP,21,0.63
1650,5,Harper,Jones,2015-02-07,Male,2023-09-30,1,Free,0,0,No IEP,80,0.91
1651,5,Alex,Rodriguez,2017-03-22,Other,2023-11-27,1,Full Price,0,0,No IEP,51,0.98
1652,5,Noah,Johnson,2019-11-13,Male,2022-09-29,1,Reduced,0,0,No IEP,23,0.53
1653,5,Gabriel,Smith,2020-09-04,Other,2023-10-31,1,Free,0,0,No IEP,84,0.9
1654,5,Casey,Lee,2015-02-08,Male,2022-06-24,1,Free,0,0,No IEP,80,0.96
1655,5,Bailey,Davis,2013-01-05,Other,2023-02-20,1,Full Price,0,0,No IEP,67,0.94
1656,5,Finley,Martinez,2014-10-16,Other,2022-08-24,1,Free,0,0,No IEP,82,0.96
1657,5,Finley,Walker,2020-08-24,Female,2023-04-06,1,Free,0,0,No IEP,56,0.91
1658,5,Dakota,Brown,2019-06-24,Female,2023-06-29,1,Free,0,0,No IEP,46,0.69
1659,5,Gabriel,Miller,2013-02-28,Other,2023-03-13,1,Reduced,0,0,No IEP,56,0.88
1660,5,Harper,Rodriguez,2014-10-12,Male,2023-03-13,1,Free,1,1,No IEP,24,0.68
1661,5,Isaiah,Jones,2019-08-03,Female,2023-06-14,1,Reduced,0,0,No IEP,88,0.8
1662,5,Gabriel,White,2017-01-07,Other,2022-12-18,1,Reduced,0,0,No IEP,96,0.93
1663,5,Casey,Garcia,2019-12-08,Male,2023-11-17,1,Reduced,0,0,No IEP,61,0.83
1664,5,Finley,Lee,2008-09-17,Male,2023-06-03,1,Full Price,1,0,No IEP,59,0.95
1665,5,Morgan,Walker,2006-08-04,Female,2023-10-30,1,Reduced,0,0,No IEP,92,0.92
1666,5,Morgan,Johnson,2008-11-22,Other,2023-05-15,1,Full Price,0,1,No IEP,26,0.93
1667,5,Morgan,Miller,2011-04-01,Other,2022-11-14,1,Free,0,0,Current IEP,68,0.8
1668,5,Parker,Rodriguez,2008-10-03,Other,2022-12-15,1,Full Price,0,0,No IEP,83,0.81
1669,5,Eden,Martinez,2019-06-27,Female,2022-06-28,1,Free,1,0,No IEP,11,0.98
1670,5,Noah,Johnson,2020-12-22,Male,2023-05-03,1,Free,1,0,No IEP,49,0.81
1671,5,Jordan,Martinez,2007-02-01,Female,2023-02-27,1,Reduced,0,0,No IEP,55,0.96
1672,5,Gabriel,Walker,2020-05-24,Female,2023-10-11,1,Free,1,1,Current IEP,82,0.76
1673,5,Noah,Allen,2016-08-04,Female,2023-02-04,1,Free,0,0,No IEP,89,0.88
1674,5,Finley,Rodriguez,2018-10-06,Male,2024-03-03,0,Full Price,0,0,No IEP,59,0.75
1675,5,Finley,Allen,2011-10-14,Male,2022-07-25,1,Free,0,1,No IEP,48,0.85
1676,5,Bailey,Garcia,2017-08-09,Other,2024-01-06,1,Free,0,0,No IEP,59,0.97
1677,5,Logan,Smith,2010-04-08,Male,2023-07-27,1,Reduced,0,0,No IEP,23,0.76
1678,5,Parker,Brown,2009-06-19,Male,2024-01-14,1,Free,1,0,No IEP,70,0.82
1679,5,Isaiah,Smith,2007-01-07,Other,2024-03-25,1,Free,0,0,No IEP,77,0.91
1680,5,Harper,Hall,2014-07-24,Male,2023-04-15,1,Full Price,0,0,No IEP,57,0.77
1681,5,Jordan,Smith,2014-05-07,Other,2024-02-06,1,Free,0,0,No IEP,73,0.94
1682,5,Dakota,Allen,2017-04-13,Female,2023-06-23,1,Reduced,1,0,No IEP,67,0.95
1683,5,Logan,Davis,2009-10-12,Male,2023-06-13,1,Full Price,0,0,No IEP,56,0.72
1684,5,Parker,Rodriguez,2011-08-11,Female,2023-11-14,1,Free,0,0,No IEP,48,0.68
1685,5,Kendrick,White,2010-08-08,Other,2022-09-30,1,Full Price,1,0,No IEP,90,0.92
1686,5,Dakota,White,2006-06-14,Other,2023-06-08,1,Full Price,1,0,Current IEP,66,0.83
1687,5,Dakota,Hall,2018-06-17,Female,2024-02-08,1,Reduced,0,1,No IEP,98,0.93
1688,5,Finley,Williams,2014-09-05,Other,2023-06-20,1,Free,0,0,No IEP,68,0.58
1689,5,Logan,Lee,2014-06-07,Female,2022-12-20,1,Free,0,0,Current IEP,62,0.98
1690,5,Dakota,Martinez,2009-12-10,Male,2024-01-19,0,Reduced,0,0,No IEP,65,0.85
1691,5,Noah,Garcia,2006-03-24,Other,2023-12-24,1,Full Price,0,0,No IEP,51,0.92
1692,5,Parker,Miller,2009-07-14,Other,2023-08-25,1,Free,0,0,No IEP,59,0.79
1693,5,Eden,Walker,2020-11-23,Other,2023-02-07,1,Reduced,0,0,No IEP,83,0.6
1694,5,Bailey,Johnson,2009-05-04,Male,2023-04-10,1,Reduced,0,0,No IEP,1,0.84
1695,5,Kendrick,Smith,2013-07-28,Female,2024-05-24,1,Reduced,0,0,Current IEP,62,0.79
1696,5,Oliver,Johnson,2017-03-24,Female,2023-07-28,1,Full Price,0,0,No IEP,48,0.6
1697,5,Finley,Johnson,2007-11-07,Female,2023-07-03,1,Free,0,0,No IEP,66,0.93
1698,5,Eden,Jones,2011-11-02,Other,2024-04-21,1,Reduced,0,0,No IEP,72,0.89
1699,5,Harper,Garcia,2011-09-24,Female,2023-09-28,1,Reduced,0,0,Current IEP,82,0.94
1700,5,Morgan,Rodriguez,2009-06-11,Female,2022-12-10,1,Free,1,0,Evaluation Pending,15,0.73
1701,5,Isaiah,Rodriguez,2011-02-05,Male,2022-07-13,1,Reduced,0,0,No IEP,67,0.98
1702,5,Kendrick,Walker,2015-02-12,Male,2023-03-07,1,Full Price,0,0,No IEP,75,0.94
1703,5,Isaiah,Martinez,2011-06-17,Other,2024-03-08,0,Free,0,0,No IEP,93,0.93
1704,5,Harper,Jones,2009-03-05,Other,2023-08-23,1,Full Price,0,1,No IEP,61,0.95
1705,5,Isaiah,Davis,2007-08-25,Female,2024-05-22,1,Full Price,0,0,No IEP,38,0.53
1706,5,Alex,Lee,2007-11-17,Male,2024-01-06,1,Free,0,0,No IEP,98,0.96
1707,5,Noah,Johnson,2011-11-06,Male,2024-04-20,1,Full Price,1,0,No IEP,71,0.83
1708,5,Dakota,Jones,2012-12-22,Other,2024-05-02,1,Reduced,0,0,No IEP,91,0.98
1709,5,Eden,Smith,2013-04-08,Male,2023-08-25,1,Free,0,0,No IEP,78,0.74
1710,5,Logan,Johnson,2013-05-08,Other,2024-01-23,1,Full Price,0,1,No IEP,86,0.97
1711,5,Isaiah,White,2006-07-09,Male,2022-11-30,1,Reduced,0,0,No IEP,69,0.73
1712,5,Bailey,Davis,2019-06-09,Other,2023-05-19,1,Free,1,0,No IEP,65,0.72
1713,5,Noah,Jones,2011-08-14,Other,2022-10-24,1,Free,0,1,No IEP,78,0.9
1714,5,Bailey,Garcia,2011-03-17,Male,2023-10-01,1,Reduced,1,0,No IEP,91,0.94
1715,5,Isaiah,Brown,2015-11-10,Other,2023-07-26,1,Free,0,0,No IEP,50,0.92
1716,5,Parker,Martinez,2017-08-16,Other,2024-01-19,1,Full Price,0,1,No IEP,86,0.81
1717,5,Oliver,White,2006-12-16,Other,2023-07-27,1,Reduced,0,0,Current IEP,3,0.74
1718,5,Finley,Young,2008-08-09,Female,2024-01-09,1,Free,0,1,No IEP,59,0.94
1719,5,Morgan,White,2014-09-27,Other,2023-06-07,1,Free,0,0,No IEP,41,0.56
1720,5,Morgan,Davis,2010-11-19,Male,2023-02-06,1,Free,0,1,Evaluation Pending,59,0.74
1721,5,Oliver,Williams,2020-09-25,Other,2023-07-05,1,Reduced,0,0,No IEP,51,0.81
1722,5,Oliver,Garcia,2009-04-21,Female,2022-10-15,1,Free,0,0,No IEP,54,0.75
1723,5,Parker,Young,2015-10-03,Other,2023-03-19,1,Reduced,0,0,No IEP,43,0.82
1724,5,Morgan,Garcia,2006-06-03,Female,2022-11-08,1,Reduced,1,0,No IEP,81,0.88
1725,5,Isaiah,Walker,2018-09-23,Female,2024-04-11,1,Free,0,0,No IEP,76,0.94
1726,5,Logan,Brown,2016-08-04,Other,2023-07-29,1,Reduced,1,0,No IEP,99,0.58
1727,5,Eden,Hall,2010-06-18,Female,2023-10-27,1,Free,1,0,No IEP,83,0.97
1728,5,Noah,Williams,2013-11-19,Other,2022-09-19,0,Full Price,0,0,No IEP,30,0.77
1729,5,Harper,Walker,2012-07-14,Other,2022-09-14,1,Free,0,1,No IEP,84,0.96
1730,5,Kendrick,Smith,2018-08-18,Male,2023-11-05,1,Reduced,0,0,No IEP,69,0.89
1731,5,Gabriel,Hall,2010-11-08,Male,2023-02-07,1,Free,0,0,No IEP,84,0.76
1732,5,Gabriel,Smith,2017-01-21,Female,2023-07-24,1,Free,0,0,No IEP,59,0.71
1733,5,Dakota,Williams,2016-04-24,Other,2024-03-06,1,Full Price,0,0,No IEP,60,0.93
1734,5,Morgan,Young,2013-08-16,Other,2022-08-17,1,Free,0,0,No IEP,103,0.92
1735,5,Parker,Smith,2013-01-22,Male,2024-02-23,1,Free,0,1,Evaluation Pending,109,0.76
1736,5,Logan,White,2012-08-03,Other,2022-12-20,1,Reduced,1,0,No IEP,77,0.76
1737,5,Finley,Jones,2016-04-23,Female,2023-05-07,1,Free,0,0,No IEP,29,0.76
1738,5,Eden,Young,2019-09-20,Female,2023-03-04,1,Reduced,0,0,No IEP,42,0.61
1739,5,Oliver,Jones,2012-09-08,Male,2023-07-22,1,Full Price,1,0,No IEP,62,0.95
1740,5,Kendrick,Brown,2016-11-01,Female,2024-04-04,1,Free,0,0,Current IEP,60,0.6
1741,5,Noah,Hall,2019-04-27,Female,2023-03-21,1,Free,0,0,No IEP,67,0.74
1742,5,Noah,Garcia,2010-09-04,Other,2023-02-25,1,Free,0,0,No IEP,69,0.9
1743,5,Isaiah,White,2020-03-25,Female,2022-08-09,0,Reduced,0,0,No IEP,64,0.51
1744,5,Dakota,Williams,2007-08-25,Female,2023-08-22,1,Reduced,0,0,No IEP,59,0.9
1745,5,Dakota,Davis,2016-02-26,Other,2022-11-30,1,Free,0,0,No IEP,68,0.91
1746,5,Finley,Williams,2020-03-08,Other,2023-04-21,1,Reduced,0,0,No IEP,26,0.78
1747,5,Harper,Jones,2019-12-06,Other,2022-08-28,0,Full Price,0,0,No IEP,38,0.67
1748,5,Jordan,Garcia,2010-05-14,Male,2023-05-31,1,Reduced,0,0,No IEP,87,0.91
1749,5,Parker,Lee,2009-10-22,Other,2023-09-15,0,Free,0,0,No IEP,90,0.81
1750,5,Parker,Miller,2007-08-28,Female,2022-09-24,1,Reduced,0,0,No IEP,60,0.78
1751,5,Alex,Johnson,2014-11-21,Female,2023-09-14,1,Free,1,0,No IEP,96,0.94
1752,5,Eden,Young,2008-09-06,Female,2022-09-08,1,Free,0,0,No IEP,90,0.88
1753,5,Isaiah,Lee,2011-09-03,Other,2023-03-16,1,Full Price,0,0,No IEP,61,0.91
1754,5,Kendrick,White,2014-03-14,Other,2022-07-07,1,Reduced,0,0,No IEP,60,0.95
1755,5,Harper,Young,2006-01-27,Male,2023-06-02,1,Full Price,0,0,No IEP,33,0.58
1756,5,Noah,Miller,2019-10-02,Other,2022-11-01,1,Free,0,0,Current IEP,81,0.98
1757,5,Morgan,White,2009-08-12,Female,2023-03-16,1,Reduced,0,0,No IEP,88,0.76
1758,5,Jordan,Johnson,2010-03-11,Other,2024-02-12,1,Reduced,0,0,No IEP,85,0.81
1759,5,Eden,Johnson,2006-09-01,Male,2022-08-20,1,Free,0,1,No IEP,65,0.78
1760,5,Logan,Hall,2013-07-03,Male,2023-07-19,1,Free,0,0,No IEP,71,0.88
1761,5,Bailey,Hall,2006-05-20,Female,2024-04-12,1,Free,0,0,No IEP,94,0.91
1762,5,Kendrick,Brown,2016-08-02,Other,2022-12-23,1,Free,1,0,No IEP,93,0.76
1763,5,Bailey,Johnson,2016-12-02,Female,2022-07-11,1,Reduced,0,0,No IEP,44,0.67
1764,5,Dakota,Young,2019-01-19,Other,2022-11-08,1,Reduced,1,0,Current IEP,98,0.76
1765,5,Dakota,Garcia,2014-09-04,Female,2024-01-27,1,Free,0,0,No IEP,96,0.68
1766,5,Finley,Walker,2008-08-26,Other,2023-05-12,1,Full Price,0,0,No IEP,61,0.91
1767,5,Noah,Johnson,2016-05-06,Female,2022-10-25,1,Full Price,0,0,No IEP,79,0.72
1768,5,Eden,Allen,2007-12-20,Female,2023-03-24,1,Free,1,0,No IEP,54,0.89
1769,5,Gabriel,Young,2020-04-20,Female,2024-01-28,1,Reduced,0,0,No IEP,87,0.91
1770,5,Noah,Brown,2012-04-12,Male,2024-05-22,1,Free,0,1,No IEP,77,0.95
1771,5,Logan,Martinez,2019-03-28,Other,2023-03-11,1,Free,0,1,No IEP,81,0.91
1772,5,Morgan,Miller,2014-04-10,Male,2022-12-26,1,Free,0,0,Current IEP,78,0.8
1773,5,Jordan,Allen,2017-10-11,Other,2023-09-13,1,Full Price,0,0,No IEP,47,0.9
1774,5,Gabriel,Allen,2014-08-12,Other,2023-02-22,1,Free,0,0,Current IEP,77,0.79
1775,5,Gabriel,Garcia,2012-01-07,Male,2022-12-25,1,Full Price,0,0,No IEP,59,0.5
1776,5,Dakota,Smith,2013-02-13,Female,2022-09-21,1,Full Price,0,0,No IEP,13,0.84
1777,5,Logan,Martinez,2019-11-08,Other,2024-01-23,1,Full Price,0,0,No IEP,93,0.96
1778,5,Bailey,Rodriguez,2019-07-02,Male,2023-07-04,1,Full Price,0,0,No IEP,71,0.92
1779,5,Noah,Brown,2013-04-11,Male,2022-11-06,1,Free,1,0,No IEP,72,0.97
1780,5,Parker,Walker,2019-03-28,Female,2023-01-19,1,Reduced,0,0,No IEP,89,0.95
1781,5,Bailey,Young,2014-02-09,Male,2024-02-19,1,Free,1,0,No IEP,88,0.8
1782,5,Kendrick,Young,2020-10-17,Other,2024-04-01,1,Reduced,0,0,No IEP,56,0.96
1783,5,Kendrick,Martinez,2014-01-04,Female,2024-01-25,1,Full Price,0,0,No IEP,92,0.96
1784,5,Bailey,Johnson,2010-08-27,Other,2023-01-09,1,Reduced,0,0,No IEP,85,0.94
1785,5,Kendrick,Davis,2012-09-16,Female,2023-03-31,0,Full Price,0,0,No IEP,108,0.96
1786,5,Alex,Rodriguez,2015-04-07,Male,2024-03-30,1,Full Price,0,0,No IEP,81,0.89
1787,5,Noah,Garcia,2007-03-26,Female,2024-04-05,1,Reduced,1,0,No IEP,36,0.97
1788,5,Parker,Williams,2018-12-15,Male,2023-04-25,1,Reduced,0,0,No IEP,63,0.92
1789,5,Noah,Young,2011-04-21,Female,2024-02-02,1,Reduced,0,0,No IEP,79,0.94
1790,5,Morgan,White,2018-02-02,Female,2023-03-09,1,Reduced,1,0,No IEP,52,0.9
1791,5,Eden,White,2009-11-20,Other,2023-05-15,1,Reduced,0,0,No IEP,97,0.89
1792,5,Harper,Brown,2007-08-04,Female,2023-07-06,1,Free,1,0,No IEP,68,0.84
1793,5,Oliver,Williams,2008-12-16,Other,2023-07-30,1,Reduced,0,0,No IEP,78,0.92
1794,5,Casey,White,2011-07-03,Female,2023-07-12,0,Free,0,1,No IEP,95,0.93
1795,5,Kendrick,White,2008-10-13,Female,2023-02-17,1,Reduced,1,1,No IEP,43,0.63
1796,5,Eden,Rodriguez,2018-02-04,Female,2022-07-29,1,Free,0,0,Current IEP,95,0.89
1797,5,Eden,Jones,2017-04-27,Male,2024-03-14,1,Full Price,0,0,No IEP,84,0.77
1798,5,Eden,Davis,2007-05-23,Female,2023-03-19,1,Free,0,0,No IEP,94,0.9
1799,5,Jordan,Brown,2011-02-23,Male,2023-11-14,1,Full Price,0,0,No IEP,83,0.92
1800,5,Noah,Lee,2010-08-24,Female,2022-08-07,1,Reduced,0,0,No IEP,63,0.81
1801,5,Parker,Davis,2007-07-25,Other,2022-07-05,1,Free,0,0,No IEP,54,0.77
1802,5,Dakota,Lee,2011-10-13,Other,2023-09-20,1,Reduced,0,0,No IEP,37,0.56
1803,5,Morgan,Hall,2015-09-02,Female,2024-05-03,1,Reduced,0,0,No IEP,55,0.92
1804,5,Morgan,Garcia,2007-12-16,Other,2023-03-15,1,Full Price,1,0,Evaluation Pending,91,0.91
1805,5,Eden,Jones,2017-03-07,Male,2022-07-23,1,Free,0,0,No IEP,28,0.52
1806,5,Casey,Miller,2019-05-26,Male,2023-10-18,1,Reduced,0,0,No IEP,65,0.68
1807,5,Harper,White,2009-05-04,Female,2023-01-09,1,Reduced,0,0,No IEP,92,0.72
1808,5,Logan,Walker,2006-12-28,Other,2022-07-16,1,Reduced,0,0,No IEP,59,0.98
1809,5,Casey,Jones,2012-10-05,Male,2023-07-27,1,Free,0,0,No IEP,72,0.93
1810,5,Jordan,Brown,2009-03-07,Male,2024-04-03,1,Free,0,0,No IEP,37,0.76
1811,5,Dakota,Davis,2013-08-01,Other,2023-09-12,1,Reduced,0,0,No IEP,65,0.83
1812,5,Gabriel,Young,2008-02-12,Male,2024-01-19,1,Free,0,0,No IEP,51,0.97
1813,5,Dakota,Brown,2015-04-26,Male,2022-11-14,1,Reduced,0,0,No IEP,73,0.73
1814,5,Eden,Miller,2011-05-18,Other,2023-07-09,1,Free,0,0,No IEP,57,0.83
1815,5,Finley,Lee,2015-09-16,Other,2022-07-27,1,Reduced,0,0,No IEP,88,0.51
1816,5,Morgan,Miller,2011-04-03,Male,2023-09-27,1,Full Price,0,0,Evaluation Pending,40,0.7
1817,5,Parker,Williams,2015-08-01,Male,2023-06-19,1,Reduced,0,0,No IEP,53,0.9
1818,5,Isaiah,Young,2015-12-10,Male,2024-01-05,1,Reduced,0,0,No IEP,90,0.97
1819,5,Oliver,Brown,2018-03-01,Female,2023-07-01,1,Full Price,0,1,No IEP,26,0.67
1820,5,Noah,Martinez,2014-05-11,Female,2022-07-17,1,Reduced,0,0,No IEP,100,0.75
1821,5,Casey,Walker,2018-12-22,Female,2024-03-04,1,Full Price,0,0,No IEP,87,0.98
1822,5,Casey,Rodriguez,2007-01-12,Other,2023-04-17,1,Free,0,1,No IEP,75,0.94
1823,5,Noah,Martinez,2010-06-09,Other,2023-08-20,1,Reduced,0,0,No IEP,105,0.91
1824,5,Oliver,Allen,2013-01-03,Male,2023-05-31,1,Reduced,0,0,No IEP,46,0.98
1825,5,Kendrick,Smith,2014-05-08,Male,2024-01-31,1,Free,0,0,No IEP,41,0.58
1826,5,Dakota,Johnson,2013-12-08,Male,2023-09-05,1,Free,0,0,No IEP,36,0.6
1827,5,Finley,Martinez,2010-11-10,Male,2023-05-06,1,Reduced,0,0,No IEP,38,0.74
1828,5,Oliver,Lee,2007-10-03,Other,2023-09-20,1,Full Price,0,0,Current IEP,92,0.95
1829,5,Eden,Rodriguez,2010-09-24,Other,2024-05-04,1,Free,0,0,No IEP,99,0.92
1830,5,Eden,Walker,2016-02-19,Male,2022-08-10,1,Reduced,0,0,No IEP,77,0.91
1831,5,Logan,Garcia,2010-07-27,Female,2023-02-27,1,Reduced,0,0,No IEP,67,0.95
1832,5,Noah,Miller,2019-12-19,Other,2022-10-09,1,Full Price,0,0,No IEP,60,0.75
1833,5,Bailey,Jones,2018-06-24,Male,2023-02-23,1,Free,0,0,No IEP,67,0.7
1834,5,Isaiah,Martinez,2016-06-11,Other,2022-08-28,1,Reduced,0,0,Current IEP,78,0.96
1835,5,Gabriel,Smith,2016-11-15,Male,2023-04-01,1,Reduced,1,0,No IEP,45,0.69
1836,5,Finley,Allen,2008-07-01,Male,2023-01-24,1,Reduced,0,1,No IEP,65,0.83
1837,5,Logan,Johnson,2018-01-16,Other,2023-02-04,1,Full Price,0,0,No IEP,64,0.9
1838,5,Noah,Lee,2018-01-28,Other,2023-02-01,1,Free,0,0,No IEP,74,0.93
1839,5,Casey,Miller,2015-04-25,Other,2024-03-10,1,Reduced,1,0,No IEP,59,0.89
1840,5,Morgan,Walker,2010-10-20,Male,2023-09-30,1,Reduced,0,0,Current IEP,46,0.81
1841,5,Dakota,Williams,2006-11-05,Male,2023-09-14,1,Full Price,0,0,Evaluation Pending,21,0.78
1842,5,Gabriel,White,2011-06-28,Other,2022-09-15,1,Full Price,0,0,No IEP,96,0.94
1843,5,Oliver,White,2009-03-22,Male,2023-01-25,1,Reduced,0,0,No IEP,83,0.93
1844,5,Harper,Young,2019-03-13,Other,2023-06-22,1,Full Price,0,0,No IEP,52,0.94
1845,5,Isaiah,White,2020-09-13,Other,2022-07-13,1,Free,0,0,No IEP,64,0.71
1846,5,Bailey,Jones,2008-01-10,Male,2022-09-21,1,Reduced,1,0,No IEP,69,0.58
1847,5,Dakota,Rodriguez,2008-10-13,Male,2022-09-23,1,Free,1,0,No IEP,84,0.95
1848,5,Parker,Johnson,2007-12-02,Other,2022-07-17,1,Free,0,0,No IEP,31,0.6
1849,5,Oliver,Miller,2007-08-07,Male,2023-02-18,1,Reduced,0,1,No IEP,50,0.85
1850,5,Finley,Martinez,2019-01-01,Female,2024-05-19,1,Reduced,0,0,No IEP,34,0.76
1851,5,Casey,Williams,2020-09-23,Male,2023-04-08,1,Free,0,1,Current IEP,25,0.7
1852,5,Eden,White,2017-07-20,Male,2023-09-19,1,Reduced,0,0,No IEP,91,0.91
1853,5,Isaiah,Garcia,2013-03-10,Female,2022-09-11,1,Full Price,0,0,No IEP,60,0.74
1854,5,Parker,Brown,2017-02-10,Other,2022-12-29,1,Full Price,0,0,No IEP,61,0.81
1855,5,Bailey,Martinez,2007-05-24,Female,2022-10-21,1,Free,0,0,No IEP,65,0.93
1856,5,Dakota,Davis,2020-08-22,Other,2023-09-01,1,Full Price,0,0,No IEP,86,0.94
1857,5,Oliver,Hall,2015-11-18,Male,2023-02-25,1,Free,0,1,No IEP,22,0.76
1858,5,Kendrick,Martinez,2012-02-28,Female,2023-05-22,1,Free,1,0,No IEP,72,0.73
1859,5,Jordan,Walker,2017-06-15,Female,2023-02-11,1,Reduced,0,0,No IEP,51,0.78
1860,5,Gabriel,Smith,2012-11-19,Male,2023-01-11,1,Free,0,0,No IEP,41,0.53
1861,5,Bailey,Walker,2014-10-19,Female,2023-10-10,1,Reduced,0,0,No IEP,47,0.56
1862,5,Noah,Brown,2019-12-01,Other,2022-11-25,1,Free,0,0,No IEP,108,0.9
1863,5,Logan,Brown,2019-06-04,Female,2023-04-07,1,Free,1,0,No IEP,92,0.95
1864,5,Harper,Hall,2015-09-16,Male,2023-04-05,1,Full Price,0,0,No IEP,95,0.92
1865,5,Parker,Brown,2011-09-07,Other,2024-04-07,1,Full Price,0,0,No IEP,80,0.91
1866,5,Alex,Smith,2012-05-14,Male,2023-04-22,1,Full Price,0,0,No IEP,54,0.85
1867,5,Jordan,Rodriguez,2014-08-20,Male,2022-09-09,1,Full Price,0,0,No IEP,77,0.76
1868,5,Bailey,Lee,2013-11-26,Male,2024-05-09,1,Free,0,0,No IEP,38,0.72
1869,5,Finley,Lee,2013-01-15,Male,2023-06-23,1,Free,1,0,Current IEP,53,0.6
1870,5,Parker,Walker,2011-01-24,Female,2024-03-11,1,Full Price,0,0,No IEP,55,0.72
1871,5,Isaiah,Johnson,2016-05-24,Female,2023-08-25,1,Reduced,0,0,No IEP,30,0.71
1872,5,Gabriel,Johnson,2018-10-05,Other,2023-12-19,1,Full Price,0,0,No IEP,69,0.96
1873,5,Casey,Jones,2012-11-11,Other,2023-11-03,1,Free,0,0,No IEP,60,0.89
1874,5,Isaiah,Walker,2019-07-18,Male,2023-11-12,1,Full Price,0,0,Current IEP,63,0.57
1875,5,Bailey,Jones,2012-04-01,Female,2023-09-29,1,Full Price,0,0,No IEP,81,0.94
1876,5,Alex,Smith,2016-05-08,Other,2023-09-22,1,Full Price,0,0,No IEP,39,0.82
1877,5,Alex,Walker,2013-04-16,Male,2022-07-27,1,Full Price,0,0,No IEP,40,0.59
1878,5,Logan,Brown,2009-09-23,Female,2024-04-10,1,Free,0,0,No IEP,70,0.96
1879,5,Morgan,Smith,2019-01-13,Female,2023-03-28,1,Reduced,0,1,Current IEP,86,0.97
1880,5,Oliver,Jones,2013-03-21,Female,2022-09-30,1,Reduced,0,0,No IEP,22,0.78
1881,5,Isaiah,Young,2009-09-19,Male,2024-01-19,1,Full Price,0,0,No IEP,20,0.74
1882,5,Casey,Smith,2010-07-23,Female,2023-03-25,1,Reduced,1,0,No IEP,95,0.97
1883,5,Kendrick,Davis,2015-08-04,Male,2023-01-23,1,Full Price,0,0,No IEP,74,0.88
1884,5,Finley,Brown,2020-08-22,Female,2024-03-03,1,Free,0,0,Current IEP,55,0.98
1885,5,Noah,Allen,2010-03-02,Other,2023-09-15,1,Free,0,0,No IEP,41,0.78
1886,5,Kendrick,Allen,2012-06-21,Male,2023-09-08,1,Free,0,0,No IEP,91,0.92
1887,5,Isaiah,Johnson,2018-07-22,Male,2023-03-19,1,Full Price,0,0,No IEP,62,0.79
1888,5,Morgan,Jones,2017-03-12,Other,2023-09-29,1,Reduced,0,0,No IEP,78,0.98
1889,5,Casey,Rodriguez,2020-10-06,Female,2023-03-10,1,Free,0,0,No IEP,100,0.92
1890,5,Bailey,Williams,2017-01-02,Other,2024-03-06,1,Free,0,0,No IEP,46,0.74
1891,5,Parker,Rodriguez,2011-11-23,Male,2023-07-11,1,Free,0,0,No IEP,93,0.89
1892,5,Dakota,Allen,2011-07-12,Female,2022-07-13,1,Free,0,1,No IEP,79,0.97
1893,5,Alex,Allen,2016-05-06,Male,2023-04-07,1,Full Price,0,0,No IEP,81,0.82
1894,5,Parker,White,2015-11-28,Female,2022-08-02,1,Full Price,1,0,No IEP,56,0.97
1895,5,Finley,Johnson,2020-05-24,Male,2023-05-30,1,Full Price,0,0,No IEP,48,0.77
1896,5,Eden,White,2018-08-23,Female,2023-12-08,1,Full Price,0,0,Current IEP,80,0.71
1897,5,Parker,Young,2015-03-09,Other,2023-07-13,1,Free,0,0,No IEP,57,0.84
1898,5,Oliver,Rodriguez,2019-05-06,Other,2022-12-19,1,Reduced,0,0,No IEP,44,0.96
1899,5,Jordan,Williams,2007-01-11,Other,2024-01-14,1,Reduced,0,0,No IEP,66,0.91
1900,5,Isaiah,Johnson,2014-12-28,Female,2023-08-31,1,Reduced,1,0,No IEP,55,0.75
1901,5,Alex,White,2017-04-23,Other,2023-09-22,1,Free,0,0,No IEP,79,0.9
1902,5,Gabriel,Young,2008-11-15,Male,2023-04-18,1,Free,1,1,No IEP,52,0.95
1903,5,Gabriel,Jones,2016-07-11,Female,2024-05-04,1,Full Price,0,0,No IEP,72,0.9
1904,5,Finley,Miller,2013-10-19,Other,2024-04-13,1,Full Price,0,0,No IEP,69,0.65
1905,5,Eden,Garcia,2010-07-26,Male,2023-05-20,1,Free,0,0,No IEP,51,0.82
1906,5,Kendrick,Davis,2015-04-07,Male,2022-10-11,1,Reduced,0,0,No IEP,57,0.59
1907,5,Bailey,Jones,2009-02-26,Male,2022-08-07,1,Full Price,0,0,No IEP,57,0.92
1908,5,Kendrick,Davis,2015-09-21,Male,2022-10-26,1,Full Price,0,0,No IEP,58,0.81
1909,5,Parker,Rodriguez,2020-11-27,Female,2023-10-17,1,Free,0,0,No IEP,96,0.54
1910,5,Oliver,Miller,2009-12-04,Female,2024-02-24,1,Free,0,0,No IEP,35,0.91
1911,5,Isaiah,Miller,2007-09-09,Male,2022-09-25,1,Full Price,0,0,No IEP,76,0.91
1912,5,Dakota,Jones,2016-06-03,Other,2024-03-09,1,Full Price,0,1,No IEP,87,0.73
1913,5,Noah,Hall,2013-12-15,Other,2024-01-12,1,Free,1,0,No IEP,107,0.89
1914,5,Morgan,Walker,2009-12-15,Male,2023-08-20,1,Reduced,0,0,No IEP,101,0.9
1915,5,Noah,Garcia,2006-02-10,Other,2023-06-14,1,Free,0,1,No IEP,8,0.7
1916,5,Alex,White,2019-12-17,Male,2023-06-17,1,Full Price,1,0,Current IEP,47,0.83
1917,5,Noah,Young,2018-01-11,Other,2022-07-30,1,Free,0,0,No IEP,65,0.77
1918,5,Bailey,Young,2016-05-20,Female,2023-01-30,1,Full Price,1,0,No IEP,66,0.72
1919,5,Gabriel,Young,2006-06-20,Female,2022-12-16,1,Reduced,0,0,No IEP,77,0.91
1920,5,Kendrick,Walker,2010-01-04,Male,2022-12-27,1,Full Price,0,0,No IEP,43,0.96
1921,5,Jordan,Hall,2016-05-20,Other,2024-02-25,1,Full Price,0,0,No IEP,25,0.81
1922,5,Harper,White,2012-09-03,Male,2023-06-26,1,Reduced,0,0,No IEP,24,0.53
1923,5,Isaiah,Johnson,2007-06-22,Other,2023-09-20,1,Free,0,0,Current IEP,69,0.7
1924,5,Bailey,Smith,2013-10-17,Female,2022-10-29,1,Free,0,0,No IEP,71,0.64
1925,5,Isaiah,Garcia,2019-01-14,Female,2023-07-31,1,Full Price,0,0,Current IEP,51,0.94
1926,5,Jordan,Smith,2014-01-08,Male,2023-12-19,1,Free,0,0,No IEP,50,0.94
1927,5,Dakota,Martinez,2013-10-27,Female,2023-06-04,1,Full Price,0,0,No IEP,79,0.96
1928,5,Parker,Johnson,2006-09-11,Other,2024-03-01,1,Reduced,0,0,No IEP,6,0.74
1929,5,Kendrick,Lee,2017-08-13,Other,2023-05-21,1,Free,0,0,No IEP,84,0.91
1930,5,Gabriel,White,2015-04-04,Female,2022-11-13,1,Free,0,0,No IEP,85,0.66
1931,5,Noah,Garcia,2008-09-01,Female,2023-08-13,1,Free,1,0,No IEP,52,0.9
1932,5,Finley,Hall,2017-03-12,Other,2023-06-26,1,Reduced,0,0,No IEP,88,0.97
1933,5,Logan,Jones,2013-11-05,Female,2024-05-01,1,Free,0,1,No IEP,82,0.92
1934,5,Jordan,Brown,2013-05-15,Female,2023-05-08,1,Full Price,0,0,No IEP,81,0.9
1935,5,Kendrick,Davis,2012-09-06,Other,2023-10-21,1,Reduced,0,0,No IEP,81,0.92
1936,5,Morgan,Martinez,2016-05-11,Male,2023-10-09,1,Free,0,0,No IEP,109,0.96
1937,5,Dakota,Miller,2014-09-02,Female,2022-07-22,1,Reduced,0,1,No IEP,44,0.67
1938,5,Eden,Jones,2015-02-13,Male,2022-09-26,1,Reduced,0,1,No IEP,83,0.91
1939,5,Kendrick,Allen,2013-03-11,Other,2022-12-22,0,Reduced,0,1,No IEP,67,0.72
1940,5,Morgan,Smith,2008-09-03,Male,2022-11-11,1,Free,1,0,No IEP,69,0.82
1941,5,Gabriel,White,2009-03-25,Male,2023-04-11,1,Free,0,0,No IEP,16,0.78
1942,5,Jordan,Davis,2013-09-10,Other,2023-03-25,1,Full Price,0,0,No IEP,48,0.54
1943,5,Isaiah,Young,2018-03-20,Male,2023-05-06,1,Reduced,0,0,Current IEP,64,0.94
1944,5,Alex,Rodriguez,2011-03-23,Male,2022-08-30,1,Reduced,0,0,No IEP,74,0.9
1945,5,Morgan,Williams,2007-09-19,Male,2022-11-26,0,Free,1,1,Current IEP,52,0.9
1946,5,Gabriel,Young,2019-01-06,Male,2024-03-14,1,Reduced,0,0,No IEP,62,0.71
1947,5,Parker,Garcia,2010-01-21,Other,2024-05-19,1,Free,0,0,No IEP,34,0.76
1948,5,Casey,Johnson,2017-05-27,Other,2023-10-28,1,Full Price,0,1,Current IEP,75,0.98
1949,6,Eden,Rodriguez,2016-01-16,Female,2024-03-09,1,Full Price,0,0,No IEP,85,0.9
1950,6,Dakota,Lee,2011-09-01,Other,2023-09-23,0,Full Price,0,0,No IEP,50,0.92
1951,6,Isaiah,Walker,2013-06-17,Other,2023-05-21,1,Reduced,0,0,No IEP,24,0.74
1952,6,Alex,Hall,2008-12-01,Other,2024-03-25,1,Reduced,0,0,No IEP,31,0.68
1953,6,Finley,Jones,2020-11-21,Other,2022-10-10,1,Free,0,0,No IEP,96,0.77
1954,6,Parker,Williams,2012-01-27,Male,2022-11-21,1,Reduced,0,0,No IEP,98,0.8
1955,6,Kendrick,Miller,2007-02-28,Female,2023-09-09,1,Free,1,0,No IEP,52,0.81
1956,6,Eden,Young,2008-12-05,Other,2022-08-20,1,Reduced,1,0,No IEP,70,0.64
1957,6,Gabriel,Allen,2015-01-15,Female,2022-12-08,1,Free,0,0,No IEP,94,0.94
1958,6,Logan,Rodriguez,2011-02-16,Female,2023-06-29,1,Free,0,0,No IEP,93,0.89
1959,6,Dakota,Smith,2006-09-06,Other,2023-05-31,1,Reduced,0,0,No IEP,84,0.94
1960,6,Kendrick,Johnson,2006-09-09,Female,2023-04-29,1,Reduced,0,0,Current IEP,54,0.83
1961,6,Logan,Lee,2009-02-09,Male,2022-10-15,1,Full Price,0,0,No IEP,72,0.97
1962,6,Bailey,Walker,2008-03-17,Male,2022-07-06,1,Full Price,0,0,No IEP,98,0.75
1963,6,Noah,White,2006-08-26,Female,2023-03-08,1,Reduced,0,0,No IEP,60,0.78
1964,6,Logan,Martinez,2017-01-28,Female,2024-05-07,1,Full Price,1,0,No IEP,57,0.79
1965,6,Noah,Lee,2018-10-15,Other,2023-03-07,1,Free,0,0,No IEP,68,0.74
1966,6,Noah,Hall,2009-06-22,Male,2023-12-05,1,Free,0,0,No IEP,103,0.88
1967,6,Noah,Johnson,2013-06-26,Other,2023-04-14,1,Reduced,0,1,No IEP,63,0.94
1968,6,Isaiah,Miller,2008-05-03,Male,2023-09-24,1,Reduced,0,0,No IEP,63,0.95
1969,6,Parker,Davis,2008-12-12,Female,2023-03-28,1,Full Price,0,0,Current IEP,31,0.56
1970,6,Alex,Smith,2019-09-28,Other,2023-07-17,1,Reduced,0,0,No IEP,63,0.89
1971,6,Isaiah,Williams,2014-09-22,Other,2022-07-11,0,Full Price,1,0,No IEP,68,0.83
1972,6,Noah,Miller,2017-02-09,Other,2023-11-17,1,Free,1,0,No IEP,72,0.93
1973,6,Harper,Martinez,2008-10-04,Other,2022-09-29,1,Free,0,0,No IEP,88,0.88
1974,6,Parker,Brown,2009-09-03,Female,2022-10-28,1,Free,0,0,No IEP,76,0.89
1975,6,Parker,Young,2009-07-01,Male,2024-04-20,1,Free,0,0,No IEP,91,0.93
1976,6,Harper,Young,2017-10-21,Male,2023-09-11,1,Reduced,0,0,Current IEP,61,0.95
1977,6,Noah,Jones,2006-04-25,Male,2022-11-02,0,Free,0,0,No IEP,92,0.8
1978,6,Parker,Johnson,2016-02-09,Other,2024-02-27,1,Full Price,0,0,No IEP,52,0.89
1979,6,Finley,Miller,2013-08-18,Other,2024-02-07,1,Reduced,1,0,No IEP,102,0.94
1980,6,Harper,Allen,2008-09-19,Other,2023-02-17,0,Free,0,1,No IEP,66,0.92
1981,6,Isaiah,Walker,2014-04-11,Female,2023-09-10,1,Reduced,0,0,No IEP,76,0.95
1982,6,Jordan,Garcia,2015-04-25,Other,2023-08-15,1,Free,0,0,No IEP,108,0.89
1983,6,Casey,Hall,2008-02-24,Male,2023-05-31,1,Reduced,0,0,No IEP,86,0.89
1984,6,Alex,Hall,2006-06-11,Male,2023-10-09,0,Reduced,0,0,No IEP,88,0.65
1985,6,Logan,Rodriguez,2020-03-12,Male,2024-05-21,1,Full Price,0,0,No IEP,98,0.96
1986,6,Morgan,Johnson,2010-06-11,Female,2022-12-08,1,Reduced,0,0,No IEP,62,0.85
1987,6,Kendrick,Miller,2015-02-15,Female,2023-04-06,1,Full Price,0,0,No IEP,0,0.69
1988,6,Oliver,Lee,2015-08-11,Female,2023-02-05,1,Full Price,0,0,No IEP,71,0.74
1989,6,Morgan,Hall,2008-12-02,Other,2023-03-24,1,Full Price,0,0,No IEP,13,0.78
1990,6,Kendrick,Brown,2018-03-26,Other,2023-07-02,1,Full Price,0,0,No IEP,60,0.91
1991,6,Casey,Miller,2019-05-28,Other,2023-12-08,1,Full Price,0,0,Current IEP,49,0.7
1992,6,Noah,Walker,2013-08-28,Other,2023-11-17,1,Reduced,1,0,No IEP,56,0.83
1993,6,Gabriel,Jones,2018-12-05,Female,2024-04-01,1,Free,0,1,No IEP,53,0.93
1994,6,Isaiah,Rodriguez,2011-04-18,Other,2023-06-23,1,Free,0,0,No IEP,89,0.66
1995,6,Alex,White,2007-09-14,Male,2023-09-26,1,Free,0,0,No IEP,76,0.96
1996,6,Eden,Walker,2011-05-09,Female,2022-10-04,1,Reduced,0,1,No IEP,29,0.71
1997,6,Morgan,Smith,2013-04-15,Other,2022-07-30,1,Reduced,0,0,No IEP,47,0.71
1998,6,Dakota,Miller,2015-10-21,Other,2022-09-09,1,Full Price,0,0,No IEP,70,0.8
1999,6,Parker,Williams,2013-09-13,Male,2022-09-06,1,Reduced,0,0,No IEP,97,0.91
2000,6,Jordan,Allen,2012-05-01,Other,2023-09-29,1,Free,0,0,No IEP,88,0.96
2001,6,Dakota,Young,2006-07-06,Male,2023-07-09,1,Reduced,0,0,No IEP,54,0.98
2002,6,Morgan,Lee,2015-01-10,Other,2023-09-12,1,Reduced,0,0,No IEP,98,0.88
2003,6,Kendrick,Young,2007-06-17,Other,2022-09-17,1,Full Price,0,0,Current IEP,43,0.96
2004,6,Kendrick,Allen,2007-10-10,Male,2022-07-27,0,Reduced,0,0,No IEP,87,0.97
2005,6,Gabriel,Williams,2012-09-10,Male,2024-02-29,1,Full Price,0,0,No IEP,62,0.83
2006,6,Eden,Johnson,2016-04-25,Other,2023-04-03,1,Full Price,0,0,No IEP,62,0.94
2007,6,Gabriel,Lee,2016-04-11,Other,2024-04-01,1,Free,0,0,No IEP,39,0.65
2008,6,Jordan,Young,2019-06-28,Male,2022-11-26,1,Full Price,0,0,No IEP,76,0.8
2009,6,Kendrick,Martinez,2007-07-23,Female,2022-12-26,1,Free,0,0,No IEP,95,0.95
2010,6,Isaiah,Hall,2007-05-08,Other,2024-02-16,1,Free,0,0,No IEP,75,0.77
2011,6,Parker,White,2011-04-01,Female,2023-09-07,1,Reduced,0,0,No IEP,70,0.72
2012,6,Logan,Hall,2017-03-17,Female,2022-08-16,1,Free,0,0,No IEP,42,0.53
2013,6,Logan,Young,2017-09-15,Other,2023-10-13,1,Full Price,0,0,No IEP,83,0.94
2014,6,Logan,Rodriguez,2015-07-25,Other,2023-06-11,1,Free,0,0,No IEP,68,0.92
2015,6,Oliver,Walker,2008-09-15,Female,2022-07-09,1,Reduced,0,0,No IEP,56,0.7
2016,6,Morgan,Martinez,2011-09-09,Female,2022-07-16,1,Free,0,0,No IEP,90,0.96
2017,6,Casey,Garcia,2010-01-25,Male,2023-08-23,1,Reduced,0,0,No IEP,17,0.72
2018,6,Parker,Williams,2017-01-16,Other,2023-04-16,1,Free,0,0,No IEP,74,0.68
2019,6,Harper,Garcia,2017-02-11,Male,2024-04-29,1,Full Price,1,0,No IEP,71,0.68
2020,6,Morgan,White,2018-03-07,Male,2023-04-28,1,Free,0,0,No IEP,94,0.88
2021,6,Casey,Martinez,2007-02-18,Male,2024-04-15,0,Reduced,0,1,No IEP,66,0.93
2022,6,Noah,Lee,2013-09-21,Female,2022-08-28,1,Free,0,0,No IEP,88,0.95
2023,6,Alex,Miller,2009-12-27,Female,2023-04-12,1,Reduced,0,0,No IEP,75,0.96
2024,6,Oliver,Johnson,2006-01-01,Male,2022-11-21,1,Full Price,0,0,No IEP,5,0.54
2025,6,Eden,Miller,2018-01-07,Female,2022-09-02,1,Free,0,0,No IEP,64,0.71
2026,6,Alex,Allen,2009-12-03,Male,2023-09-13,1,Free,1,0,No IEP,98,0.71
2027,6,Dakota,Young,2006-07-14,Male,2023-04-13,1,Free,0,0,No IEP,107,0.72
2028,6,Jordan,Brown,2019-05-16,Male,2022-07-25,1,Reduced,0,0,No IEP,61,0.96
2029,6,Parker,Davis,2016-11-27,Other,2023-02-02,1,Free,0,1,No IEP,52,0.91
2030,6,Bailey,Young,2016-11-26,Male,2022-07-28,1,Full Price,1,0,No IEP,57,0.7
2031,6,Casey,Walker,2016-11-21,Other,2022-08-17,1,Free,0,0,No IEP,82,0.95
2032,6,Noah,Garcia,2018-09-24,Other,2022-12-24,1,Reduced,0,0,No IEP,81,0.97
2033,6,Gabriel,Allen,2018-04-11,Female,2023-11-09,1,Reduced,0,0,No IEP,19,0.75
2034,6,Jordan,Davis,2020-01-20,Female,2023-09-13,1,Free,0,0,No IEP,52,0.95
2035,6,Bailey,Rodriguez,2009-06-09,Other,2023-07-20,1,Free,0,0,No IEP,60,0.84
2036,6,Isaiah,Brown,2019-10-15,Other,2023-11-15,1,Full Price,0,0,No IEP,51,0.96
2037,6,Oliver,Brown,2018-04-12,Other,2024-01-13,1,Reduced,0,0,No IEP,59,0.96
2038,6,Noah,Allen,2017-05-18,Female,2022-08-22,1,Free,0,0,No IEP,80,0.92
2039,6,Eden,Rodriguez,2012-09-18,Male,2024-04-07,1,Free,0,0,No IEP,63,0.94
2040,6,Dakota,Rodriguez,2007-11-25,Female,2023-01-12,1,Reduced,0,0,No IEP,65,0.89
2041,6,Oliver,White,2019-02-05,Female,2022-10-12,1,Reduced,0,0,No IEP,63,0.56
2042,6,Alex,Miller,2011-01-26,Other,2023-11-07,1,Free,0,1,No IEP,89,0.94
2043,6,Noah,Lee,2019-09-15,Male,2024-02-15,1,Full Price,0,0,No IEP,76,0.95
2044,6,Alex,Smith,2008-12-08,Male,2023-03-28,0,Full Price,0,0,Current IEP,20,0.75
2045,6,Bailey,Williams,2019-07-19,Other,2022-12-05,1,Free,0,0,No IEP,82,0.8
2046,6,Eden,Young,2016-12-05,Other,2023-04-20,1,Full Price,0,0,No IEP,45,0.75
2047,6,Parker,Martinez,2008-10-11,Female,2022-07-16,1,Free,1,0,No IEP,73,0.96
2048,6,Dakota,Allen,2009-02-22,Other,2023-05-22,0,Free,0,0,No IEP,58,0.77
2049,6,Jordan,Williams,2017-07-15,Other,2022-08-12,1,Reduced,0,0,No IEP,46,0.95
2050,6,Parker,Garcia,2020-09-09,Female,2022-12-21,1,Free,0,0,No IEP,71,0.97
2051,6,Parker,Garcia,2019-01-27,Male,2024-04-09,1,Reduced,0,0,No IEP,72,0.94
2052,6,Kendrick,Walker,2020-12-25,Female,2023-01-01,1,Reduced,1,0,No IEP,53,0.63
2053,6,Finley,Rodriguez,2019-10-21,Other,2022-09-18,1,Reduced,1,0,Current IEP,80,0.95
2054,6,Parker,White,2007-03-27,Female,2022-10-17,1,Reduced,0,0,Current IEP,76,0.77
2055,6,Noah,Davis,2006-05-21,Female,2022-11-27,1,Full Price,1,1,No IEP,47,0.93
2056,6,Noah,Garcia,2018-09-28,Female,2024-01-08,1,Full Price,0,0,No IEP,22,0.88
2057,6,Finley,Hall,2014-05-28,Other,2023-03-28,1,Free,1,0,No IEP,76,0.75
2058,6,Jordan,Young,2012-01-10,Male,2022-08-07,1,Free,1,0,No IEP,53,0.92
2059,6,Oliver,Walker,2018-11-20,Female,2023-11-06,1,Free,0,0,No IEP,66,0.75
2060,6,Alex,Brown,2009-12-23,Female,2023-09-15,1,Full Price,0,0,No IEP,92,0.94
2061,6,Isaiah,White,2019-05-20,Male,2023-08-28,1,Free,0,0,No IEP,70,0.78
2062,6,Kendrick,Johnson,2015-09-10,Male,2023-10-20,1,Reduced,0,0,No IEP,76,0.94
2063,6,Parker,Rodriguez,2017-01-05,Other,2023-02-22,1,Reduced,0,0,No IEP,80,0.88
2064,6,Harper,Young,2014-04-04,Other,2023-02-27,1,Free,0,0,No IEP,65,0.97
2065,6,Parker,Williams,2009-02-25,Female,2023-08-31,1,Full Price,0,0,No IEP,52,0.96
2066,6,Bailey,Jones,2020-09-24,Male,2023-08-09,0,Free,0,0,No IEP,78,0.73
2067,6,Harper,Walker,2019-07-09,Male,2023-07-26,1,Reduced,0,0,Current IEP,53,0.92
2068,6,Dakota,White,2006-03-21,Male,2023-12-01,1,Full Price,0,0,No IEP,51,0.95
2069,6,Eden,Garcia,2016-05-02,Female,2023-07-10,1,Full Price,0,0,No IEP,62,0.94
2070,6,Finley,Miller,2012-05-02,Other,2024-03-07,1,Full Price,0,0,Evaluation Pending,103,0.88
2071,6,Gabriel,Young,2016-05-17,Female,2023-10-07,1,Free,0,0,No IEP,45,0.58
2072,6,Jordan,Martinez,2009-08-12,Male,2023-10-30,1,Full Price,1,0,No IEP,90,0.98
2073,6,Eden,Garcia,2011-04-06,Female,2023-06-29,1,Free,1,0,No IEP,69,0.81
2074,6,Casey,Williams,2015-05-23,Male,2024-02-07,1,Full Price,0,0,No IEP,96,0.77
2075,6,Kendrick,Rodriguez,2008-03-05,Female,2023-10-16,1,Free,0,1,No IEP,46,0.68
2076,6,Kendrick,Johnson,2008-11-19,Female,2024-03-28,1,Reduced,0,0,No IEP,11,0.92
2077,6,Morgan,Rodriguez,2011-01-25,Other,2023-05-01,1,Full Price,0,0,No IEP,37,0.54
2078,6,Morgan,Johnson,2011-03-16,Male,2023-10-17,1,Reduced,0,0,No IEP,64,0.9
2079,6,Oliver,Miller,2012-09-24,Other,2024-03-15,1,Free,0,0,No IEP,63,0.94
2080,6,Kendrick,Garcia,2008-12-06,Male,2022-09-24,1,Full Price,0,0,No IEP,42,0.69
2081,6,Eden,Martinez,2015-06-13,Female,2023-07-31,1,Reduced,0,0,No IEP,90,0.8
2082,6,Logan,Miller,2009-06-18,Other,2022-08-04,1,Full Price,0,0,No IEP,54,0.9
2083,6,Kendrick,White,2015-06-19,Female,2023-05-17,1,Reduced,0,0,No IEP,81,0.96
2084,6,Jordan,Hall,2009-11-15,Female,2023-11-20,1,Reduced,0,0,No IEP,83,0.93
2085,6,Alex,Garcia,2014-06-27,Male,2023-09-12,1,Free,0,0,No IEP,86,0.71
2086,6,Noah,Young,2016-07-21,Other,2024-02-09,0,Reduced,0,0,No IEP,80,0.83
2087,6,Eden,Smith,2011-07-11,Female,2022-10-20,1,Reduced,1,0,No IEP,67,0.9
2088,6,Kendrick,Allen,2009-09-08,Other,2023-07-24,1,Reduced,0,0,No IEP,93,0.91
2089,6,Oliver,Hall,2007-05-10,Male,2023-11-16,1,Reduced,0,1,Evaluation Pending,45,0.97
2090,6,Alex,Walker,2017-07-20,Other,2024-04-24,1,Free,1,0,No IEP,61,0.81
2091,6,Casey,Rodriguez,2015-10-06,Male,2022-07-26,1,Reduced,1,0,No IEP,14,0.71
2092,6,Alex,Miller,2020-02-12,Other,2023-08-27,1,Reduced,0,0,No IEP,31,0.88
2093,6,Logan,Brown,2012-05-24,Male,2023-02-24,1,Reduced,0,1,No IEP,105,0.91
2094,6,Logan,Miller,2014-05-04,Male,2023-04-23,1,Reduced,0,0,No IEP,35,0.89
2095,6,Oliver,Jones,2017-06-24,Male,2022-12-31,1,Full Price,0,0,No IEP,45,0.72
2096,6,Harper,Allen,2020-01-04,Other,2024-05-04,0,Full Price,0,0,No IEP,76,0.88
2097,6,Oliver,Brown,2007-10-05,Other,2022-09-28,1,Full Price,0,0,No IEP,104,0.7
2098,6,Bailey,Jones,2010-07-14,Female,2024-03-07,1,Reduced,0,0,No IEP,59,0.74
2099,6,Oliver,Jones,2019-05-07,Male,2023-04-17,1,Reduced,0,0,No IEP,84,0.97
2100,6,Logan,Williams,2013-12-23,Male,2023-02-10,1,Full Price,0,0,No IEP,60,0.93
2101,6,Kendrick,Brown,2014-11-05,Female,2023-11-22,1,Full Price,1,0,Current IEP,76,0.96
2102,6,Finley,White,2012-07-16,Male,2022-10-02,1,Free,0,0,No IEP,61,0.67
2103,6,Alex,Smith,2009-11-02,Female,2022-10-05,1,Free,0,0,No IEP,75,0.92
2104,6,Jordan,Rodriguez,2016-02-19,Other,2022-08-27,1,Full Price,0,0,No IEP,40,0.62
2105,6,Dakota,Rodriguez,2012-10-18,Male,2024-04-05,1,Reduced,0,0,No IEP,62,0.81
2106,6,Bailey,Martinez,2007-04-27,Female,2023-02-19,1,Full Price,0,1,No IEP,69,0.8
2107,6,Bailey,Miller,2011-07-16,Female,2022-08-03,1,Reduced,0,0,Current IEP,92,0.79
2108,6,Eden,White,2019-01-17,Male,2023-10-29,1,Reduced,1,0,No IEP,85,0.83
2109,6,Dakota,Hall,2013-01-20,Other,2022-11-19,1,Reduced,0,0,No IEP,30,0.9
2110,6,Harper,Rodriguez,2018-12-22,Other,2023-05-28,1,Free,1,0,No IEP,36,0.78
2111,6,Morgan,Smith,2017-12-28,Male,2023-12-04,1,Free,0,0,No IEP,107,0.89
2112,6,Gabriel,Young,2008-05-12,Male,2024-02-21,1,Full Price,0,0,No IEP,79,0.93
2113,6,Bailey,Johnson,2014-09-11,Female,2023-02-28,1,Full Price,0,0,No IEP,64,0.9
2114,6,Kendrick,Garcia,2009-04-10,Female,2024-02-07,1,Reduced,0,0,Current IEP,63,0.73
2115,6,Noah,Lee,2008-09-20,Female,2024-01-31,1,Free,0,0,No IEP,86,0.95
2116,6,Kendrick,Smith,2011-12-08,Other,2022-11-06,1,Free,0,0,No IEP,49,0.82
2117,6,Kendrick,Davis,2012-03-22,Other,2022-09-15,1,Free,1,0,No IEP,88,0.91
2118,6,Alex,Williams,2013-06-02,Other,2024-05-07,1,Reduced,0,0,Current IEP,69,0.72
2119,6,Parker,Brown,2010-05-21,Female,2023-07-03,1,Reduced,1,0,No IEP,29,0.79
2120,6,Noah,Young,2020-08-28,Female,2023-07-14,1,Free,0,0,No IEP,42,0.9
2121,6,Isaiah,White,2018-05-03,Female,2022-08-11,1,Free,0,0,No IEP,76,0.95
2122,6,Kendrick,Williams,2012-08-17,Male,2023-03-26,1,Reduced,0,0,No IEP,74,0.82
2123,6,Bailey,Jones,2012-06-14,Other,2024-03-16,1,Free,0,0,No IEP,56,0.93
2124,6,Harper,Rodriguez,2020-08-25,Male,2023-03-15,1,Free,0,0,No IEP,87,0.94
2125,6,Morgan,White,2018-06-13,Male,2024-01-15,1,Full Price,0,0,No IEP,62,0.92
2126,6,Jordan,Garcia,2018-03-22,Male,2023-07-17,1,Free,1,0,No IEP,78,0.85
2127,6,Morgan,Garcia,2019-08-02,Female,2023-04-13,1,Reduced,0,0,No IEP,53,0.85
2128,6,Oliver,Davis,2014-09-11,Female,2023-02-18,1,Full Price,0,1,No IEP,25,0.6
2129,6,Bailey,Young,2018-07-07,Female,2023-09-02,1,Free,0,0,No IEP,88,0.75
2130,6,Casey,White,2007-04-13,Female,2023-05-31,1,Free,0,0,No IEP,67,0.96
2131,6,Morgan,Allen,2006-08-13,Male,2022-08-08,1,Free,1,0,No IEP,101,0.96
2132,6,Morgan,Young,2016-02-21,Female,2022-08-18,1,Reduced,0,0,No IEP,44,0.8
2133,6,Harper,Young,2011-04-09,Female,2023-11-30,1,Full Price,0,0,No IEP,45,0.62
2134,6,Alex,Young,2007-01-14,Female,2023-06-05,1,Reduced,0,0,No IEP,98,0.67
2135,6,Alex,Davis,2009-06-08,Male,2024-02-15,1,Reduced,0,0,No IEP,86,0.74
2136,6,Oliver,White,2006-01-08,Male,2024-02-12,1,Reduced,0,0,No IEP,44,0.59
2137,6,Morgan,White,2011-10-17,Other,2022-11-06,1,Full Price,0,0,No IEP,40,0.91
2138,6,Eden,Allen,2016-08-25,Male,2023-07-22,1,Reduced,0,0,No IEP,104,0.97
2139,6,Kendrick,Johnson,2008-07-20,Other,2022-10-08,1,Full Price,1,0,No IEP,59,0.72
2140,6,Bailey,Brown,2013-06-01,Other,2024-01-08,1,Reduced,0,0,No IEP,91,0.88
2141,6,Alex,Lee,2012-11-23,Female,2024-03-05,1,Reduced,1,0,No IEP,60,0.85
2142,6,Logan,Martinez,2019-10-11,Other,2023-08-18,1,Reduced,0,0,No IEP,43,0.84
2143,6,Morgan,Rodriguez,2013-02-16,Other,2022-09-23,1,Full Price,0,1,No IEP,81,0.96
2144,6,Alex,Brown,2011-02-11,Other,2022-10-15,1,Reduced,1,0,No IEP,53,0.7
2145,6,Dakota,Walker,2010-04-11,Male,2023-05-18,1,Full Price,0,0,No IEP,73,0.83
2146,6,Alex,Rodriguez,2018-10-16,Male,2023-06-07,1,Free,0,0,No IEP,102,0.8
2147,6,Jordan,Brown,2007-02-21,Other,2022-06-25,1,Free,1,1,No IEP,63,0.91
2148,6,Kendrick,Hall,2018-09-23,Male,2022-10-09,1,Full Price,0,0,No IEP,36,0.58
2149,6,Gabriel,Johnson,2018-04-16,Male,2022-12-14,1,Reduced,0,0,No IEP,78,0.89
2150,6,Isaiah,Smith,2014-12-19,Female,2022-11-03,1,Free,0,0,No IEP,64,0.73
2151,6,Dakota,Jones,2014-11-07,Other,2024-02-11,1,Full Price,1,0,No IEP,56,0.97
2152,6,Oliver,Johnson,2011-02-27,Male,2023-12-07,1,Reduced,1,0,No IEP,53,0.76
2153,6,Kendrick,Jones,2013-11-14,Male,2023-03-10,1,Free,0,0,No IEP,31,0.56
2154,6,Morgan,Lee,2014-06-21,Female,2024-02-24,1,Full Price,0,0,No IEP,90,0.89
2155,6,Bailey,Lee,2009-04-17,Other,2023-04-23,1,Reduced,0,1,No IEP,61,0.91
2156,6,Casey,Smith,2011-12-17,Female,2024-05-17,1,Free,0,0,No IEP,74,0.94
2157,6,Casey,Rodriguez,2011-10-12,Other,2022-10-06,1,Free,0,0,No IEP,35,0.68
2158,6,Bailey,Garcia,2008-01-05,Other,2024-01-04,1,Full Price,0,0,No IEP,33,0.91
2159,6,Jordan,Walker,2016-07-05,Other,2022-07-31,1,Free,1,0,No IEP,54,0.91
2160,6,Alex,Walker,2009-06-22,Other,2024-05-08,1,Free,0,0,Current IEP,11,0.74
2161,6,Finley,Walker,2008-07-22,Other,2023-03-14,1,Full Price,1,0,No IEP,24,0.76
2162,6,Bailey,Young,2013-02-04,Other,2023-03-07,1,Reduced,1,0,No IEP,89,0.93
2163,6,Logan,Davis,2008-04-21,Other,2024-01-14,1,Free,0,0,No IEP,21,0.96
2164,6,Noah,White,2007-01-16,Male,2023-04-04,1,Full Price,0,0,Current IEP,91,0.92
2165,6,Morgan,Smith,2018-03-13,Female,2024-02-02,1,Reduced,0,0,No IEP,37,0.77
2166,6,Logan,Smith,2014-09-22,Male,2022-11-21,1,Reduced,0,1,Current IEP,84,0.95
2167,6,Jordan,Davis,2019-08-20,Male,2023-01-01,1,Reduced,1,0,No IEP,64,0.89
2168,6,Oliver,Young,2018-05-19,Female,2023-02-10,1,Reduced,0,0,No IEP,38,0.76
2169,6,Gabriel,Lee,2009-05-21,Other,2023-09-19,1,Reduced,0,0,No IEP,71,0.82
2170,6,Alex,Williams,2013-08-07,Male,2022-09-17,1,Free,0,0,No IEP,80,0.92
2171,6,Finley,Lee,2008-02-16,Female,2024-02-03,1,Reduced,0,0,No IEP,79,0.92
2172,6,Casey,Smith,2010-07-10,Other,2023-12-17,1,Reduced,0,0,No IEP,84,0.91
2173,6,Harper,Garcia,2019-02-24,Other,2024-02-05,1,Reduced,0,0,No IEP,88,0.88
2174,6,Isaiah,Martinez,2011-11-12,Male,2024-05-23,1,Free,0,1,Current IEP,65,0.97
2175,6,Harper,Garcia,2006-02-27,Female,2024-04-20,1,Full Price,0,0,No IEP,82,0.94
2176,6,Finley,Garcia,2015-01-16,Male,2023-11-23,1,Free,0,1,No IEP,96,0.93
2177,6,Jordan,Garcia,2008-09-24,Female,2023-12-07,0,Reduced,0,0,No IEP,47,0.84
2178,6,Finley,Jones,2016-04-17,Male,2022-11-29,1,Full Price,1,0,No IEP,63,0.65
2179,6,Bailey,Martinez,2010-02-23,Male,2023-08-05,1,Free,0,0,No IEP,80,0.9
2180,6,Bailey,Rodriguez,2013-08-22,Female,2022-10-03,1,Free,0,0,No IEP,59,0.71
2181,6,Noah,Young,2016-01-11,Male,2023-05-15,1,Reduced,0,0,Current IEP,51,0.71
2182,6,Logan,Williams,2019-02-19,Other,2023-11-15,0,Reduced,0,0,No IEP,104,0.91
2183,6,Oliver,Garcia,2008-10-03,Female,2022-07-05,1,Full Price,0,0,No IEP,69,0.89
2184,6,Parker,Garcia,2008-03-22,Female,2023-06-03,1,Full Price,0,0,No IEP,54,0.92
2185,6,Gabriel,White,2019-09-07,Female,2023-09-26,1,Free,0,0,No IEP,60,0.94
2186,6,Eden,White,2012-06-01,Other,2022-12-07,1,Reduced,0,0,No IEP,68,0.97
2187,6,Finley,White,2015-10-08,Other,2023-12-17,1,Free,0,0,No IEP,73,0.77
2188,6,Gabriel,Jones,2010-05-01,Other,2022-10-18,1,Full Price,0,0,No IEP,52,0.92
2189,6,Bailey,Martinez,2011-01-20,Male,2022-09-06,1,Reduced,0,0,No IEP,66,0.63
2190,6,Finley,Jones,2011-02-26,Female,2024-01-15,1,Free,0,0,No IEP,45,0.53
2191,6,Casey,Allen,2019-01-18,Female,2022-10-10,1,Full Price,0,0,No IEP,42,0.84
2192,6,Morgan,Hall,2009-12-10,Female,2023-11-02,1,Reduced,0,0,Current IEP,76,0.7
2193,6,Bailey,Allen,2016-04-14,Other,2024-05-21,1,Full Price,0,0,No IEP,63,0.72
2194,6,Noah,Young,2012-07-02,Other,2023-02-10,1,Free,0,0,No IEP,96,0.92
2195,6,Dakota,Allen,2018-03-14,Male,2023-06-04,1,Reduced,0,0,No IEP,74,0.95
2196,6,Casey,Smith,2008-04-09,Female,2023-12-28,1,Reduced,1,0,No IEP,32,0.53
2197,6,Kendrick,Williams,2011-04-11,Other,2022-11-18,1,Free,0,0,No IEP,58,0.93
2198,6,Isaiah,Young,2017-11-03,Other,2023-03-01,1,Free,0,0,No IEP,109,0.94
2199,6,Eden,Martinez,2014-06-25,Other,2023-12-06,1,Free,0,0,No IEP,51,0.92
2200,6,Gabriel,Brown,2016-05-11,Male,2022-11-01,1,Free,0,0,Current IEP,61,0.8
2201,6,Alex,White,2007-11-26,Other,2023-10-09,1,Free,1,0,No IEP,64,0.71
2202,6,Alex,Hall,2006-10-25,Female,2023-03-24,1,Reduced,0,0,No IEP,75,0.66
2203,6,Oliver,Lee,2007-12-23,Other,2022-11-04,1,Free,0,1,No IEP,69,0.94
2204,6,Noah,Brown,2007-05-23,Male,2022-09-10,1,Reduced,0,1,No IEP,85,0.97
2205,6,Logan,Johnson,2013-10-12,Female,2024-01-17,1,Reduced,1,0,No IEP,87,0.91
2206,6,Jordan,Miller,2008-06-18,Other,2022-12-22,1,Free,0,0,No IEP,82,0.97
2207,6,Isaiah,Davis,2018-08-23,Female,2023-02-02,1,Reduced,0,1,No IEP,68,0.97
2208,6,Bailey,Allen,2007-11-19,Other,2023-03-04,1,Reduced,0,0,No IEP,63,0.57
2209,6,Jordan,Davis,2009-02-10,Other,2024-03-23,1,Free,0,0,No IEP,77,0.93
2210,6,Alex,Walker,2019-03-24,Other,2024-04-21,1,Reduced,0,0,No IEP,77,0.72
2211,6,Parker,Lee,2011-02-22,Other,2023-09-10,0,Free,0,0,No IEP,96,0.96
2212,6,Bailey,Martinez,2020-02-23,Other,2024-02-14,1,Free,0,0,No IEP,74,0.9
2213,6,Isaiah,Young,2008-03-20,Other,2023-07-04,1,Free,0,0,No IEP,33,0.5
2214,6,Eden,Hall,2009-04-07,Male,2022-08-31,1,Free,0,0,No IEP,19,0.6
2215,6,Bailey,Brown,2010-07-26,Male,2023-03-27,1,Full Price,0,0,No IEP,59,0.54
2216,6,Gabriel,Miller,2015-05-23,Other,2024-04-12,1,Full Price,0,1,No IEP,49,0.85
2217,6,Gabriel,Garcia,2019-04-03,Other,2023-02-15,1,Reduced,0,0,No IEP,32,0.52
2218,6,Alex,Jones,2016-11-26,Female,2024-04-27,1,Full Price,0,0,No IEP,70,0.97
2219,6,Morgan,Garcia,2016-05-26,Male,2024-03-20,1,Free,0,0,No IEP,99,0.9
2220,6,Logan,White,2009-03-17,Female,2024-03-13,1,Reduced,0,0,No IEP,65,0.74
2221,6,Jordan,Johnson,2020-03-23,Female,2024-02-23,1,Free,0,0,No IEP,17,0.73
2222,6,Logan,Rodriguez,2014-05-25,Female,2023-05-20,1,Free,0,1,No IEP,75,0.88
2223,6,Kendrick,Johnson,2011-03-12,Female,2024-02-07,1,Reduced,0,0,No IEP,88,0.77
2224,6,Oliver,Garcia,2006-10-11,Female,2023-10-24,1,Free,0,0,No IEP,44,0.89
2225,6,Dakota,Young,2006-07-14,Female,2022-08-04,1,Reduced,0,0,No IEP,29,0.84
2226,6,Morgan,Walker,2012-07-06,Male,2023-12-12,1,Free,0,0,No IEP,33,0.75
2227,6,Finley,Walker,2015-07-10,Other,2022-10-22,1,Reduced,0,0,No IEP,54,0.91
2228,6,Noah,Martinez,2011-06-03,Male,2022-07-15,1,Reduced,0,0,Evaluation Pending,57,0.88
2229,6,Bailey,Rodriguez,2011-12-13,Female,2023-03-29,1,Reduced,0,0,No IEP,60,0.9
2230,6,Alex,Garcia,2019-03-11,Male,2023-11-19,1,Full Price,0,0,No IEP,60,0.72
2231,6,Dakota,Rodriguez,2019-09-15,Female,2022-07-06,1,Reduced,1,0,No IEP,84,0.92
2232,6,Jordan,Williams,2015-07-19,Female,2023-06-23,1,Free,0,0,No IEP,58,0.81
2233,6,Jordan,Young,2008-04-25,Male,2024-01-09,1,Free,0,0,No IEP,77,0.91
2234,6,Dakota,Young,2006-11-09,Male,2022-10-24,0,Reduced,0,0,No IEP,71,0.51
2235,6,Casey,Garcia,2010-09-21,Female,2022-07-06,1,Reduced,0,0,No IEP,105,0.91
2236,6,Oliver,Smith,2011-08-27,Other,2024-04-19,1,Reduced,1,0,No IEP,74,0.98
2237,6,Morgan,Lee,2020-06-19,Female,2022-07-08,1,Free,0,1,No IEP,64,0.96
2238,6,Noah,Smith,2015-09-21,Male,2024-01-11,1,Free,1,0,No IEP,96,0.95
2239,6,Parker,Miller,2007-12-09,Other,2022-07-21,1,Free,0,0,No IEP,49,0.55
2240,6,Parker,Smith,2009-02-18,Other,2023-01-22,1,Full Price,0,0,No IEP,58,0.74
2241,6,Oliver,Smith,2017-11-15,Male,2023-10-01,1,Reduced,0,0,No IEP,57,0.83
2242,6,Eden,Garcia,2014-01-10,Female,2023-01-14,1,Reduced,0,0,No IEP,89,0.96
2243,6,Eden,Lee,2013-10-19,Male,2022-12-14,0,Full Price,0,0,No IEP,88,0.97
2244,6,Parker,Martinez,2010-04-09,Male,2024-02-15,1,Full Price,1,0,No IEP,61,0.82
2245,6,Bailey,Williams,2015-11-11,Male,2023-12-02,1,Full Price,0,0,No IEP,51,0.9
2246,6,Eden,Martinez,2010-01-15,Other,2023-04-07,1,Free,0,0,No IEP,41,0.77
2247,6,Isaiah,Hall,2012-09-23,Other,2023-12-20,1,Reduced,0,1,No IEP,82,0.95
2248,6,Oliver,Jones,2010-11-25,Male,2022-12-21,1,Free,0,0,No IEP,99,0.91
2249,6,Noah,Walker,2013-08-10,Other,2023-05-21,1,Free,0,0,No IEP,69,0.88
2250,6,Casey,White,2014-09-10,Male,2022-12-18,1,Full Price,1,0,No IEP,66,0.91
2251,6,Dakota,Walker,2015-05-27,Male,2022-12-30,1,Free,0,0,Evaluation Pending,58,0.9
2252,6,Eden,Johnson,2006-08-10,Male,2023-10-29,1,Free,0,1,No IEP,83,0.89
2253,6,Logan,Garcia,2019-02-01,Other,2023-03-12,1,Reduced,0,0,No IEP,53,0.84
2254,6,Logan,Brown,2020-12-02,Other,2022-11-12,1,Full Price,0,0,No IEP,92,0.69
2255,6,Harper,Rodriguez,2017-03-25,Other,2022-07-10,0,Free,0,0,No IEP,31,0.66
2256,6,Isaiah,Johnson,2020-10-22,Male,2023-07-03,1,Free,0,0,Current IEP,54,0.91
2257,6,Harper,Smith,2019-11-17,Other,2024-04-22,1,Reduced,0,0,No IEP,99,0.95
2258,6,Noah,Williams,2009-01-05,Female,2022-10-16,1,Reduced,0,0,No IEP,87,0.89
2259,6,Eden,Miller,2018-02-03,Other,2023-12-10,1,Reduced,0,0,No IEP,104,0.92
2260,6,Eden,Davis,2020-02-13,Male,2024-03-28,1,Reduced,1,0,No IEP,98,0.92
2261,6,Oliver,Williams,2012-12-23,Other,2023-03-31,1,Full Price,0,0,No IEP,85,0.91
2262,6,Dakota,Williams,2006-03-20,Other,2023-11-26,1,Free,0,0,No IEP,39,0.61
2263,6,Logan,Garcia,2006-03-19,Male,2023-12-19,1,Full Price,0,0,No IEP,63,0.92
2264,6,Gabriel,Hall,2017-06-08,Female,2022-07-06,1,Full Price,0,0,Current IEP,56,0.89
2265,6,Casey,White,2013-05-21,Female,2023-12-13,1,Free,0,0,Current IEP,104,0.93
2266,6,Bailey,Hall,2018-05-08,Female,2023-12-30,1,Full Price,0,0,No IEP,52,0.75
2267,6,Harper,Walker,2016-03-03,Male,2023-11-13,1,Reduced,0,0,No IEP,58,0.84
2268,6,Alex,Davis,2010-06-17,Other,2024-05-20,1,Full Price,0,0,Current IEP,30,0.55
2269,6,Jordan,Garcia,2012-11-19,Other,2023-08-31,1,Reduced,0,0,No IEP,58,0.96
2270,6,Noah,White,2018-03-25,Female,2023-01-22,1,Full Price,1,0,No IEP,58,0.98
2271,6,Jordan,Allen,2012-08-03,Other,2023-03-02,1,Reduced,0,0,No IEP,69,0.89
2272,6,Casey,White,2013-06-15,Male,2024-02-06,1,Full Price,1,0,No IEP,10,0.65
2273,6,Jordan,Williams,2009-11-02,Male,2022-06-24,1,Free,0,0,No IEP,71,0.96
2274,6,Harper,White,2009-01-20,Female,2023-12-19,1,Free,0,0,No IEP,78,0.74
2275,6,Bailey,Williams,2013-01-01,Female,2023-09-28,1,Full Price,0,0,No IEP,61,0.66
2276,6,Morgan,Brown,2015-01-17,Female,2023-02-06,1,Full Price,1,0,No IEP,28,0.76
2277,6,Kendrick,Brown,2007-12-02,Male,2024-05-18,1,Full Price,0,0,Current IEP,92,0.89
2278,6,Casey,Johnson,2017-02-10,Other,2023-05-03,1,Free,0,0,No IEP,74,0.72
2279,6,Morgan,Brown,2019-07-15,Male,2023-11-23,1,Full Price,0,0,No IEP,72,0.94
2280,6,Eden,Lee,2011-05-21,Other,2023-09-08,1,Reduced,0,0,Current IEP,89,0.91
2281,6,Kendrick,Rodriguez,2006-09-15,Female,2023-12-02,1,Full Price,0,0,No IEP,54,0.72
2282,6,Oliver,Martinez,2012-05-17,Male,2024-02-22,1,Reduced,0,0,No IEP,79,0.72
2283,6,Noah,Garcia,2006-10-13,Male,2024-04-10,1,Full Price,0,0,Current IEP,94,0.9
2284,6,Kendrick,Martinez,2010-12-10,Female,2022-09-08,1,Reduced,0,0,No IEP,70,0.95
2285,6,Gabriel,Jones,2016-03-26,Female,2023-02-18,1,Reduced,0,0,No IEP,33,0.77
2286,6,Gabriel,Smith,2010-12-01,Male,2024-01-14,1,Full Price,0,0,No IEP,64,0.82
2287,6,Harper,Miller,2020-06-13,Female,2022-10-26,1,Free,1,0,No IEP,53,0.78
2288,6,Alex,Brown,2017-04-08,Other,2023-03-26,1,Free,0,1,No IEP,87,0.91
2289,6,Eden,Miller,2013-02-12,Male,2023-01-17,1,Free,1,0,No IEP,101,0.83
2290,6,Eden,Brown,2017-06-03,Male,2023-04-06,1,Reduced,0,1,No IEP,59,0.76
2291,6,Eden,Young,2019-11-14,Other,2023-08-27,1,Free,0,0,No IEP,50,0.93
2292,6,Harper,White,2020-02-09,Male,2023-12-08,1,Full Price,0,0,No IEP,97,0.9
2293,6,Casey,Allen,2015-08-10,Other,2023-10-11,1,Reduced,0,0,Current IEP,16,0.66
2294,6,Parker,Garcia,2019-11-10,Female,2024-04-02,1,Reduced,0,0,No IEP,54,0.74
2295,6,Morgan,Brown,2008-02-25,Female,2023-08-04,1,Free,0,0,No IEP,54,0.95
2296,6,Gabriel,Davis,2016-10-11,Male,2024-04-22,1,Reduced,1,0,No IEP,87,0.93
2297,6,Parker,Miller,2008-02-06,Female,2022-07-24,1,Free,0,0,No IEP,55,0.62
2298,6,Jordan,Garcia,2009-02-11,Male,2024-02-17,1,Reduced,0,0,Current IEP,81,0.92
2299,6,Casey,Johnson,2013-06-26,Female,2024-03-14,1,Full Price,0,0,No IEP,61,0.98
2300,6,Eden,Allen,2020-11-18,Other,2023-01-15,1,Reduced,0,0,No IEP,46,0.54
2301,6,Morgan,Hall,2011-10-19,Male,2024-02-09,1,Reduced,0,0,Current IEP,56,0.82
2302,6,Casey,Lee,2017-07-25,Other,2023-04-15,1,Free,0,0,No IEP,69,0.74
2303,6,Logan,Brown,2008-09-11,Male,2024-02-13,1,Reduced,0,0,No IEP,66,0.8
2304,6,Isaiah,Rodriguez,2017-04-01,Male,2024-03-22,1,Free,0,0,Current IEP,83,0.78
2305,6,Gabriel,Brown,2013-07-08,Male,2023-01-10,1,Full Price,0,0,Current IEP,64,0.97
2306,6,Finley,Lee,2017-01-15,Other,2023-03-08,1,Reduced,1,0,No IEP,45,0.75
2307,6,Gabriel,Jones,2011-07-25,Female,2024-05-05,1,Full Price,0,0,No IEP,65,0.76
2308,6,Alex,Smith,2010-02-18,Other,2024-05-10,1,Free,0,1,No IEP,74,0.92
2309,6,Harper,Brown,2014-10-18,Female,2022-11-07,1,Free,0,1,No IEP,33,0.62
2310,6,Eden,Jones,2007-07-05,Female,2023-02-03,1,Free,1,0,No IEP,87,0.88
2311,6,Oliver,Rodriguez,2014-10-08,Male,2024-02-05,1,Free,0,0,No IEP,96,0.75
2312,6,Kendrick,Allen,2012-07-21,Female,2023-11-20,1,Free,1,0,No IEP,85,0.9
2313,6,Alex,Miller,2011-04-10,Female,2023-09-10,0,Reduced,0,0,No IEP,63,0.93
2314,6,Parker,Miller,2014-10-18,Other,2023-02-28,1,Full Price,0,0,No IEP,54,0.74
2315,6,Logan,Johnson,2013-09-23,Other,2023-01-28,1,Reduced,0,0,No IEP,50,0.75
2316,6,Harper,Martinez,2009-02-01,Female,2022-11-13,1,Reduced,0,0,No IEP,64,0.97
2317,6,Harper,Davis,2015-04-13,Female,2023-02-23,1,Reduced,0,0,No IEP,66,0.96
2318,6,Alex,Miller,2017-11-09,Male,2022-06-24,1,Free,0,0,No IEP,73,0.84
2319,6,Morgan,Hall,2016-05-14,Other,2024-01-29,1,Full Price,0,0,No IEP,97,0.95
2320,7,Logan,Young,2014-12-19,Female,2022-12-31,1,Free,0,0,Current IEP,79,0.93
2321,7,Logan,Brown,2019-01-18,Other,2023-07-29,1,Reduced,0,0,No IEP,69,0.92
2322,7,Alex,Davis,2013-03-13,Female,2022-07-08,1,Free,1,0,No IEP,66,0.97
2323,7,Jordan,Walker,2007-08-14,Male,2024-02-16,1,Full Price,0,0,No IEP,52,0.92
2324,7,Oliver,Hall,2006-02-05,Other,2022-11-19,1,Reduced,0,0,Current IEP,59,0.95
2325,7,Gabriel,Rodriguez,2019-09-27,Other,2023-11-06,1,Reduced,0,0,Current IEP,55,0.89
2326,7,Oliver,Johnson,2008-04-13,Other,2024-04-03,1,Full Price,0,0,No IEP,15,0.71
2327,7,Morgan,Garcia,2009-02-25,Female,2023-07-23,1,Reduced,0,0,No IEP,82,0.91
2328,7,Kendrick,Williams,2010-08-25,Female,2024-01-01,1,Reduced,0,0,No IEP,109,0.88
2329,7,Kendrick,Williams,2009-10-13,Female,2023-12-29,1,Free,0,1,No IEP,50,0.81
2330,7,Oliver,Young,2020-02-22,Female,2022-11-27,1,Free,0,0,No IEP,96,0.77
2331,7,Finley,Young,2016-10-28,Female,2022-09-13,1,Reduced,0,0,No IEP,87,0.95
2332,7,Jordan,Allen,2019-06-27,Other,2023-08-01,1,Reduced,0,0,No IEP,90,0.88
2333,7,Morgan,Hall,2016-09-16,Male,2023-07-18,1,Free,0,0,No IEP,78,0.91
2334,7,Noah,Rodriguez,2013-04-01,Other,2022-11-27,1,Free,0,0,No IEP,64,0.95
2335,7,Kendrick,Walker,2010-12-21,Other,2024-03-08,1,Free,0,0,Current IEP,46,0.81
2336,7,Casey,Johnson,2012-01-05,Female,2023-11-25,1,Full Price,0,0,No IEP,44,0.76
2337,7,Harper,Miller,2007-04-17,Male,2022-08-19,1,Reduced,0,0,No IEP,69,0.94
2338,7,Morgan,Walker,2017-03-24,Male,2023-04-12,1,Free,0,0,No IEP,68,0.93
2339,7,Isaiah,Hall,2016-01-22,Male,2022-09-02,1,Full Price,0,0,No IEP,58,0.55
2340,7,Oliver,Hall,2017-08-15,Other,2023-05-31,1,Full Price,0,0,No IEP,26,0.85
2341,7,Harper,Miller,2017-01-12,Male,2023-10-03,1,Free,0,0,No IEP,77,0.98
2342,7,Isaiah,Brown,2012-10-18,Female,2024-01-25,1,Free,1,0,No IEP,23,0.74
2343,7,Kendrick,Johnson,2011-01-15,Male,2023-01-27,1,Reduced,0,0,No IEP,47,0.73
2344,7,Finley,Martinez,2017-11-26,Female,2023-05-27,1,Full Price,1,0,No IEP,60,0.94
2345,7,Jordan,Hall,2014-02-23,Male,2023-02-01,1,Reduced,0,0,No IEP,85,0.93
2346,7,Bailey,Smith,2008-03-16,Male,2023-12-12,1,Full Price,0,0,No IEP,46,0.84
2347,7,Morgan,Smith,2012-02-14,Other,2022-09-06,1,Free,0,0,No IEP,66,0.74
2348,7,Harper,Garcia,2019-03-28,Female,2024-05-18,1,Free,0,0,No IEP,26,0.65
2349,7,Casey,Young,2007-07-19,Other,2023-07-19,1,Full Price,0,1,No IEP,88,0.56
2350,7,Gabriel,Allen,2011-02-21,Male,2022-10-01,1,Reduced,0,1,No IEP,97,0.95
2351,7,Eden,Young,2016-09-19,Other,2024-01-30,1,Full Price,0,0,Current IEP,23,0.64
2352,7,Gabriel,Brown,2009-10-04,Male,2024-05-17,1,Free,0,0,No IEP,82,0.89
2353,7,Noah,Walker,2014-05-15,Male,2022-10-22,1,Free,0,0,No IEP,64,0.78
2354,7,Logan,Hall,2011-01-19,Other,2023-09-08,1,Free,0,1,No IEP,64,0.71
2355,7,Logan,Smith,2007-06-20,Male,2024-01-04,1,Full Price,0,0,No IEP,83,0.71
2356,7,Harper,Young,2013-03-19,Other,2022-11-21,0,Free,0,1,No IEP,93,0.77
2357,7,Jordan,Garcia,2018-05-22,Other,2022-10-22,1,Free,1,0,No IEP,86,0.7
2358,7,Harper,Smith,2012-10-18,Male,2022-07-31,1,Free,0,0,No IEP,62,0.93
2359,7,Kendrick,Hall,2018-09-13,Female,2024-05-11,1,Free,0,0,No IEP,46,0.73
2360,7,Bailey,Williams,2006-06-09,Male,2024-04-04,1,Full Price,0,0,No IEP,78,0.91
2361,7,Dakota,Walker,2007-11-25,Other,2022-10-29,1,Full Price,0,0,No IEP,77,0.98
2362,7,Morgan,Hall,2020-07-18,Other,2022-09-22,1,Full Price,0,0,No IEP,75,0.93
2363,7,Jordan,Jones,2016-04-26,Other,2023-04-12,1,Reduced,0,0,No IEP,47,0.75
2364,7,Kendrick,Johnson,2019-11-12,Male,2023-07-12,1,Reduced,1,0,No IEP,71,0.76
2365,7,Gabriel,Young,2009-03-24,Male,2023-06-06,1,Reduced,0,1,No IEP,61,0.68
2366,7,Isaiah,Miller,2007-02-07,Other,2022-09-08,1,Free,0,0,No IEP,76,0.97
2367,7,Kendrick,Young,2013-08-19,Other,2023-07-15,1,Free,1,0,No IEP,60,0.73
2368,7,Dakota,Walker,2010-03-17,Female,2023-12-24,1,Reduced,1,0,No IEP,51,0.79
2369,7,Finley,Smith,2007-02-27,Female,2022-07-08,1,Free,0,0,No IEP,66,0.97
2370,7,Casey,White,2010-09-03,Male,2024-03-07,1,Reduced,0,0,No IEP,57,0.93
2371,7,Gabriel,Hall,2010-09-02,Female,2023-06-06,1,Free,0,0,No IEP,39,0.74
2372,7,Gabriel,Smith,2014-10-20,Male,2023-09-04,1,Free,0,0,No IEP,58,0.71
2373,7,Parker,Davis,2011-04-02,Male,2024-05-21,1,Reduced,0,0,No IEP,50,0.88
2374,7,Bailey,Lee,2013-10-02,Female,2023-11-19,1,Free,0,0,No IEP,47,0.76
2375,7,Gabriel,Rodriguez,2019-06-04,Male,2022-07-22,1,Free,0,0,No IEP,94,0.89
2376,7,Casey,Martinez,2006-11-23,Male,2022-08-15,1,Full Price,0,0,No IEP,60,0.79
2377,7,Finley,Allen,2019-01-02,Female,2024-02-23,1,Full Price,0,0,No IEP,76,0.91
2378,7,Finley,Jones,2010-06-03,Other,2023-10-29,1,Full Price,0,0,No IEP,57,0.79
2379,7,Gabriel,Miller,2013-07-16,Female,2023-05-27,1,Full Price,1,1,No IEP,65,0.93
2380,7,Isaiah,Garcia,2008-02-10,Female,2024-01-15,1,Free,0,0,No IEP,73,0.96
2381,7,Eden,Walker,2011-05-07,Male,2023-02-15,1,Free,0,0,No IEP,58,0.79
2382,7,Eden,Martinez,2008-08-04,Female,2024-03-20,1,Free,0,1,No IEP,57,0.98
2383,7,Finley,Brown,2020-07-20,Other,2024-03-07,1,Free,0,0,No IEP,23,0.53
2384,7,Dakota,Lee,2008-11-02,Female,2023-12-08,1,Full Price,0,0,No IEP,63,0.76
2385,7,Finley,Hall,2014-04-11,Female,2022-12-29,1,Reduced,0,0,No IEP,81,0.94
2386,7,Dakota,Walker,2019-05-11,Female,2022-10-26,1,Full Price,0,0,No IEP,71,0.97
2387,7,Noah,Williams,2018-10-24,Female,2023-12-11,0,Reduced,0,0,Evaluation Pending,70,0.83
2388,7,Oliver,Martinez,2015-07-04,Male,2022-10-17,1,Reduced,0,0,No IEP,73,0.84
2389,7,Kendrick,Miller,2010-04-06,Female,2024-02-21,0,Reduced,0,0,No IEP,51,0.97
2390,7,Morgan,Walker,2012-02-10,Other,2022-12-28,1,Full Price,0,0,No IEP,68,0.93
2391,7,Eden,Young,2011-06-19,Female,2022-06-24,0,Full Price,0,0,No IEP,83,0.91
2392,7,Kendrick,Garcia,2012-12-04,Male,2022-09-08,1,Full Price,0,0,No IEP,63,0.67
2393,7,Dakota,Lee,2016-02-26,Female,2024-05-19,1,Free,0,1,No IEP,88,0.88
2394,7,Casey,Garcia,2016-03-26,Female,2024-03-04,1,Free,0,0,No IEP,74,0.91
2395,7,Jordan,Martinez,2017-03-12,Other,2023-11-24,1,Reduced,0,0,No IEP,53,0.81
2396,7,Dakota,Garcia,2014-03-10,Female,2022-07-28,1,Full Price,0,0,No IEP,52,0.96
2397,7,Dakota,Lee,2015-10-03,Male,2023-01-11,1,Reduced,0,0,No IEP,0,0.67
2398,7,Logan,Young,2019-03-25,Female,2023-06-01,1,Free,1,0,No IEP,93,0.93
2399,7,Casey,Miller,2009-04-03,Male,2023-10-05,1,Reduced,0,0,Evaluation Pending,13,0.54
2400,7,Gabriel,Rodriguez,2018-12-19,Male,2023-07-21,1,Free,0,0,No IEP,46,0.54
2401,7,Finley,Garcia,2017-09-25,Other,2023-05-02,1,Free,0,0,No IEP,61,0.91
2402,7,Kendrick,Davis,2016-11-08,Female,2023-07-01,1,Reduced,0,0,No IEP,89,0.94
2403,7,Oliver,Miller,2006-01-15,Female,2023-03-08,0,Free,1,0,Current IEP,52,0.95
2404,7,Noah,Rodriguez,2016-03-15,Male,2023-08-23,1,Free,0,0,No IEP,74,0.88
2405,7,Finley,Hall,2011-10-17,Female,2023-08-07,1,Free,0,0,No IEP,47,0.8
2406,7,Noah,White,2008-02-20,Other,2023-01-11,1,Free,0,0,No IEP,78,0.97
2407,7,Kendrick,Jones,2011-07-01,Female,2024-01-23,1,Free,0,0,No IEP,57,0.98
2408,7,Gabriel,Garcia,2017-12-11,Female,2023-04-07,1,Free,0,0,Current IEP,31,0.61
2409,7,Casey,Williams,2012-03-02,Male,2022-10-20,1,Free,0,0,No IEP,10,0.68
2410,7,Bailey,Young,2014-03-05,Male,2022-08-23,0,Free,0,0,No IEP,85,0.96
2411,7,Parker,Davis,2015-09-27,Other,2022-11-18,1,Free,0,0,Evaluation Pending,75,0.95
2412,7,Noah,Lee,2014-02-10,Female,2023-12-16,1,Full Price,0,0,No IEP,50,0.81
2413,7,Dakota,Young,2020-03-02,Male,2023-04-08,1,Reduced,1,1,No IEP,40,0.71
2414,7,Oliver,Allen,2010-04-07,Male,2023-09-24,1,Full Price,0,0,No IEP,93,0.98
2415,7,Alex,Jones,2011-12-17,Female,2024-03-31,1,Reduced,0,1,No IEP,94,0.97
2416,7,Dakota,Allen,2007-04-05,Male,2022-07-04,1,Free,1,0,No IEP,63,0.69
2417,7,Kendrick,Jones,2017-06-26,Other,2022-07-14,1,Free,0,0,No IEP,50,0.92
2418,7,Bailey,Brown,2007-01-06,Other,2024-01-24,1,Full Price,0,0,No IEP,64,0.76
2419,7,Gabriel,Walker,2019-04-11,Other,2023-06-10,1,Full Price,0,0,No IEP,71,0.78
2420,7,Morgan,Johnson,2018-03-15,Male,2023-08-21,1,Reduced,0,0,No IEP,108,0.89
2421,7,Oliver,Johnson,2010-06-03,Male,2023-01-31,1,Full Price,0,0,Evaluation Pending,67,0.61
2422,7,Casey,Rodriguez,2016-12-08,Male,2022-11-03,1,Free,0,0,No IEP,18,0.89
2423,7,Noah,Davis,2010-04-09,Female,2023-12-26,0,Free,0,1,No IEP,89,0.91
2424,7,Morgan,Martinez,2016-07-10,Other,2024-04-10,1,Full Price,0,0,Current IEP,47,0.67
2425,7,Harper,Martinez,2014-05-09,Male,2023-01-10,1,Reduced,0,0,No IEP,34,0.68
2426,7,Isaiah,Rodriguez,2008-02-16,Other,2024-03-01,1,Full Price,1,0,No IEP,89,0.9
2427,7,Gabriel,Walker,2006-09-09,Other,2023-04-21,1,Full Price,1,0,No IEP,68,0.55
2428,7,Isaiah,Brown,2018-11-14,Female,2023-05-16,1,Reduced,1,0,No IEP,71,0.82
2429,7,Gabriel,Walker,2007-10-14,Female,2024-02-29,1,Full Price,0,0,No IEP,82,0.93
2430,7,Isaiah,Johnson,2017-09-14,Male,2023-06-12,1,Reduced,0,0,No IEP,47,0.75
2431,7,Dakota,Smith,2009-02-23,Male,2024-05-14,1,Reduced,0,0,No IEP,83,0.89
2432,7,Alex,Brown,2010-05-02,Female,2024-05-17,1,Reduced,1,0,No IEP,27,0.67
2433,7,Morgan,Miller,2006-07-20,Male,2022-07-06,1,Full Price,0,0,No IEP,89,0.91
2434,7,Morgan,Young,2014-11-16,Male,2023-03-21,1,Reduced,0,0,No IEP,98,0.73
2435,7,Casey,Martinez,2016-02-23,Male,2022-10-18,1,Full Price,0,0,No IEP,72,0.79
2436,7,Morgan,Young,2011-09-19,Other,2024-04-15,1,Free,0,0,Current IEP,87,0.91
2437,7,Jordan,Miller,2009-09-24,Male,2022-12-03,1,Full Price,1,0,No IEP,67,0.67
2438,7,Finley,White,2012-04-08,Male,2023-11-25,1,Reduced,0,0,No IEP,58,0.95
2439,7,Jordan,Hall,2012-09-14,Male,2022-07-23,1,Full Price,0,1,Current IEP,63,0.54
2440,7,Isaiah,Hall,2015-08-14,Male,2024-05-21,1,Reduced,0,1,No IEP,71,0.81
2441,7,Alex,Walker,2017-08-25,Other,2023-05-31,1,Free,1,0,No IEP,62,0.95
2442,7,Finley,White,2010-06-14,Male,2023-08-18,1,Full Price,0,0,No IEP,36,0.67
2443,7,Morgan,Smith,2014-11-15,Male,2022-10-21,0,Full Price,0,0,No IEP,48,0.81
2444,7,Morgan,Hall,2015-09-11,Male,2023-11-09,1,Free,0,0,No IEP,82,0.93
2445,7,Noah,Walker,2012-09-11,Other,2022-07-29,1,Reduced,0,0,No IEP,109,0.94
2446,7,Logan,Williams,2017-07-12,Male,2022-10-07,1,Reduced,0,0,No IEP,42,0.74
2447,7,Oliver,Allen,2014-04-19,Female,2023-02-01,1,Free,0,1,No IEP,66,0.98
2448,7,Morgan,Young,2014-11-23,Female,2023-03-02,1,Free,1,0,No IEP,82,0.97
2449,7,Morgan,Lee,2019-02-12,Male,2023-06-27,1,Free,0,0,No IEP,64,0.89
2450,7,Dakota,Martinez,2014-07-27,Female,2024-01-17,1,Full Price,1,1,No IEP,78,0.93
2451,7,Jordan,Williams,2011-12-05,Female,2022-10-22,1,Full Price,0,0,No IEP,56,0.89
2452,7,Alex,Garcia,2017-03-26,Female,2022-09-17,1,Free,0,0,No IEP,57,0.84
2453,7,Oliver,White,2007-04-10,Other,2023-08-14,1,Free,0,0,No IEP,70,0.96
2454,7,Harper,Walker,2008-10-17,Other,2022-07-16,0,Free,0,0,No IEP,71,0.82
2455,7,Bailey,Jones,2008-05-10,Female,2022-10-11,1,Reduced,0,0,No IEP,107,0.78
2456,7,Noah,Rodriguez,2006-07-24,Female,2022-09-16,1,Reduced,0,0,No IEP,26,0.51
2457,7,Bailey,Garcia,2010-08-10,Other,2023-08-24,1,Reduced,1,0,No IEP,86,0.85
2458,7,Bailey,Lee,2008-05-27,Male,2024-01-04,1,Reduced,0,0,No IEP,21,0.71
2459,7,Alex,White,2018-04-10,Female,2022-11-21,1,Free,0,0,No IEP,97,0.92
2460,7,Logan,Martinez,2014-04-15,Other,2023-07-12,1,Full Price,0,0,No IEP,63,0.89
2461,7,Casey,Jones,2014-11-22,Male,2023-11-28,1,Full Price,0,0,No IEP,36,0.56
2462,7,Noah,Young,2009-01-15,Female,2022-09-01,1,Reduced,0,0,No IEP,43,0.93
2463,7,Dakota,Walker,2008-12-14,Other,2023-07-22,1,Free,0,0,No IEP,55,0.96
2464,7,Alex,Smith,2018-04-28,Female,2023-07-27,1,Free,0,0,No IEP,56,0.79
2465,7,Oliver,Garcia,2008-09-27,Other,2023-01-26,0,Free,0,0,Current IEP,52,0.89
2466,7,Dakota,Hall,2017-11-21,Female,2022-08-11,1,Reduced,0,0,No IEP,57,0.94
2467,7,Alex,Johnson,2015-09-28,Male,2023-06-18,1,Full Price,0,0,No IEP,82,0.89
2468,7,Dakota,Smith,2014-02-10,Female,2022-10-02,1,Free,0,0,Current IEP,55,0.96
2469,7,Logan,Young,2015-12-14,Male,2024-02-12,1,Full Price,0,0,No IEP,87,0.88
2470,7,Bailey,Walker,2011-03-28,Female,2024-03-31,1,Reduced,0,0,No IEP,44,0.57
2471,7,Isaiah,Allen,2018-10-28,Male,2022-08-13,1,Reduced,0,1,Current IEP,86,0.76
2472,7,Parker,Davis,2019-09-26,Male,2024-05-11,1,Free,0,0,No IEP,81,0.97
2473,7,Bailey,Brown,2014-06-09,Male,2023-10-09,1,Reduced,0,0,Evaluation Pending,46,0.68
2474,7,Isaiah,White,2012-10-25,Male,2024-03-05,1,Reduced,0,0,No IEP,20,0.97
2475,7,Logan,Walker,2007-11-17,Male,2023-08-06,1,Reduced,0,0,No IEP,26,0.63
2476,7,Morgan,Lee,2007-01-04,Other,2023-10-20,1,Reduced,0,0,Evaluation Pending,33,0.61
2477,7,Casey,White,2016-08-08,Male,2023-07-24,1,Reduced,1,1,No IEP,88,0.73
2478,7,Parker,Young,2012-06-14,Other,2024-04-09,1,Reduced,0,0,No IEP,59,0.9
2479,7,Finley,Jones,2007-02-23,Male,2022-12-24,1,Free,0,0,No IEP,66,0.98
2480,7,Noah,Brown,2009-09-22,Female,2024-05-02,1,Reduced,0,0,No IEP,75,0.9
2481,7,Eden,Lee,2020-06-17,Male,2023-07-05,1,Free,0,0,No IEP,79,0.69
2482,7,Logan,Davis,2017-05-18,Other,2022-11-06,1,Free,0,0,No IEP,85,0.98
2483,7,Casey,Williams,2017-07-22,Female,2023-12-09,1,Full Price,0,1,No IEP,97,0.9
2484,7,Casey,Martinez,2010-11-17,Male,2024-04-10,0,Free,0,0,No IEP,47,0.59
2485,7,Harper,Garcia,2009-02-12,Other,2024-03-25,1,Full Price,0,0,No IEP,82,0.91
2486,7,Jordan,Allen,2013-09-19,Male,2023-12-26,1,Reduced,0,0,No IEP,53,0.81
2487,7,Dakota,Garcia,2012-12-22,Other,2023-06-23,1,Full Price,0,0,No IEP,77,0.97
2488,7,Noah,Brown,2008-07-24,Other,2023-05-06,1,Full Price,0,0,No IEP,51,0.78
2489,7,Noah,Walker,2016-10-15,Female,2024-04-27,1,Free,0,0,No IEP,78,0.76
2490,7,Harper,White,2009-04-27,Male,2022-07-13,1,Free,0,0,Current IEP,88,0.97
2491,7,Isaiah,Hall,2017-01-24,Other,2023-11-27,1,Free,0,0,Current IEP,68,0.82
2492,7,Alex,Garcia,2008-12-25,Other,2024-03-17,1,Reduced,0,0,No IEP,50,0.78
2493,7,Casey,Smith,2019-07-05,Male,2022-12-30,1,Reduced,0,0,No IEP,63,0.93
2494,7,Dakota,Brown,2010-12-15,Male,2022-08-24,1,Reduced,0,0,No IEP,37,0.83
2495,7,Oliver,Garcia,2009-05-01,Other,2023-03-19,1,Free,0,1,Current IEP,60,0.55
2496,7,Oliver,Brown,2009-01-09,Female,2023-12-30,1,Reduced,0,0,No IEP,85,0.76
2497,7,Morgan,Johnson,2018-06-02,Male,2024-03-05,1,Free,0,0,No IEP,99,0.95
2498,7,Finley,Davis,2010-04-11,Female,2024-02-22,1,Reduced,0,0,No IEP,97,0.74
2499,7,Bailey,Young,2011-05-09,Male,2022-07-23,1,Full Price,0,0,No IEP,63,0.9
2500,7,Parker,White,2015-09-21,Male,2024-02-25,1,Free,1,0,No IEP,63,0.93
2501,7,Isaiah,Miller,2019-06-24,Male,2023-08-16,1,Free,0,0,No IEP,76,0.94
2502,7,Dakota,Garcia,2008-07-25,Female,2022-09-17,1,Free,0,0,No IEP,76,0.96
2503,7,Eden,Davis,2017-07-05,Female,2022-09-08,1,Free,0,0,No IEP,79,0.8
2504,7,Alex,Smith,2018-07-06,Male,2024-01-23,1,Free,0,0,No IEP,39,0.91
2505,7,Casey,Brown,2008-08-05,Other,2023-08-24,1,Full Price,0,0,No IEP,56,0.89
2506,7,Eden,Rodriguez,2015-06-23,Other,2024-01-20,0,Free,0,0,No IEP,53,0.89
2507,7,Eden,Rodriguez,2010-05-13,Other,2024-02-08,1,Full Price,0,0,No IEP,57,0.71
2508,7,Finley,Miller,2006-03-05,Female,2023-10-20,1,Reduced,0,0,No IEP,64,0.8
2509,7,Isaiah,White,2012-06-20,Male,2022-12-17,1,Reduced,0,0,No IEP,82,0.89
2510,7,Harper,Jones,2010-05-10,Female,2023-08-23,1,Full Price,0,0,No IEP,35,0.74
2511,7,Dakota,Lee,2015-11-15,Male,2023-05-13,1,Reduced,0,0,No IEP,50,0.8
2512,7,Finley,Rodriguez,2012-09-09,Other,2023-11-29,1,Reduced,0,0,No IEP,44,0.96
2513,7,Parker,Smith,2016-10-17,Other,2022-06-30,1,Free,1,0,No IEP,55,0.78
2514,7,Finley,White,2016-10-05,Other,2024-01-28,1,Reduced,0,1,No IEP,9,0.72
2515,7,Harper,Lee,2016-10-23,Other,2023-12-05,1,Full Price,0,0,No IEP,49,0.82
2516,7,Dakota,Walker,2019-01-13,Other,2023-12-02,1,Free,1,0,Evaluation Pending,58,0.94
2517,7,Noah,Hall,2018-01-01,Other,2022-10-03,1,Reduced,0,0,No IEP,69,0.95
2518,7,Parker,Jones,2007-12-12,Other,2024-02-09,1,Reduced,1,1,No IEP,81,0.94
2519,7,Noah,White,2015-02-11,Female,2023-03-15,1,Full Price,0,0,No IEP,68,0.74
2520,7,Bailey,Johnson,2015-08-03,Other,2023-06-12,1,Reduced,0,0,No IEP,79,0.75
2521,7,Casey,Walker,2009-06-18,Other,2023-10-13,1,Reduced,0,0,Current IEP,63,0.62
2522,7,Kendrick,Martinez,2016-10-23,Male,2022-07-30,1,Reduced,0,0,No IEP,53,0.71
2523,7,Alex,Williams,2013-10-18,Male,2023-10-27,1,Full Price,1,0,No IEP,56,0.93
2524,7,Dakota,White,2008-09-21,Other,2023-08-18,1,Free,0,0,No IEP,83,0.91
2525,7,Gabriel,Smith,2019-05-20,Female,2023-09-23,0,Free,0,1,No IEP,68,0.51
2526,7,Finley,Hall,2015-07-10,Male,2023-06-26,1,Full Price,0,1,No IEP,68,0.93
2527,7,Dakota,Young,2011-10-13,Female,2022-10-25,1,Full Price,0,0,No IEP,89,0.97
2528,7,Logan,Allen,2006-07-24,Other,2022-11-18,1,Full Price,0,0,No IEP,63,0.74
2529,7,Morgan,Davis,2014-03-02,Male,2024-02-06,1,Free,0,1,No IEP,86,0.93
2530,7,Dakota,Garcia,2014-12-15,Female,2024-01-22,1,Full Price,0,0,No IEP,66,0.98
2531,7,Logan,Young,2014-07-11,Female,2023-08-26,1,Free,0,0,No IEP,54,0.92
2532,7,Isaiah,Smith,2013-12-19,Male,2022-10-21,1,Full Price,0,0,No IEP,75,0.92
2533,7,Bailey,Young,2016-07-13,Other,2023-05-07,1,Free,0,0,No IEP,41,0.74
2534,7,Eden,Martinez,2006-06-25,Male,2023-09-21,1,Reduced,0,0,No IEP,35,0.79
2535,7,Gabriel,Davis,2018-06-06,Female,2022-08-25,0,Reduced,0,0,No IEP,68,0.89
2536,7,Alex,Williams,2011-11-27,Other,2023-06-16,1,Free,0,0,No IEP,63,0.98
2537,7,Logan,Davis,2006-04-04,Male,2024-04-02,1,Free,0,0,No IEP,43,0.96
2538,7,Eden,Brown,2019-06-05,Other,2022-11-03,1,Reduced,0,0,No IEP,95,0.89
2539,7,Bailey,Young,2007-01-04,Other,2023-05-03,1,Full Price,0,0,No IEP,69,0.88
2540,7,Gabriel,Rodriguez,2011-01-28,Other,2023-06-15,1,Reduced,1,0,No IEP,61,0.84
2541,7,Dakota,Brown,2017-08-04,Other,2023-06-09,1,Free,0,0,No IEP,77,0.81
2542,7,Eden,Garcia,2010-05-06,Male,2024-01-20,1,Full Price,1,0,No IEP,77,0.91
2543,7,Kendrick,Jones,2009-10-06,Female,2022-07-17,1,Free,0,0,No IEP,85,0.82
2544,7,Parker,Davis,2009-02-02,Male,2024-03-29,0,Full Price,1,0,No IEP,67,0.91
2545,7,Logan,Williams,2006-01-07,Other,2024-04-05,1,Free,0,0,No IEP,82,0.88
2546,7,Alex,White,2018-07-20,Other,2022-11-29,1,Free,0,0,No IEP,59,0.65
2547,7,Harper,Martinez,2015-08-09,Other,2023-05-30,1,Full Price,0,0,No IEP,102,0.89
2548,7,Jordan,Martinez,2017-08-26,Other,2022-12-20,1,Reduced,0,0,No IEP,57,0.84
2549,7,Eden,Hall,2015-12-02,Female,2023-07-12,1,Free,0,0,Current IEP,55,0.91
2550,7,Eden,Lee,2008-12-19,Male,2023-02-28,1,Reduced,0,1,No IEP,64,0.72
2551,7,Isaiah,Hall,2013-09-13,Male,2023-02-28,1,Reduced,0,0,No IEP,73,0.94
2552,7,Gabriel,Lee,2019-01-15,Male,2022-09-19,1,Free,0,0,No IEP,39,0.61
2553,7,Noah,Garcia,2006-02-16,Other,2023-04-20,1,Full Price,0,0,No IEP,65,0.89
2554,7,Oliver,Lee,2009-04-21,Male,2022-12-24,1,Free,0,0,No IEP,84,0.92
2555,7,Jordan,Brown,2011-04-03,Male,2023-08-08,1,Full Price,0,0,No IEP,50,0.95
2556,7,Jordan,Williams,2014-08-14,Female,2022-08-31,1,Reduced,1,0,No IEP,70,0.64
2557,7,Parker,White,2012-04-11,Other,2022-11-28,1,Reduced,0,0,No IEP,48,0.9
2558,7,Gabriel,Allen,2011-12-09,Female,2022-09-27,1,Free,1,0,No IEP,11,0.9
2559,7,Parker,Garcia,2012-01-28,Female,2023-07-24,1,Full Price,0,0,Current IEP,53,0.74
2560,7,Logan,Smith,2017-06-17,Male,2022-07-30,1,Free,0,0,No IEP,98,0.83
2561,7,Alex,Brown,2018-01-13,Other,2022-10-10,1,Full Price,0,0,No IEP,79,0.95
2562,7,Noah,Davis,2010-11-15,Male,2023-07-10,1,Free,0,0,Current IEP,80,0.95
2563,7,Harper,Young,2006-08-24,Other,2022-07-20,1,Free,0,0,No IEP,95,0.94
2564,7,Dakota,Rodriguez,2011-08-04,Female,2022-09-21,0,Reduced,0,0,No IEP,15,0.53
2565,7,Oliver,Johnson,2019-11-03,Female,2022-10-12,1,Free,1,0,No IEP,81,0.97
2566,7,Finley,Rodriguez,2017-03-15,Female,2023-09-26,1,Full Price,0,0,No IEP,59,0.84
2567,7,Morgan,Williams,2013-11-23,Male,2023-08-12,1,Reduced,0,0,No IEP,96,0.77
2568,7,Gabriel,Garcia,2020-06-03,Male,2024-01-04,1,Free,0,0,Current IEP,57,0.93
2569,7,Oliver,Rodriguez,2014-08-09,Other,2023-10-30,1,Full Price,0,0,No IEP,74,0.82
2570,7,Parker,Smith,2015-09-01,Other,2023-08-18,1,Reduced,0,0,No IEP,93,0.71
2571,7,Dakota,Lee,2010-11-10,Female,2023-11-09,1,Reduced,1,0,No IEP,64,0.91
2572,7,Noah,Davis,2017-04-27,Female,2023-11-28,1,Free,0,0,No IEP,72,0.96
2573,7,Bailey,Jones,2020-09-10,Female,2024-04-07,0,Full Price,0,0,No IEP,79,0.7
2574,7,Isaiah,Rodriguez,2016-08-11,Male,2023-05-03,1,Full Price,0,0,Current IEP,74,0.74
2575,7,Finley,White,2006-09-01,Female,2023-03-10,1,Reduced,0,0,No IEP,18,0.67
2576,7,Kendrick,Miller,2016-03-23,Male,2023-07-08,1,Reduced,0,0,No IEP,49,0.9
2577,7,Finley,Garcia,2020-04-22,Male,2023-04-19,1,Reduced,0,0,No IEP,88,0.93
2578,7,Dakota,Davis,2012-11-08,Female,2024-01-23,1,Reduced,0,0,No IEP,79,0.88
2579,7,Parker,Martinez,2018-05-06,Male,2023-09-01,1,Reduced,0,0,No IEP,55,0.74
2580,7,Bailey,Hall,2010-11-01,Other,2022-12-14,1,Free,0,0,No IEP,95,0.93
2581,7,Kendrick,Young,2012-04-08,Male,2022-07-14,1,Free,0,0,No IEP,65,0.57
2582,7,Morgan,Brown,2006-10-06,Female,2023-11-18,1,Full Price,1,0,Current IEP,59,0.56
2583,7,Oliver,Lee,2013-07-04,Female,2022-09-12,1,Full Price,0,1,No IEP,72,0.88
2584,7,Bailey,Allen,2017-08-23,Female,2024-05-01,1,Free,0,0,No IEP,27,0.75
2585,7,Jordan,Jones,2006-04-22,Other,2023-01-08,1,Full Price,1,0,No IEP,96,0.93
2586,7,Harper,Smith,2020-04-25,Female,2022-11-25,1,Free,0,0,No IEP,61,0.81
2587,7,Parker,Walker,2008-10-28,Other,2022-10-18,1,Free,0,0,No IEP,60,0.74
2588,7,Dakota,Johnson,2013-07-06,Male,2022-12-04,1,Reduced,0,0,No IEP,29,0.93
2589,7,Noah,Martinez,2006-05-27,Female,2023-10-10,1,Free,0,1,No IEP,76,0.97
2590,7,Eden,Lee,2016-09-10,Male,2023-12-06,1,Free,0,0,Current IEP,62,0.97
2591,7,Eden,Davis,2020-02-28,Male,2023-11-22,1,Free,1,0,Current IEP,65,0.95
2592,7,Isaiah,Allen,2009-01-12,Male,2022-11-16,1,Free,0,0,No IEP,47,0.75
2593,7,Parker,Brown,2013-07-23,Female,2023-08-05,1,Reduced,0,0,No IEP,90,0.96
2594,7,Casey,Smith,2013-01-02,Female,2023-01-19,1,Reduced,0,0,Evaluation Pending,86,0.75
2595,7,Kendrick,Johnson,2014-12-17,Male,2023-12-16,1,Free,0,0,Current IEP,83,0.91
2596,7,Parker,Garcia,2010-05-10,Female,2022-07-30,1,Reduced,0,0,No IEP,55,0.95
2597,7,Gabriel,White,2006-07-20,Other,2023-04-03,1,Free,0,0,No IEP,98,0.94
2598,7,Casey,Garcia,2017-02-06,Female,2022-09-13,1,Full Price,0,0,No IEP,83,0.78
2599,7,Kendrick,Allen,2012-03-26,Other,2023-01-21,1,Free,0,0,No IEP,32,0.58
2600,7,Casey,Garcia,2020-09-25,Other,2022-12-29,1,Free,0,0,No IEP,51,0.75
2601,7,Parker,Walker,2020-02-07,Female,2022-07-18,1,Full Price,0,0,No IEP,63,0.98
2602,7,Eden,Smith,2010-09-24,Female,2022-07-26,1,Reduced,0,0,No IEP,39,0.6
2603,7,Isaiah,Johnson,2020-02-02,Female,2022-10-19,1,Free,0,0,No IEP,55,0.61
2604,7,Dakota,Garcia,2013-03-16,Male,2023-12-08,1,Full Price,0,0,No IEP,45,0.81
2605,7,Morgan,Young,2011-11-16,Other,2022-08-23,1,Free,0,0,No IEP,10,0.75
2606,7,Oliver,Miller,2014-08-24,Male,2024-05-20,1,Full Price,1,0,No IEP,62,0.93
2607,7,Alex,Lee,2009-12-17,Female,2023-04-11,1,Free,0,0,No IEP,25,0.7
2608,7,Jordan,Hall,2014-04-14,Other,2023-10-08,1,Reduced,1,0,No IEP,86,0.89
2609,7,Casey,Johnson,2006-09-22,Female,2023-01-25,1,Free,0,0,No IEP,4,0.8
2610,7,Kendrick,Miller,2016-08-19,Other,2022-09-27,1,Full Price,0,0,No IEP,101,0.76
2611,7,Jordan,White,2012-04-26,Male,2022-12-14,1,Reduced,0,0,No IEP,79,0.89
2612,7,Gabriel,Rodriguez,2013-09-26,Female,2023-08-06,1,Free,0,0,No IEP,97,0.88
2613,7,Morgan,Garcia,2013-07-13,Other,2023-05-17,1,Free,1,0,No IEP,51,0.75
2614,7,Noah,Johnson,2018-07-22,Female,2022-10-01,1,Reduced,0,0,No IEP,40,0.74
2615,7,Jordan,Lee,2011-10-22,Male,2022-11-20,1,Full Price,0,0,Current IEP,48,0.82
2616,7,Casey,Smith,2018-01-01,Male,2023-04-17,1,Reduced,0,0,No IEP,65,0.93
2617,7,Parker,White,2006-07-12,Male,2022-12-21,1,Reduced,0,0,No IEP,76,0.75
2618,7,Parker,Williams,2006-10-15,Female,2024-02-27,1,Full Price,0,0,No IEP,49,0.98
2619,7,Jordan,Rodriguez,2018-07-01,Other,2023-11-12,1,Full Price,0,0,No IEP,40,0.95
2620,7,Harper,Martinez,2017-10-16,Female,2023-06-28,1,Full Price,0,0,No IEP,8,0.68
2621,7,Finley,Miller,2016-10-23,Female,2023-10-11,1,Full Price,0,0,No IEP,61,0.92
2622,7,Alex,Williams,2006-03-03,Other,2023-12-13,1,Full Price,0,0,No IEP,84,0.97
2623,7,Isaiah,White,2017-01-11,Other,2022-09-29,1,Full Price,0,0,No IEP,55,0.97
2624,7,Harper,Allen,2010-01-28,Female,2023-07-09,1,Free,0,1,No IEP,41,0.88
2625,7,Finley,Walker,2006-11-11,Other,2023-08-05,1,Reduced,0,0,No IEP,67,0.75
2626,7,Eden,Miller,2006-12-28,Other,2022-08-05,1,Reduced,1,0,No IEP,54,0.89
2627,7,Kendrick,Williams,2010-08-12,Other,2022-06-29,1,Free,0,1,No IEP,67,0.9
2628,7,Jordan,Miller,2017-09-08,Male,2024-05-17,1,Free,0,0,No IEP,77,0.93
2629,7,Noah,Martinez,2012-07-16,Female,2023-10-24,1,Full Price,0,1,No IEP,53,0.97
2630,7,Alex,Martinez,2011-05-07,Male,2023-07-27,0,Full Price,0,1,No IEP,91,0.95
2631,7,Jordan,Hall,2020-06-11,Other,2023-09-20,1,Free,0,0,No IEP,80,0.96
2632,7,Alex,Williams,2014-10-07,Male,2023-05-30,1,Free,0,0,No IEP,65,0.83
2633,7,Isaiah,Young,2008-02-23,Female,2023-11-15,1,Free,0,0,No IEP,82,0.92
2634,7,Harper,Williams,2020-08-11,Other,2022-12-31,1,Free,0,0,Current IEP,63,0.91
2635,7,Noah,Walker,2013-05-26,Other,2022-07-29,1,Full Price,0,0,No IEP,60,0.81
2636,7,Dakota,Martinez,2016-11-25,Other,2022-08-11,1,Reduced,0,0,No IEP,99,0.94
2637,7,Logan,Walker,2019-02-02,Female,2023-11-02,1,Full Price,0,0,No IEP,67,0.94
2638,7,Oliver,Smith,2018-02-24,Male,2022-09-12,1,Reduced,0,0,No IEP,91,0.94
2639,7,Alex,Lee,2016-05-08,Female,2023-08-31,1,Full Price,0,0,No IEP,46,0.94
2640,7,Bailey,White,2018-04-05,Female,2024-03-17,1,Free,0,0,No IEP,74,0.71
2641,7,Gabriel,Williams,2018-08-05,Male,2024-04-18,1,Reduced,0,0,No IEP,83,0.78
2642,7,Gabriel,Walker,2019-01-22,Female,2024-03-17,1,Free,0,1,No IEP,88,0.96
2643,7,Alex,Lee,2007-05-23,Male,2023-12-24,1,Full Price,0,0,No IEP,57,0.97
2644,7,Harper,Rodriguez,2014-09-21,Male,2022-06-26,1,Full Price,0,0,No IEP,62,0.74
2645,7,Morgan,Smith,2014-03-04,Other,2023-09-11,1,Reduced,0,0,No IEP,85,0.93
2646,7,Jordan,Jones,2013-02-24,Male,2022-09-28,1,Full Price,0,0,No IEP,44,0.74
2647,7,Isaiah,Garcia,2010-04-15,Male,2023-11-02,1,Reduced,0,0,Current IEP,87,0.95
2648,7,Harper,Lee,2014-01-06,Male,2023-03-22,1,Reduced,0,0,No IEP,68,0.8
2649,7,Kendrick,Jones,2009-03-06,Male,2022-12-11,1,Full Price,0,0,Current IEP,51,0.93
2650,7,Parker,Miller,2006-09-10,Female,2023-07-17,1,Full Price,0,1,No IEP,12,0.85
2651,7,Morgan,Rodriguez,2007-10-03,Other,2023-07-08,1,Reduced,0,0,No IEP,76,0.9
2652,7,Kendrick,Rodriguez,2009-03-18,Male,2022-08-05,1,Reduced,0,0,No IEP,94,0.81
2653,7,Finley,Rodriguez,2012-10-26,Female,2023-04-11,1,Full Price,0,0,No IEP,54,0.93
2654,7,Finley,Allen,2007-08-22,Other,2022-07-04,1,Reduced,0,0,No IEP,94,0.84
2655,7,Kendrick,Allen,2018-06-04,Female,2023-10-06,1,Free,0,0,No IEP,53,0.74
2656,7,Isaiah,Miller,2015-04-25,Female,2023-07-23,1,Free,0,0,No IEP,60,0.92
2657,7,Gabriel,Lee,2017-11-21,Other,2023-10-28,1,Free,0,1,No IEP,62,0.9
2658,7,Oliver,Miller,2017-03-01,Female,2023-04-20,1,Free,1,0,No IEP,78,0.95
2659,7,Dakota,Lee,2007-04-24,Other,2022-07-15,1,Reduced,0,1,No IEP,72,0.94
2660,7,Parker,Rodriguez,2007-03-13,Male,2022-10-11,1,Free,0,1,No IEP,29,0.81
2661,7,Dakota,Johnson,2008-12-08,Female,2023-12-06,1,Free,0,0,Evaluation Pending,65,0.83
2662,7,Logan,Martinez,2006-11-21,Other,2024-04-24,1,Full Price,0,0,No IEP,59,0.55
2663,7,Eden,Walker,2019-11-15,Other,2023-10-04,0,Free,0,1,No IEP,35,0.89
2664,7,Casey,Allen,2010-05-25,Other,2023-12-23,1,Free,0,1,No IEP,88,0.97
2665,7,Morgan,Martinez,2015-12-26,Male,2023-05-02,1,Free,0,0,No IEP,19,0.54
2666,7,Jordan,White,2014-01-24,Male,2023-01-25,1,Free,1,0,No IEP,25,0.83
2667,7,Noah,Young,2014-08-17,Other,2023-09-17,1,Reduced,0,0,No IEP,108,0.79
2668,7,Morgan,Brown,2009-11-12,Other,2022-09-05,1,Reduced,0,0,No IEP,43,0.69
2669,7,Alex,Young,2019-05-13,Male,2023-11-13,1,Free,0,0,No IEP,98,0.95
2670,7,Eden,Jones,2011-03-07,Male,2023-03-07,1,Full Price,0,1,No IEP,66,0.73
2671,7,Casey,Garcia,2017-04-07,Female,2022-10-18,1,Full Price,0,0,No IEP,72,0.56
2672,8,Alex,Williams,2013-04-07,Female,2022-08-19,0,Free,0,0,No IEP,65,0.71
2673,8,Eden,Jones,2016-04-28,Female,2022-11-06,1,Reduced,0,0,No IEP,90,0.84
2674,8,Noah,Young,2012-12-25,Male,2022-10-28,1,Reduced,0,0,No IEP,53,0.8
2675,8,Casey,Smith,2016-07-23,Other,2023-03-28,1,Reduced,0,0,No IEP,34,0.68
2676,8,Gabriel,Jones,2008-01-03,Male,2023-12-08,1,Reduced,0,0,Current IEP,91,0.93
2677,8,Bailey,Williams,2013-10-25,Female,2023-12-14,1,Free,0,0,No IEP,52,0.83
2678,8,Parker,White,2010-01-05,Male,2023-09-11,1,Reduced,0,1,No IEP,43,0.72
2679,8,Harper,Rodriguez,2011-02-01,Other,2023-03-02,1,Free,0,0,No IEP,99,0.7
2680,8,Oliver,Allen,2015-11-18,Other,2023-04-21,1,Reduced,0,0,No IEP,40,0.65
2681,8,Bailey,Williams,2008-12-10,Male,2022-10-26,0,Free,0,0,Current IEP,102,0.88
2682,8,Eden,Smith,2016-01-10,Other,2023-11-23,1,Full Price,0,0,No IEP,46,0.72
2683,8,Jordan,White,2011-04-27,Male,2024-04-10,1,Full Price,0,0,No IEP,69,0.8
2684,8,Bailey,Garcia,2008-11-03,Male,2023-04-25,1,Reduced,1,0,No IEP,52,0.78
2685,8,Logan,White,2011-01-17,Other,2022-11-16,1,Reduced,0,1,No IEP,45,0.67
2686,8,Jordan,Walker,2007-11-11,Female,2023-07-10,1,Reduced,0,0,No IEP,54,0.95
2687,8,Dakota,Walker,2009-11-17,Female,2024-03-28,1,Free,0,0,No IEP,50,0.97
2688,8,Gabriel,Davis,2019-04-03,Male,2022-11-23,1,Full Price,0,0,No IEP,79,0.74
2689,8,Jordan,White,2019-11-22,Other,2023-05-29,1,Free,0,1,No IEP,58,0.95
2690,8,Dakota,Martinez,2018-01-24,Female,2023-08-12,1,Reduced,0,1,No IEP,61,0.8
2691,8,Oliver,Davis,2013-05-27,Other,2024-03-08,1,Reduced,0,0,No IEP,86,0.89
2692,8,Morgan,Brown,2018-03-22,Male,2023-09-21,1,Free,0,0,No IEP,87,0.75
2693,8,Isaiah,Smith,2011-11-17,Other,2022-10-15,1,Full Price,0,0,No IEP,45,0.52
2694,8,Jordan,Jones,2019-09-23,Other,2024-01-06,1,Free,0,0,No IEP,95,0.94
2695,8,Eden,Smith,2010-06-12,Male,2023-01-08,1,Full Price,0,0,No IEP,69,0.6
2696,8,Eden,Hall,2019-09-16,Female,2023-05-27,1,Free,0,0,No IEP,93,0.9
2697,8,Casey,Williams,2010-02-21,Female,2022-08-18,0,Free,0,0,No IEP,92,0.9
2698,8,Isaiah,White,2008-06-12,Male,2024-03-12,1,Free,0,0,No IEP,83,0.91
2699,8,Parker,Davis,2014-03-16,Male,2024-02-15,1,Free,0,0,No IEP,91,0.93
2700,8,Finley,Miller,2019-09-08,Male,2022-12-09,1,Reduced,0,0,No IEP,83,0.79
2701,8,Finley,Davis,2008-12-24,Male,2023-01-22,1,Reduced,0,0,No IEP,104,0.92
2702,8,Bailey,Martinez,2017-11-09,Female,2024-04-30,1,Reduced,0,0,Current IEP,81,0.95
2703,8,Logan,Martinez,2019-08-07,Other,2024-03-18,1,Free,0,0,No IEP,82,0.88
2704,8,Bailey,Young,2019-05-19,Male,2023-04-20,1,Reduced,0,0,No IEP,48,0.91
2705,8,Oliver,Martinez,2012-06-22,Female,2023-03-27,1,Reduced,0,0,No IEP,58,0.81
2706,8,Logan,Davis,2008-08-04,Male,2023-05-10,1,Free,1,1,No IEP,16,0.7
2707,8,Finley,Hall,2015-06-23,Female,2023-06-23,1,Reduced,0,0,No IEP,60,0.96
2708,8,Oliver,Martinez,2012-01-20,Male,2023-04-18,1,Reduced,0,0,No IEP,65,0.52
2709,8,Kendrick,Rodriguez,2020-03-23,Female,2023-04-20,1,Reduced,0,0,No IEP,59,0.57
2710,8,Eden,Brown,2019-12-24,Other,2022-08-05,1,Full Price,0,0,No IEP,96,0.89
2711,8,Morgan,Young,2007-10-04,Other,2023-07-24,1,Reduced,0,0,No IEP,57,0.7
2712,8,Casey,White,2012-09-16,Male,2022-07-20,1,Free,0,0,No IEP,96,0.88
2713,8,Dakota,Johnson,2014-06-28,Other,2023-02-15,1,Reduced,0,0,No IEP,71,0.72
2714,8,Harper,Hall,2012-11-04,Female,2022-12-06,1,Full Price,0,0,No IEP,50,0.91
2715,8,Oliver,Allen,2006-04-20,Female,2022-11-14,1,Full Price,1,0,No IEP,62,0.78
2716,8,Bailey,Brown,2018-02-15,Female,2023-02-16,1,Full Price,0,1,Evaluation Pending,50,0.95
2717,8,Finley,Walker,2016-07-23,Male,2023-01-30,1,Free,0,0,No IEP,77,0.94
2718,8,Casey,White,2020-12-27,Female,2022-10-28,1,Free,0,0,No IEP,12,0.54
2719,8,Isaiah,Smith,2013-10-19,Other,2024-04-01,1,Full Price,0,1,No IEP,53,0.78
2720,8,Bailey,Young,2010-01-24,Female,2022-10-13,1,Free,0,0,No IEP,77,0.97
2721,8,Casey,Allen,2019-07-18,Male,2023-04-23,1,Full Price,1,0,No IEP,72,0.76
2722,8,Noah,Rodriguez,2007-03-07,Other,2023-02-21,1,Free,0,0,No IEP,77,0.97
2723,8,Isaiah,Smith,2007-10-09,Male,2023-12-07,1,Free,0,0,No IEP,105,0.92
2724,8,Finley,Allen,2011-03-17,Other,2023-07-09,1,Free,0,0,Current IEP,36,0.81
2725,8,Logan,Rodriguez,2016-08-02,Other,2023-11-10,1,Full Price,1,0,No IEP,71,0.9
2726,8,Harper,Allen,2014-05-14,Other,2024-01-29,1,Free,0,0,Current IEP,72,0.96
2727,8,Gabriel,White,2013-06-03,Other,2022-12-14,1,Reduced,0,0,No IEP,50,0.89
2728,8,Alex,Martinez,2008-02-09,Other,2022-10-11,1,Free,0,0,No IEP,60,0.95
2729,8,Alex,Johnson,2017-12-28,Other,2022-08-03,1,Free,0,0,Current IEP,94,0.89
2730,8,Jordan,Hall,2009-08-11,Female,2023-10-09,1,Reduced,1,0,No IEP,57,0.79
2731,8,Parker,Hall,2020-02-15,Female,2023-03-22,0,Free,0,0,No IEP,23,0.54
2732,8,Kendrick,Martinez,2011-02-08,Male,2023-04-28,1,Reduced,1,0,No IEP,64,0.92
2733,8,Harper,Miller,2007-08-01,Female,2023-07-02,1,Full Price,1,0,No IEP,98,0.81
2734,8,Dakota,Young,2006-11-22,Male,2023-01-02,1,Free,0,0,No IEP,44,0.92
2735,8,Noah,Walker,2007-12-13,Other,2023-05-02,1,Reduced,1,0,No IEP,90,0.9
2736,8,Kendrick,Hall,2019-07-16,Other,2023-06-03,1,Free,0,1,No IEP,92,0.72
2737,8,Finley,Martinez,2007-08-20,Female,2024-01-12,1,Full Price,0,0,No IEP,78,0.93
2738,8,Morgan,Johnson,2011-05-08,Other,2023-06-29,1,Reduced,0,0,No IEP,58,0.79
2739,8,Bailey,Walker,2010-10-10,Male,2022-08-27,1,Reduced,1,0,No IEP,78,0.75
2740,8,Harper,Miller,2006-04-13,Female,2023-11-15,1,Free,0,0,No IEP,97,0.9
2741,8,Eden,Walker,2014-09-25,Other,2023-07-15,1,Free,0,0,No IEP,32,0.64
2742,8,Kendrick,Rodriguez,2018-11-09,Female,2024-03-05,1,Reduced,0,0,No IEP,67,0.89
2743,8,Parker,Davis,2012-01-20,Other,2024-03-11,1,Full Price,0,0,No IEP,11,0.78
2744,8,Alex,Brown,2006-03-03,Female,2023-02-22,1,Full Price,0,0,Current IEP,47,0.91
2745,8,Finley,Allen,2009-09-28,Female,2022-07-23,1,Reduced,0,0,No IEP,83,0.91
2746,8,Logan,Miller,2018-02-19,Other,2022-12-28,1,Free,0,0,No IEP,83,0.9
2747,8,Eden,Martinez,2007-07-15,Other,2023-07-18,1,Free,0,0,No IEP,68,0.98
2748,8,Jordan,Young,2011-11-27,Female,2024-04-25,1,Free,0,0,Current IEP,68,0.74
2749,8,Jordan,Hall,2017-01-12,Female,2023-12-08,1,Full Price,0,0,No IEP,71,0.89
2750,8,Gabriel,Martinez,2020-04-21,Other,2023-05-15,1,Free,0,0,No IEP,86,0.95
2751,8,Eden,Allen,2011-06-13,Male,2023-04-19,1,Full Price,1,0,No IEP,49,0.77
2752,8,Casey,Miller,2020-10-23,Female,2024-04-27,1,Free,0,0,No IEP,64,0.92
2753,8,Casey,Garcia,2015-09-22,Female,2023-10-08,1,Full Price,0,1,No IEP,67,0.54
2754,8,Jordan,Williams,2014-10-10,Other,2023-12-28,1,Reduced,0,0,No IEP,61,0.96
2755,8,Isaiah,Williams,2012-01-13,Male,2024-02-22,1,Free,0,0,No IEP,84,0.78
2756,8,Alex,White,2009-09-14,Female,2022-08-19,1,Reduced,1,0,No IEP,88,0.97
2757,8,Casey,Miller,2008-08-18,Other,2024-05-08,1,Free,1,0,No IEP,92,0.9
2758,8,Logan,Walker,2009-03-10,Male,2023-05-16,1,Free,0,0,No IEP,71,0.98
2759,8,Casey,Lee,2018-09-21,Other,2024-05-02,1,Free,0,0,No IEP,86,0.7
2760,8,Casey,Martinez,2007-10-17,Other,2023-03-30,1,Free,0,0,No IEP,76,0.95
2761,8,Kendrick,Davis,2007-09-08,Male,2023-01-17,1,Free,0,0,No IEP,75,0.64
2762,8,Kendrick,Hall,2009-07-24,Male,2023-08-09,1,Free,0,0,No IEP,64,0.9
2763,8,Casey,White,2012-09-06,Other,2024-05-21,1,Free,1,0,No IEP,76,0.89
2764,8,Parker,Miller,2013-01-04,Other,2023-10-05,1,Reduced,0,0,No IEP,14,0.64
2765,8,Noah,Rodriguez,2011-05-27,Male,2023-12-20,1,Free,0,0,No IEP,34,0.63
2766,8,Casey,Lee,2010-11-14,Other,2023-05-08,1,Full Price,0,0,No IEP,69,0.91
2767,8,Casey,Hall,2011-12-21,Other,2023-03-17,1,Reduced,0,0,No IEP,30,0.96
2768,8,Parker,Walker,2012-04-09,Male,2022-12-06,1,Free,0,0,No IEP,66,0.97
2769,8,Bailey,Jones,2018-02-02,Other,2022-08-18,1,Free,0,0,No IEP,81,0.93
2770,8,Finley,Hall,2015-04-16,Male,2023-03-22,1,Reduced,0,0,No IEP,92,0.77
2771,8,Noah,Williams,2014-11-10,Other,2024-03-12,1,Full Price,1,0,No IEP,80,0.93
2772,8,Dakota,Walker,2014-01-01,Female,2023-10-21,1,Reduced,0,0,No IEP,99,0.91
2773,8,Eden,Jones,2009-12-02,Male,2024-04-03,1,Full Price,0,0,Current IEP,15,0.8
2774,8,Eden,Smith,2016-12-13,Other,2023-02-17,1,Reduced,0,1,No IEP,51,0.89
2775,8,Morgan,Jones,2010-02-03,Female,2023-03-12,1,Free,1,0,No IEP,67,0.7
2776,8,Dakota,Davis,2009-07-26,Female,2023-04-14,1,Free,0,0,No IEP,89,0.88
2777,8,Morgan,Davis,2006-10-19,Female,2022-11-15,1,Free,0,0,No IEP,61,0.72
2778,8,Gabriel,Rodriguez,2012-05-10,Male,2024-05-18,1,Reduced,0,0,No IEP,88,0.95
2779,8,Parker,Hall,2019-02-02,Male,2022-09-18,1,Free,0,0,No IEP,61,0.98
2780,8,Gabriel,Johnson,2014-10-01,Female,2023-02-09,1,Reduced,0,0,No IEP,47,0.67
2781,8,Finley,White,2015-04-04,Male,2024-03-01,1,Reduced,0,0,No IEP,73,0.89
2782,8,Dakota,Walker,2008-10-20,Other,2023-11-16,1,Free,0,0,No IEP,52,0.84
2783,8,Parker,Hall,2010-12-22,Female,2023-08-29,1,Free,0,0,No IEP,16,0.84
2784,8,Bailey,Walker,2011-02-17,Male,2023-06-14,1,Reduced,0,1,Current IEP,71,0.9
2785,8,Bailey,Walker,2014-08-02,Other,2024-05-22,1,Free,0,0,No IEP,61,0.9
2786,8,Casey,Williams,2006-12-15,Male,2023-01-06,1,Reduced,0,1,No IEP,87,0.81
2787,8,Finley,Allen,2017-03-04,Male,2024-03-12,1,Free,0,0,No IEP,61,0.95
2788,8,Harper,Williams,2020-11-03,Other,2022-10-10,1,Reduced,0,0,No IEP,33,0.67
2789,8,Bailey,Rodriguez,2009-03-28,Male,2022-09-30,1,Reduced,0,1,No IEP,69,0.77
2790,8,Logan,Jones,2006-06-08,Other,2023-01-15,1,Free,0,0,No IEP,87,0.91
2791,8,Isaiah,Martinez,2007-03-22,Male,2023-10-06,1,Free,0,0,No IEP,37,0.55
2792,8,Oliver,Martinez,2011-09-11,Male,2023-06-20,1,Reduced,0,0,No IEP,90,0.94
2793,8,Parker,Lee,2012-04-17,Other,2023-08-04,1,Reduced,0,0,No IEP,76,0.94
2794,8,Parker,Martinez,2010-05-14,Other,2023-01-28,1,Free,0,0,No IEP,61,0.97
2795,8,Dakota,Hall,2019-05-27,Other,2023-06-06,1,Free,1,0,No IEP,71,0.94
2796,8,Noah,Young,2019-02-20,Male,2022-09-01,1,Reduced,0,0,No IEP,17,0.66
2797,8,Gabriel,Lee,2013-11-20,Other,2023-11-03,1,Free,0,0,No IEP,70,0.77
2798,8,Logan,Brown,2009-07-20,Female,2024-03-15,1,Full Price,0,0,No IEP,96,0.92
2799,8,Dakota,Hall,2013-12-20,Female,2023-12-15,1,Free,0,0,No IEP,84,0.94
2800,8,Jordan,Smith,2019-07-13,Other,2023-12-10,1,Reduced,0,0,No IEP,60,0.84
2801,8,Gabriel,Miller,2009-12-01,Male,2023-04-14,0,Free,0,0,No IEP,70,0.84
2802,8,Harper,Allen,2013-11-09,Male,2023-12-08,1,Reduced,0,1,Current IEP,78,0.89
2803,8,Jordan,Young,2017-05-03,Female,2024-03-08,1,Free,0,0,No IEP,64,0.94
2804,8,Casey,White,2020-11-19,Other,2023-10-09,1,Full Price,1,0,Current IEP,83,0.96
2805,8,Noah,Johnson,2015-12-11,Female,2024-03-14,1,Full Price,0,0,No IEP,55,0.9
2806,8,Eden,Lee,2017-05-13,Male,2023-02-18,1,Full Price,0,0,No IEP,68,0.81
2807,8,Bailey,Brown,2009-03-21,Other,2024-05-17,1,Full Price,0,1,No IEP,51,0.92
2808,8,Logan,Allen,2007-07-21,Male,2024-01-06,1,Reduced,0,0,No IEP,72,0.95
2809,8,Finley,Jones,2016-03-22,Other,2023-01-24,1,Free,0,0,No IEP,47,0.52
2810,8,Dakota,Walker,2015-02-10,Male,2023-01-12,1,Full Price,0,0,No IEP,59,0.97
2811,8,Morgan,Young,2010-08-12,Female,2022-12-20,1,Full Price,1,0,No IEP,106,0.88
2812,8,Isaiah,Garcia,2007-01-04,Male,2023-06-24,1,Reduced,0,1,No IEP,49,0.91
2813,8,Parker,Miller,2010-05-04,Other,2023-11-28,1,Full Price,1,1,No IEP,48,0.56
2814,8,Gabriel,Walker,2009-03-11,Other,2023-07-07,1,Free,0,0,No IEP,63,0.89
2815,8,Alex,Rodriguez,2011-09-25,Female,2024-01-23,1,Reduced,0,1,Current IEP,51,0.55
2816,8,Bailey,Brown,2010-06-12,Male,2023-12-19,1,Free,0,0,No IEP,50,0.8
2817,8,Isaiah,White,2011-07-24,Other,2023-08-20,1,Reduced,0,0,No IEP,55,0.8
2818,8,Bailey,Brown,2020-05-06,Other,2023-07-09,1,Free,0,0,No IEP,21,0.55
2819,8,Jordan,Hall,2009-01-13,Female,2023-07-23,1,Free,0,1,No IEP,21,0.91
2820,8,Bailey,Martinez,2019-06-11,Other,2023-03-04,1,Reduced,0,0,No IEP,93,0.89
2821,8,Parker,Miller,2016-12-18,Male,2023-10-21,1,Full Price,0,0,No IEP,32,0.64
2822,8,Noah,Rodriguez,2018-04-27,Male,2022-12-13,1,Reduced,1,0,No IEP,39,0.61
2823,8,Harper,Martinez,2014-07-20,Other,2024-03-18,1,Free,0,0,No IEP,77,0.91
2824,8,Logan,Rodriguez,2015-10-14,Male,2023-07-05,1,Free,0,0,No IEP,87,0.92
2825,8,Logan,Walker,2007-01-12,Male,2022-09-10,1,Free,0,0,No IEP,48,0.67
2826,8,Alex,Martinez,2020-11-25,Other,2023-05-05,1,Free,1,0,No IEP,91,0.92
2827,8,Morgan,Martinez,2019-03-12,Male,2023-04-18,1,Reduced,1,0,No IEP,99,0.97
2828,8,Gabriel,Rodriguez,2007-09-18,Other,2024-05-18,1,Free,0,0,No IEP,53,0.98
2829,8,Eden,Walker,2006-11-19,Female,2023-12-04,1,Reduced,0,0,No IEP,50,0.51
2830,8,Eden,Williams,2017-12-20,Female,2022-12-26,1,Reduced,0,0,No IEP,54,0.93
2831,8,Casey,Jones,2015-07-28,Male,2022-07-07,1,Reduced,1,0,No IEP,36,0.77
2832,8,Bailey,Davis,2010-09-06,Other,2023-06-01,1,Free,0,0,No IEP,75,0.93
2833,8,Parker,Martinez,2006-10-14,Female,2023-07-30,1,Free,1,1,No IEP,73,0.97
2834,8,Noah,Hall,2008-01-17,Other,2023-12-07,1,Free,1,0,No IEP,88,0.97
2835,8,Morgan,Brown,2009-01-27,Male,2022-07-22,1,Reduced,0,0,No IEP,72,0.95
2836,8,Isaiah,Walker,2013-11-04,Female,2023-11-14,1,Free,0,1,No IEP,21,0.74
2837,8,Logan,Lee,2017-11-22,Male,2023-08-30,1,Free,0,0,No IEP,87,0.92
2838,8,Eden,Rodriguez,2009-06-07,Male,2023-03-07,1,Reduced,0,0,No IEP,21,0.71
2839,8,Alex,Martinez,2020-03-01,Female,2024-02-14,1,Free,1,0,No IEP,70,0.74
2840,8,Alex,Young,2016-09-24,Male,2022-09-02,1,Full Price,0,0,No IEP,68,0.76
2841,8,Kendrick,Brown,2019-12-14,Other,2023-01-13,1,Free,0,0,No IEP,25,0.71
2842,8,Logan,Smith,2016-07-17,Other,2022-12-13,1,Free,0,0,No IEP,69,0.89
2843,8,Morgan,Allen,2016-08-12,Female,2023-01-09,1,Reduced,0,0,No IEP,108,0.91
2844,8,Logan,Young,2009-02-08,Other,2024-02-18,1,Full Price,0,1,No IEP,103,0.74
2845,8,Gabriel,Johnson,2010-04-18,Male,2023-06-04,1,Reduced,0,0,No IEP,22,0.91
2846,8,Logan,Miller,2015-08-14,Male,2023-04-15,1,Free,0,0,No IEP,92,0.92
2847,8,Parker,Miller,2017-01-08,Female,2023-02-24,1,Free,0,0,No IEP,42,0.51
2848,8,Bailey,Martinez,2017-10-23,Female,2024-03-23,1,Reduced,1,0,No IEP,98,0.95
2849,8,Oliver,Jones,2020-01-06,Other,2022-10-04,1,Full Price,0,0,No IEP,96,0.83
2850,8,Jordan,Garcia,2013-05-10,Male,2022-10-26,1,Full Price,1,0,No IEP,97,0.94
2851,8,Isaiah,Jones,2007-08-01,Other,2024-05-02,1,Free,0,0,Current IEP,96,0.97
2852,8,Kendrick,Rodriguez,2006-06-01,Other,2023-09-25,1,Reduced,0,0,No IEP,83,0.93
2853,8,Isaiah,Jones,2017-03-07,Male,2023-04-14,1,Free,0,0,No IEP,68,0.98
2854,8,Jordan,Johnson,2010-07-14,Male,2023-04-03,1,Free,1,1,No IEP,57,0.95
2855,8,Dakota,Smith,2018-10-27,Female,2024-02-12,1,Full Price,0,0,No IEP,44,0.7
2856,8,Isaiah,Miller,2014-03-19,Female,2023-08-21,1,Full Price,1,0,No IEP,60,0.92
2857,8,Eden,White,2014-11-07,Male,2023-04-21,1,Reduced,0,0,No IEP,59,0.81
2858,8,Parker,Miller,2010-05-23,Male,2023-04-22,1,Free,1,1,No IEP,43,0.84
2859,8,Bailey,Miller,2013-09-26,Male,2022-07-23,1,Free,0,0,No IEP,71,0.84
2860,8,Dakota,Allen,2010-12-10,Male,2023-12-30,1,Free,0,0,No IEP,50,0.97
2861,8,Morgan,Miller,2019-10-16,Male,2023-12-10,1,Free,1,0,No IEP,54,0.91
2862,8,Logan,Allen,2009-05-13,Other,2023-09-21,1,Free,0,0,Current IEP,57,0.94
2863,8,Jordan,Jones,2017-03-04,Female,2024-02-19,1,Free,0,0,No IEP,48,0.97
2864,8,Bailey,Lee,2010-09-04,Other,2023-08-05,1,Free,0,0,No IEP,72,0.92
2865,8,Oliver,Miller,2006-05-03,Male,2023-06-29,1,Reduced,1,0,No IEP,71,0.73
2866,8,Jordan,Garcia,2016-12-05,Other,2023-10-21,1,Reduced,0,0,No IEP,104,0.76
2867,8,Isaiah,Williams,2009-10-23,Female,2024-02-12,1,Free,0,0,No IEP,41,0.84
2868,8,Gabriel,Hall,2006-02-10,Female,2024-01-25,1,Reduced,0,0,No IEP,71,0.82
2869,8,Noah,White,2007-03-13,Male,2022-07-24,1,Free,1,0,No IEP,61,0.97
2870,8,Dakota,Miller,2019-02-24,Male,2023-09-04,1,Free,0,0,No IEP,53,0.94
2871,8,Alex,Hall,2019-01-03,Female,2022-09-13,1,Free,1,0,Evaluation Pending,33,0.66
2872,8,Gabriel,Miller,2010-06-08,Male,2022-09-22,1,Free,0,0,No IEP,74,0.57
2873,8,Harper,Allen,2013-09-24,Female,2023-06-01,1,Free,0,0,No IEP,30,0.59
2874,8,Kendrick,Hall,2015-04-13,Female,2024-05-22,1,Free,0,0,No IEP,90,0.9
2875,8,Jordan,Miller,2012-12-12,Other,2023-11-24,1,Reduced,0,0,No IEP,76,0.93
2876,8,Logan,Hall,2020-01-10,Male,2023-02-24,1,Reduced,0,0,Current IEP,108,0.82
2877,8,Jordan,Jones,2012-04-11,Male,2023-08-11,1,Reduced,0,0,No IEP,73,0.93
2878,8,Eden,Rodriguez,2009-08-23,Other,2022-07-12,1,Reduced,0,0,No IEP,89,0.92
2879,8,Logan,Garcia,2012-08-20,Other,2022-06-28,1,Full Price,1,0,No IEP,70,0.8
2880,8,Dakota,Martinez,2012-02-27,Other,2023-07-28,1,Free,0,0,No IEP,54,0.85
2881,8,Gabriel,Williams,2007-11-19,Female,2022-11-16,1,Reduced,0,0,No IEP,64,0.71
2882,8,Kendrick,Williams,2016-03-18,Other,2022-12-13,1,Free,1,0,Evaluation Pending,54,0.53
2883,8,Gabriel,White,2020-01-10,Female,2023-07-16,0,Free,0,0,No IEP,84,0.84
2884,8,Dakota,Davis,2008-10-21,Other,2023-05-19,1,Full Price,0,1,No IEP,18,0.95
2885,8,Logan,Williams,2020-10-22,Other,2022-06-26,1,Reduced,0,0,No IEP,102,0.92
2886,8,Kendrick,Rodriguez,2008-03-06,Male,2022-09-18,1,Reduced,0,0,Current IEP,47,0.7
2887,8,Harper,Young,2019-01-28,Other,2022-10-11,1,Free,0,1,No IEP,39,0.8
2888,8,Dakota,Hall,2007-07-05,Male,2022-09-09,1,Reduced,0,0,No IEP,105,0.57
2889,8,Bailey,Jones,2014-07-21,Other,2023-05-05,1,Free,0,0,No IEP,44,0.51
2890,8,Dakota,Young,2006-03-15,Female,2023-06-18,1,Free,0,0,No IEP,51,0.78
2891,8,Oliver,Martinez,2011-06-01,Male,2022-10-28,1,Free,0,0,No IEP,98,0.93
2892,8,Kendrick,Lee,2018-03-27,Female,2023-01-26,1,Full Price,0,0,No IEP,71,0.8
2893,8,Dakota,Williams,2008-07-21,Other,2024-03-30,1,Reduced,0,0,No IEP,38,0.9
2894,8,Gabriel,White,2020-07-13,Female,2023-10-27,0,Full Price,0,0,No IEP,50,0.78
2895,8,Dakota,Rodriguez,2006-12-09,Male,2023-06-08,1,Free,0,0,No IEP,70,0.74
2896,8,Jordan,Williams,2018-02-08,Female,2023-11-10,1,Full Price,0,1,No IEP,51,0.95
2897,8,Noah,Lee,2014-07-01,Other,2022-10-23,1,Full Price,0,0,No IEP,46,0.8
2898,8,Kendrick,Brown,2014-03-21,Male,2022-08-19,1,Free,0,0,No IEP,87,0.94
2899,8,Bailey,Garcia,2015-04-02,Female,2023-09-06,1,Reduced,0,0,No IEP,70,0.95
2900,8,Oliver,Allen,2019-10-03,Male,2023-06-22,1,Full Price,0,0,No IEP,90,0.95
2901,8,Isaiah,Martinez,2017-06-28,Male,2022-07-31,1,Full Price,1,0,No IEP,87,0.89
2902,8,Logan,Jones,2019-02-14,Female,2024-03-20,1,Free,0,0,No IEP,75,0.97
2903,8,Harper,Young,2019-08-06,Male,2024-05-24,1,Free,0,0,No IEP,8,0.78
2904,8,Oliver,Allen,2017-12-28,Male,2023-11-12,1,Full Price,0,0,Current IEP,34,0.75
2905,8,Harper,Miller,2013-06-18,Female,2023-09-15,1,Full Price,0,0,No IEP,30,0.66
2906,8,Casey,Brown,2006-09-17,Male,2022-07-14,1,Full Price,0,0,No IEP,14,0.59
2907,8,Eden,Walker,2018-04-23,Female,2022-06-26,1,Reduced,0,0,No IEP,19,0.68
2908,8,Parker,Jones,2008-04-18,Male,2023-05-08,1,Free,0,0,No IEP,99,0.88
2909,8,Bailey,Martinez,2019-03-13,Other,2023-03-05,1,Reduced,0,0,No IEP,46,0.58
2910,8,Casey,Davis,2016-04-24,Male,2022-07-18,1,Free,1,0,Evaluation Pending,68,0.75
2911,8,Jordan,Brown,2010-07-07,Male,2022-11-27,1,Reduced,0,0,No IEP,86,0.92
2912,8,Dakota,Jones,2019-12-02,Female,2024-02-17,1,Reduced,1,0,No IEP,60,0.9
2913,8,Alex,Young,2006-03-09,Male,2022-11-23,1,Reduced,0,0,No IEP,86,0.88
2914,8,Kendrick,Allen,2017-01-03,Other,2023-02-24,1,Free,0,0,No IEP,92,0.96
2915,8,Oliver,Williams,2010-12-20,Female,2022-10-13,1,Free,1,0,No IEP,24,0.57
2916,8,Oliver,Williams,2015-04-08,Male,2023-03-11,1,Reduced,0,0,No IEP,67,0.88
2917,8,Dakota,Lee,2014-04-24,Other,2024-02-22,1,Full Price,0,0,No IEP,50,0.98
2918,8,Casey,Walker,2007-12-17,Male,2022-11-20,1,Free,0,0,No IEP,66,0.91
2919,8,Logan,Johnson,2014-04-27,Female,2023-03-10,1,Reduced,0,1,No IEP,56,0.65
2920,8,Finley,Williams,2010-03-03,Other,2023-12-06,1,Reduced,0,0,No IEP,86,0.84
2921,8,Logan,Young,2006-04-15,Other,2024-04-08,1,Free,0,0,Current IEP,70,0.8
2922,8,Isaiah,Smith,2020-04-16,Female,2023-07-26,1,Free,1,0,Current IEP,70,0.83
2923,8,Isaiah,Jones,2020-03-17,Female,2022-09-25,1,Full Price,0,0,No IEP,64,0.75
2924,8,Noah,Brown,2017-11-08,Male,2023-10-30,1,Reduced,0,0,Current IEP,45,0.76
2925,8,Eden,Williams,2017-02-03,Male,2023-03-21,1,Free,0,0,No IEP,69,0.9
2926,8,Noah,Smith,2014-03-01,Other,2023-01-17,1,Reduced,0,0,No IEP,73,0.73
2927,8,Harper,Walker,2007-09-23,Other,2022-11-13,0,Full Price,0,0,No IEP,33,0.75
2928,8,Gabriel,Walker,2019-10-17,Other,2022-09-25,1,Reduced,0,0,No IEP,60,0.94
2929,8,Eden,Martinez,2018-09-19,Other,2022-10-05,0,Free,0,0,No IEP,47,0.89
2930,8,Dakota,Martinez,2019-01-25,Male,2023-10-25,1,Reduced,0,0,No IEP,83,0.94
2931,8,Casey,Williams,2009-08-12,Other,2023-03-20,1,Full Price,0,0,No IEP,63,0.73
2932,8,Bailey,Hall,2012-02-04,Female,2023-05-08,1,Full Price,0,0,No IEP,64,0.51
2933,8,Logan,Smith,2020-10-22,Female,2022-09-29,1,Reduced,0,0,No IEP,66,0.6
2934,8,Eden,Allen,2010-11-07,Female,2022-11-25,1,Reduced,0,0,No IEP,76,0.89
2935,8,Isaiah,Miller,2013-04-10,Male,2023-09-28,1,Reduced,1,0,No IEP,70,0.92
2936,8,Parker,Jones,2007-11-16,Other,2022-07-06,1,Full Price,0,1,Current IEP,83,0.98
2937,8,Eden,Hall,2011-04-06,Male,2023-09-27,1,Free,0,0,No IEP,80,0.76
2938,8,Casey,Williams,2016-09-14,Female,2023-06-15,1,Free,0,0,No IEP,68,0.74
2939,8,Eden,Young,2007-02-21,Female,2022-12-20,1,Full Price,0,0,No IEP,74,0.82
2940,8,Logan,Young,2015-12-04,Other,2023-08-21,1,Full Price,0,0,No IEP,68,0.72
2941,8,Oliver,Miller,2010-02-23,Other,2023-01-27,1,Reduced,0,0,No IEP,107,0.93
2942,8,Oliver,Young,2013-11-23,Male,2022-12-16,1,Free,0,0,Current IEP,32,0.57
2943,8,Oliver,Young,2014-06-25,Female,2023-03-28,1,Reduced,0,1,No IEP,36,0.72
2944,8,Morgan,Allen,2008-11-13,Other,2024-03-16,1,Free,0,0,No IEP,89,0.94
2945,8,Parker,Garcia,2014-01-16,Other,2022-07-05,1,Reduced,0,0,No IEP,96,0.88
2946,8,Eden,Hall,2014-05-25,Female,2024-03-13,1,Full Price,0,0,Current IEP,91,0.73
2947,8,Alex,Walker,2017-10-11,Female,2023-11-24,1,Free,1,0,No IEP,45,0.91
2948,8,Bailey,Brown,2008-04-24,Female,2023-10-08,1,Free,0,0,No IEP,53,0.83
2949,8,Kendrick,Brown,2010-03-05,Male,2024-04-22,1,Free,0,0,No IEP,89,0.96
2950,8,Casey,Davis,2016-12-28,Male,2024-04-06,1,Full Price,1,0,No IEP,50,0.9
2951,8,Finley,Smith,2015-01-23,Other,2023-04-02,1,Free,1,0,No IEP,52,0.73
2952,8,Gabriel,Allen,2018-05-01,Female,2022-09-26,1,Free,0,0,No IEP,30,0.67
2953,8,Finley,Miller,2008-12-06,Other,2023-11-20,1,Full Price,0,0,No IEP,41,0.81
2954,8,Casey,Hall,2020-02-02,Other,2022-11-18,1,Reduced,0,0,No IEP,58,0.74
2955,8,Jordan,Davis,2007-11-11,Male,2024-05-24,1,Reduced,0,0,No IEP,57,0.74
2956,8,Dakota,Brown,2015-06-09,Male,2023-01-31,1,Full Price,0,0,No IEP,98,0.77
2957,8,Isaiah,Walker,2010-07-05,Other,2024-02-02,1,Reduced,0,0,No IEP,90,0.84
2958,8,Eden,Johnson,2013-12-21,Female,2023-11-11,1,Reduced,0,0,No IEP,65,0.95
2959,8,Dakota,Davis,2018-01-12,Other,2023-03-16,1,Free,0,0,No IEP,61,0.72
2960,8,Noah,Brown,2018-10-06,Male,2022-08-18,1,Full Price,1,0,No IEP,70,0.9
2961,8,Bailey,Brown,2011-06-26,Female,2023-08-03,1,Free,0,0,No IEP,20,0.96
2962,8,Bailey,Lee,2015-11-24,Female,2024-05-06,1,Full Price,0,0,No IEP,64,0.94
2963,8,Gabriel,Smith,2007-10-21,Male,2023-12-02,1,Reduced,0,0,No IEP,68,0.96
2964,8,Gabriel,Martinez,2017-05-02,Female,2023-11-26,1,Free,0,0,No IEP,90,0.95
2965,8,Jordan,Jones,2015-11-01,Other,2023-01-28,1,Free,0,0,No IEP,83,0.82
2966,8,Eden,Garcia,2014-09-08,Male,2023-10-22,1,Reduced,0,0,Evaluation Pending,31,0.68
2967,8,Alex,Rodriguez,2010-08-18,Other,2023-12-17,1,Reduced,1,0,No IEP,69,0.76
2968,8,Dakota,Rodriguez,2019-07-06,Male,2023-12-04,1,Full Price,0,0,No IEP,61,0.95
2969,8,Bailey,Williams,2020-06-13,Female,2023-05-13,0,Reduced,0,0,No IEP,66,0.7
2970,8,Gabriel,Hall,2017-03-12,Female,2023-04-07,1,Free,1,0,No IEP,71,0.92
2971,8,Logan,Lee,2020-09-13,Male,2023-03-18,1,Free,0,0,No IEP,95,0.92
2972,8,Finley,Lee,2012-02-12,Female,2022-09-19,1,Reduced,0,0,No IEP,52,0.94
2973,8,Noah,White,2013-07-25,Other,2022-08-18,0,Free,0,0,No IEP,57,0.73
2974,8,Bailey,Hall,2020-02-17,Female,2022-11-11,1,Reduced,0,0,Current IEP,81,0.95
2975,8,Jordan,Jones,2016-09-25,Female,2023-05-11,1,Free,1,0,No IEP,86,0.96
2976,8,Bailey,White,2007-03-16,Other,2023-02-12,1,Free,0,0,No IEP,56,0.75
2977,8,Isaiah,Smith,2013-03-06,Female,2023-03-29,1,Reduced,0,0,No IEP,34,0.76
2978,8,Finley,Allen,2019-02-10,Other,2022-10-06,1,Free,0,0,Current IEP,75,0.9
2979,8,Logan,Hall,2013-07-16,Male,2022-12-16,1,Full Price,0,0,No IEP,88,0.93
2980,8,Logan,Allen,2018-12-19,Male,2023-06-23,1,Full Price,1,0,Current IEP,38,0.95
2981,8,Morgan,Williams,2013-07-13,Other,2023-05-23,1,Reduced,0,1,No IEP,63,0.8
2982,8,Alex,Smith,2010-06-28,Other,2022-12-03,1,Free,0,0,No IEP,59,0.52
2983,8,Eden,Young,2013-10-23,Male,2023-05-22,1,Free,0,0,No IEP,64,0.83
2984,8,Kendrick,Jones,2018-07-03,Female,2022-11-17,1,Full Price,0,0,No IEP,99,0.97
2985,8,Noah,Davis,2011-02-15,Male,2022-08-08,1,Full Price,0,0,No IEP,63,0.88
2986,8,Bailey,Davis,2014-05-07,Male,2022-08-19,1,Reduced,0,0,No IEP,59,0.75
2987,8,Parker,Rodriguez,2008-10-05,Male,2024-01-19,1,Reduced,1,0,No IEP,84,0.74
2988,8,Dakota,Johnson,2013-08-13,Other,2024-01-09,1,Free,1,0,No IEP,88,0.89
2989,8,Parker,Williams,2012-07-23,Other,2024-04-13,1,Full Price,0,0,No IEP,76,0.91
2990,8,Harper,Hall,2009-08-06,Female,2023-04-22,1,Reduced,0,1,No IEP,11,0.95
2991,8,Alex,Martinez,2015-03-10,Other,2024-04-11,1,Full Price,1,1,No IEP,40,0.81
2992,8,Oliver,Davis,2017-04-26,Other,2022-10-31,1,Free,0,0,No IEP,89,0.96
2993,8,Parker,Rodriguez,2020-07-28,Female,2023-04-12,1,Reduced,1,0,No IEP,69,0.98
2994,8,Parker,Martinez,2016-03-04,Male,2023-02-18,1,Free,0,0,No IEP,14,0.65
2995,8,Noah,Johnson,2018-09-01,Other,2023-02-13,1,Full Price,0,0,No IEP,89,0.91
2996,8,Isaiah,Garcia,2017-08-02,Other,2022-09-28,1,Reduced,0,0,No IEP,75,0.77
2997,8,Logan,Miller,2019-07-08,Female,2022-12-03,1,Full Price,1,0,No IEP,99,0.74
2998,8,Eden,Garcia,2014-06-17,Male,2024-04-13,1,Reduced,0,1,No IEP,57,0.82
2999,8,Isaiah,Hall,2011-02-18,Female,2022-10-17,1,Free,0,1,No IEP,48,0.71
3000,8,Finley,Martinez,2013-07-07,Male,2022-11-07,1,Full Price,0,0,No IEP,74,0.65
3001,8,Alex,Davis,2013-03-28,Male,2022-11-16,1,Reduced,0,0,No IEP,85,0.75
3002,8,Noah,Miller,2011-12-06,Female,2023-08-17,1,Full Price,0,0,No IEP,69,0.67
3003,8,Alex,Martinez,2015-08-23,Male,2022-08-17,1,Reduced,0,0,No IEP,22,0.6
3004,8,Oliver,Williams,2020-09-12,Male,2023-01-09,1,Reduced,0,0,No IEP,98,0.95
3005,8,Morgan,Brown,2012-02-17,Other,2023-10-30,1,Reduced,0,0,No IEP,35,0.54
3006,8,Oliver,Rodriguez,2018-11-21,Male,2022-06-24,1,Free,0,0,No IEP,52,0.95
3007,8,Kendrick,Allen,2011-08-11,Male,2022-11-10,1,Reduced,0,1,Current IEP,50,0.96
3008,8,Gabriel,Garcia,2016-07-22,Female,2023-10-20,1,Reduced,0,0,No IEP,82,0.96
3009,8,Casey,Lee,2015-08-22,Other,2024-03-24,1,Full Price,0,0,No IEP,82,0.91
3010,8,Bailey,Hall,2008-03-10,Female,2022-10-25,1,Free,0,1,No IEP,91,0.7
3011,8,Bailey,Allen,2008-07-12,Female,2023-12-21,1,Reduced,0,0,No IEP,52,0.9
3012,8,Logan,White,2006-06-08,Other,2023-11-12,1,Full Price,1,0,No IEP,60,0.89
3013,8,Morgan,Brown,2014-12-03,Other,2023-09-06,1,Full Price,0,0,No IEP,77,0.89
3014,8,Isaiah,Johnson,2011-09-21,Female,2022-12-24,1,Free,1,0,Evaluation Pending,85,0.96
3015,8,Bailey,Allen,2020-11-11,Female,2023-11-25,1,Full Price,1,1,Current IEP,80,0.67
3016,8,Oliver,Rodriguez,2020-03-07,Female,2024-05-20,1,Reduced,0,0,No IEP,96,0.68
3017,8,Finley,Jones,2009-07-13,Other,2024-02-01,1,Free,1,0,Evaluation Pending,84,0.98
3018,8,Eden,Brown,2009-02-18,Male,2023-08-02,1,Reduced,0,0,No IEP,41,0.78
3019,8,Eden,Rodriguez,2015-06-22,Other,2024-03-15,1,Reduced,0,1,No IEP,45,0.54
3020,8,Oliver,Lee,2015-05-03,Male,2024-01-22,1,Reduced,0,0,No IEP,82,0.89
3021,8,Parker,Johnson,2006-03-24,Other,2023-06-16,1,Reduced,1,0,No IEP,77,0.9
3022,8,Isaiah,Lee,2013-05-11,Female,2024-02-14,1,Free,0,0,No IEP,68,0.94
3023,8,Finley,Garcia,2009-07-19,Female,2023-12-06,1,Free,0,0,No IEP,99,0.73
3024,8,Eden,White,2008-01-17,Other,2024-04-07,1,Reduced,0,0,No IEP,21,0.7
3025,8,Harper,White,2012-07-20,Male,2022-07-15,1,Free,0,0,No IEP,51,0.97
3026,8,Kendrick,Brown,2016-06-19,Female,2023-09-18,1,Reduced,1,0,No IEP,30,0.75
3027,8,Dakota,Walker,2018-04-15,Male,2023-12-11,1,Free,0,0,No IEP,60,0.71
3028,8,Kendrick,Williams,2015-07-10,Male,2022-10-31,1,Reduced,0,0,No IEP,67,0.75
3029,8,Parker,Walker,2012-08-04,Other,2023-02-07,1,Reduced,0,0,No IEP,100,0.91
3030,8,Isaiah,Brown,2009-12-26,Male,2024-04-01,1,Free,0,0,No IEP,75,0.91
3031,8,Jordan,Williams,2006-12-28,Male,2023-04-03,1,Reduced,0,0,No IEP,52,0.95
3032,8,Casey,Walker,2009-02-21,Male,2022-12-18,1,Reduced,0,0,No IEP,72,0.96
3033,8,Harper,Jones,2013-06-05,Female,2023-02-06,0,Free,1,0,Current IEP,42,0.78
3034,8,Finley,Williams,2020-03-09,Other,2023-09-17,1,Full Price,0,0,No IEP,97,0.93
3035,8,Casey,Williams,2008-10-21,Other,2024-02-17,1,Free,1,0,No IEP,20,0.8
3036,8,Dakota,Garcia,2007-09-15,Female,2024-03-21,1,Reduced,0,0,No IEP,85,0.95
3037,8,Casey,Johnson,2006-05-12,Male,2022-09-29,1,Free,0,0,Evaluation Pending,68,0.94
3038,8,Casey,Garcia,2018-08-11,Male,2023-01-04,1,Reduced,0,0,No IEP,56,0.94
3039,8,Casey,White,2015-09-07,Female,2024-03-28,1,Free,0,0,No IEP,53,0.84
3040,8,Alex,Young,2006-08-12,Female,2022-08-18,1,Full Price,0,0,No IEP,95,0.91
3041,8,Morgan,Jones,2006-09-03,Female,2023-04-21,1,Full Price,0,1,No IEP,30,0.82
3042,8,Oliver,Lee,2019-06-02,Other,2022-07-27,1,Full Price,1,0,No IEP,86,0.84
3043,8,Dakota,Davis,2018-09-08,Male,2022-09-28,1,Reduced,0,0,No IEP,56,0.73
3044,8,Noah,Brown,2020-07-01,Male,2023-06-14,1,Free,0,0,Current IEP,99,0.97
3045,8,Finley,Davis,2016-01-19,Male,2022-08-23,1,Reduced,0,0,No IEP,67,0.97
3046,8,Morgan,Smith,2006-06-28,Male,2024-04-01,1,Reduced,0,0,No IEP,70,0.84
3047,8,Isaiah,Brown,2017-10-01,Male,2023-05-12,1,Full Price,0,0,Current IEP,88,0.96
3048,8,Gabriel,Johnson,2013-02-22,Other,2023-02-21,1,Free,0,0,No IEP,103,0.79
3049,8,Isaiah,White,2006-02-28,Female,2023-09-03,1,Free,0,0,No IEP,65,0.9
3050,8,Eden,Brown,2017-06-26,Male,2024-04-23,1,Full Price,1,0,No IEP,4,0.73
3051,8,Logan,Smith,2012-01-14,Other,2023-01-27,1,Reduced,0,0,No IEP,77,0.93
3052,8,Casey,White,2016-09-07,Male,2022-10-06,1,Free,0,0,No IEP,52,0.8
3053,8,Harper,Young,2017-07-01,Female,2023-11-05,1,Reduced,1,0,No IEP,76,0.89
3054,8,Isaiah,Johnson,2006-09-07,Female,2023-02-18,1,Free,0,1,Current IEP,54,0.79
3055,8,Harper,Lee,2014-08-19,Male,2023-06-17,1,Full Price,0,0,No IEP,75,0.98
3056,8,Dakota,Jones,2009-07-26,Other,2023-12-11,1,Reduced,0,0,No IEP,27,0.54
3057,8,Dakota,Smith,2020-12-20,Other,2023-02-24,1,Free,0,1,No IEP,69,0.73
3058,8,Noah,Allen,2011-06-28,Female,2023-01-06,1,Free,0,0,No IEP,32,0.57
3059,8,Finley,Williams,2015-12-06,Female,2024-02-29,1,Reduced,0,0,No IEP,73,0.74
3060,8,Morgan,Davis,2011-10-28,Other,2023-05-30,1,Free,0,0,No IEP,62,0.9
3061,8,Harper,Miller,2013-07-14,Other,2023-11-26,1,Reduced,0,0,No IEP,40,0.84
3062,8,Kendrick,Walker,2014-05-19,Female,2023-10-27,1,Reduced,0,0,No IEP,67,0.93
3063,8,Jordan,Garcia,2007-11-18,Male,2023-11-28,1,Free,0,0,No IEP,91,0.89
3064,8,Bailey,Young,2006-04-03,Female,2023-07-12,1,Reduced,0,0,No IEP,45,0.69
3065,8,Harper,Brown,2009-09-16,Other,2022-08-30,1,Reduced,1,0,No IEP,77,0.92
3066,8,Alex,Davis,2007-12-09,Female,2022-10-05,1,Reduced,0,0,No IEP,84,0.91
3067,8,Logan,Johnson,2014-09-05,Male,2023-08-27,1,Free,0,0,No IEP,68,0.96
3068,8,Oliver,Walker,2015-06-01,Female,2022-12-22,1,Free,0,1,No IEP,109,0.89
3069,8,Finley,Brown,2013-03-27,Male,2023-01-13,1,Free,0,0,Current IEP,15,0.84
3070,8,Finley,Davis,2010-11-16,Female,2022-07-26,0,Reduced,0,0,No IEP,80,0.74
3071,8,Harper,Davis,2008-04-10,Other,2022-09-25,1,Reduced,1,0,No IEP,52,0.93
3072,8,Isaiah,Williams,2009-08-08,Male,2023-11-22,1,Full Price,0,0,No IEP,47,0.72
3073,8,Finley,Allen,2014-04-12,Other,2024-02-29,1,Free,0,0,No IEP,89,0.97
3074,8,Oliver,Young,2018-09-12,Male,2022-08-29,1,Free,0,0,No IEP,47,0.62
3075,8,Isaiah,Miller,2010-04-16,Other,2023-07-16,1,Full Price,0,0,No IEP,49,0.59
3076,8,Dakota,Jones,2009-07-09,Female,2023-01-06,1,Reduced,0,0,No IEP,71,0.94
3077,8,Harper,Davis,2013-06-13,Male,2024-04-19,1,Reduced,0,1,No IEP,51,0.77
3078,8,Alex,Jones,2018-03-02,Male,2022-11-07,1,Reduced,0,0,No IEP,50,0.74
3079,8,Noah,Davis,2008-01-25,Female,2022-08-18,0,Reduced,0,0,Current IEP,60,0.58
3080,8,Kendrick,Williams,2012-02-01,Male,2023-10-04,1,Reduced,0,0,No IEP,99,0.93
3081,8,Morgan,Miller,2011-11-22,Male,2024-05-10,1,Full Price,0,0,No IEP,83,0.92
3082,8,Morgan,Hall,2019-05-22,Male,2023-04-15,1,Free,0,0,No IEP,83,0.9
3083,8,Eden,Allen,2018-10-01,Male,2022-07-10,1,Free,0,0,No IEP,86,0.79
3084,8,Isaiah,Young,2006-04-04,Male,2024-05-11,1,Free,0,0,No IEP,88,0.78
3085,8,Dakota,Allen,2007-01-25,Male,2023-12-12,0,Full Price,0,0,Evaluation Pending,70,0.97
3086,8,Dakota,Smith,2014-07-02,Other,2022-08-25,1,Full Price,0,0,No IEP,73,0.73
3087,8,Harper,Brown,2016-01-02,Other,2022-08-08,1,Free,1,0,No IEP,40,0.8
3088,8,Finley,Walker,2017-01-16,Female,2022-08-16,1,Free,0,0,No IEP,52,0.58
3089,8,Jordan,Miller,2011-07-01,Male,2024-04-14,1,Reduced,0,0,No IEP,74,0.66
3090,8,Harper,Hall,2017-04-20,Male,2023-04-28,1,Free,0,0,No IEP,40,0.54
3091,8,Kendrick,Allen,2014-03-07,Female,2024-02-10,1,Free,1,0,Current IEP,9,0.77
3092,8,Morgan,Lee,2008-08-15,Female,2023-12-29,0,Full Price,1,0,No IEP,61,0.91
3093,8,Gabriel,Smith,2007-04-23,Male,2023-01-13,1,Reduced,0,0,No IEP,54,0.88
3094,8,Noah,Brown,2008-03-09,Female,2023-04-19,1,Full Price,0,0,No IEP,78,0.95
3095,8,Finley,Garcia,2018-08-27,Female,2022-10-03,1,Reduced,0,0,No IEP,66,0.92
3096,8,Gabriel,White,2008-11-13,Other,2023-06-19,1,Full Price,0,0,No IEP,75,0.9
3097,8,Kendrick,Garcia,2014-02-21,Female,2024-03-06,1,Full Price,0,0,No IEP,52,0.73
3098,8,Gabriel,Johnson,2018-08-15,Other,2023-01-04,1,Reduced,0,0,No IEP,68,0.88
3099,8,Finley,White,2011-02-18,Male,2023-11-07,1,Free,0,0,No IEP,48,0.71
3100,8,Noah,Lee,2014-02-13,Female,2024-03-30,1,Full Price,0,0,Current IEP,67,0.76
3101,8,Parker,Johnson,2019-01-01,Other,2023-11-05,1,Free,0,0,No IEP,64,0.95
3102,8,Gabriel,Miller,2018-07-02,Female,2023-06-11,1,Free,0,1,No IEP,76,0.9
3103,8,Oliver,Allen,2006-01-15,Other,2022-08-18,1,Free,0,0,No IEP,67,0.9
3104,8,Morgan,Williams,2011-06-20,Male,2022-09-27,1,Reduced,0,0,No IEP,81,0.91
3105,8,Bailey,Johnson,2016-07-13,Male,2023-11-29,1,Free,1,0,No IEP,45,0.75
3106,8,Finley,Smith,2012-05-22,Male,2024-03-05,1,Reduced,0,0,No IEP,99,0.9
3107,8,Dakota,Lee,2018-10-04,Female,2022-12-19,1,Free,0,0,No IEP,34,0.74
3108,8,Dakota,Jones,2015-06-15,Male,2023-09-09,1,Free,0,0,Current IEP,77,0.97
3109,8,Alex,Smith,2010-03-27,Male,2022-11-08,1,Reduced,0,0,No IEP,77,0.93
3110,8,Jordan,Allen,2012-07-05,Female,2023-07-19,1,Reduced,1,0,No IEP,87,0.91
3111,8,Jordan,White,2018-05-13,Other,2024-01-07,1,Free,1,0,No IEP,60,0.97
3112,8,Bailey,Jones,2015-08-27,Male,2023-08-18,1,Reduced,0,1,No IEP,98,0.91
3113,8,Finley,Hall,2008-11-28,Other,2022-09-08,1,Full Price,0,0,No IEP,25,0.84
3114,8,Kendrick,Garcia,2006-03-06,Other,2023-02-02,1,Full Price,0,0,No IEP,68,0.91
3115,8,Harper,Williams,2007-12-06,Male,2023-05-19,1,Free,0,0,No IEP,94,0.97
3116,8,Gabriel,Young,2010-12-17,Other,2023-09-17,1,Free,0,0,No IEP,82,0.74
3117,8,Parker,Johnson,2014-07-21,Other,2023-02-18,1,Reduced,1,0,No IEP,64,0.9
3118,8,Finley,Brown,2006-10-15,Female,2024-03-04,1,Reduced,1,0,No IEP,32,0.69
3119,8,Isaiah,Smith,2020-01-26,Male,2022-11-02,1,Full Price,1,1,No IEP,70,0.97
3120,8,Dakota,Williams,2013-09-14,Other,2023-02-24,1,Full Price,0,0,No IEP,59,0.84
3121,8,Isaiah,Allen,2007-09-20,Female,2022-12-22,1,Free,0,0,No IEP,62,0.74
3122,8,Noah,Hall,2011-06-12,Other,2023-02-05,1,Reduced,1,0,Current IEP,20,0.88
3123,8,Harper,White,2013-03-26,Female,2023-12-07,1,Full Price,0,1,Current IEP,73,0.95
3124,8,Dakota,Garcia,2011-10-28,Other,2022-09-05,1,Full Price,0,0,Current IEP,71,0.89
3125,8,Casey,Garcia,2007-01-22,Female,2023-10-14,1,Full Price,0,0,No IEP,71,0.97
3126,8,Gabriel,Johnson,2015-01-07,Female,2023-05-05,1,Free,0,0,No IEP,54,0.91
3127,8,Harper,Miller,2013-07-17,Male,2024-04-18,1,Free,0,0,No IEP,65,0.93
3128,8,Oliver,Rodriguez,2018-03-16,Female,2023-05-27,1,Free,0,0,No IEP,107,0.9
3129,8,Casey,Lee,2011-09-21,Female,2023-06-01,1,Reduced,0,0,No IEP,41,0.57
3130,8,Isaiah,Smith,2008-03-07,Male,2023-02-24,1,Reduced,0,0,No IEP,85,0.96
3131,8,Harper,Rodriguez,2020-02-10,Other,2022-10-08,1,Reduced,1,0,No IEP,59,0.98
3132,8,Dakota,Brown,2007-01-19,Other,2023-02-27,1,Reduced,0,1,No IEP,84,0.97
3133,8,Oliver,Allen,2020-03-20,Female,2023-07-26,1,Full Price,0,0,No IEP,71,0.79
3134,8,Bailey,Hall,2020-12-17,Other,2023-02-07,1,Full Price,0,0,Current IEP,47,0.54
3135,8,Logan,Rodriguez,2010-12-20,Male,2023-05-16,1,Free,0,0,Current IEP,76,0.98
3136,8,Finley,Davis,2010-04-22,Other,2023-07-10,1,Reduced,0,0,No IEP,101,0.97
3137,8,Dakota,White,2014-10-20,Other,2023-07-30,1,Full Price,0,0,No IEP,67,0.51
3138,8,Kendrick,Smith,2018-08-21,Other,2023-09-07,1,Full Price,0,0,No IEP,75,0.85
3139,8,Oliver,Williams,2008-02-26,Male,2024-04-18,1,Reduced,0,0,No IEP,56,0.82
3140,8,Morgan,Garcia,2018-07-13,Female,2022-09-19,1,Free,0,0,No IEP,77,0.79
3141,8,Eden,Williams,2017-06-04,Other,2023-05-18,1,Full Price,0,0,No IEP,70,0.9
3142,8,Noah,Williams,2008-08-17,Female,2023-02-10,0,Free,0,0,No IEP,46,0.82
3143,8,Oliver,White,2006-02-23,Other,2023-04-03,1,Reduced,0,0,No IEP,36,0.77
3144,8,Casey,White,2020-12-22,Other,2023-01-06,1,Reduced,0,0,No IEP,71,0.53
3145,8,Parker,White,2007-06-13,Other,2024-03-03,1,Free,0,0,No IEP,92,0.92
3146,8,Noah,Young,2013-08-07,Male,2023-03-13,1,Full Price,0,0,No IEP,77,0.96
3147,8,Parker,Hall,2016-07-09,Female,2022-09-04,1,Full Price,0,0,No IEP,73,0.98
3148,8,Parker,Jones,2012-10-10,Female,2023-09-11,1,Full Price,0,0,No IEP,101,0.95
3149,8,Alex,Miller,2006-11-13,Male,2024-03-08,1,Free,0,0,No IEP,78,0.94
3150,8,Finley,Rodriguez,2011-01-13,Other,2022-08-17,1,Full Price,0,0,Evaluation Pending,52,0.64
3151,8,Bailey,Smith,2017-07-15,Female,2023-05-25,1,Reduced,0,0,No IEP,60,0.73
3152,8,Alex,Young,2017-06-16,Female,2024-05-01,1,Reduced,0,0,No IEP,77,0.96
3153,8,Logan,Rodriguez,2007-12-11,Male,2023-07-18,1,Free,0,0,No IEP,71,0.75
3154,8,Isaiah,Brown,2008-08-26,Other,2024-01-04,1,Free,0,0,No IEP,45,0.58
3155,8,Harper,Hall,2015-09-15,Female,2023-04-22,1,Full Price,0,0,No IEP,58,0.91
3156,8,Bailey,Martinez,2012-01-18,Male,2023-01-13,1,Reduced,0,0,No IEP,14,0.84
3157,8,Finley,Williams,2009-03-11,Other,2023-07-04,1,Free,0,0,No IEP,85,0.89
3158,8,Bailey,Smith,2010-12-05,Other,2024-01-23,1,Full Price,1,0,No IEP,46,0.8
3159,8,Eden,Young,2016-12-15,Other,2024-01-11,1,Reduced,1,1,Current IEP,15,0.96
3160,8,Isaiah,Lee,2008-03-13,Male,2022-12-08,1,Full Price,0,0,Current IEP,66,0.92
3161,8,Gabriel,Williams,2019-05-09,Other,2023-07-29,1,Full Price,0,0,No IEP,86,0.89
3162,8,Kendrick,Garcia,2011-07-12,Female,2023-05-14,0,Free,0,0,No IEP,58,0.98
3163,8,Noah,Garcia,2019-10-22,Male,2023-11-09,1,Free,0,0,No IEP,92,0.88
3164,8,Eden,Smith,2009-10-14,Other,2023-04-29,1,Full Price,1,0,No IEP,31,0.96
3165,8,Noah,Rodriguez,2019-07-28,Other,2022-06-24,1,Reduced,0,0,No IEP,51,0.96
3166,8,Bailey,Walker,2015-07-01,Male,2022-07-15,1,Free,0,0,No IEP,89,0.94
3167,8,Finley,Martinez,2017-07-16,Female,2023-06-11,1,Reduced,0,0,Current IEP,80,0.92
3168,8,Noah,White,2013-03-06,Female,2024-05-19,1,Reduced,0,0,No IEP,64,0.93
3169,8,Kendrick,White,2006-11-02,Female,2023-10-30,1,Free,0,0,No IEP,54,0.71
3170,8,Finley,Hall,2019-12-07,Female,2022-09-26,1,Reduced,0,0,Evaluation Pending,103,0.91
3171,8,Gabriel,Davis,2007-01-12,Female,2024-03-20,1,Reduced,0,0,No IEP,82,0.91
3172,8,Bailey,Jones,2008-11-05,Female,2023-04-26,1,Free,0,1,No IEP,88,0.89
3173,8,Finley,Allen,2009-12-20,Male,2023-03-12,1,Reduced,0,0,No IEP,93,0.93
3174,8,Noah,Miller,2015-06-20,Female,2023-05-11,1,Free,0,0,No IEP,53,0.96
3175,8,Logan,Williams,2018-07-01,Male,2023-02-19,1,Free,0,1,No IEP,53,0.95
3176,8,Isaiah,Garcia,2017-03-12,Female,2023-11-10,1,Full Price,0,0,No IEP,61,0.96
3177,8,Gabriel,Jones,2016-11-17,Female,2024-05-15,1,Reduced,0,0,No IEP,64,0.89
3178,8,Harper,Allen,2020-09-24,Female,2022-08-21,0,Reduced,1,0,No IEP,60,0.8
3179,8,Casey,Garcia,2019-03-06,Other,2023-08-28,1,Free,0,0,No IEP,77,0.56
3180,8,Kendrick,Garcia,2010-12-07,Male,2022-08-14,1,Free,0,0,No IEP,55,0.83
3181,8,Morgan,Jones,2008-07-02,Female,2022-08-08,1,Reduced,0,0,No IEP,67,0.91
3182,8,Logan,Lee,2011-04-23,Other,2022-10-17,1,Full Price,1,0,No IEP,78,0.97
3183,8,Oliver,Allen,2009-03-12,Male,2024-03-30,1,Reduced,0,0,No IEP,83,0.96
3184,8,Dakota,Smith,2008-01-15,Female,2022-08-10,1,Full Price,0,0,No IEP,78,0.9
3185,8,Morgan,Allen,2013-07-11,Other,2024-03-08,1,Free,0,0,Current IEP,95,0.91
3186,8,Jordan,Allen,2012-06-23,Other,2023-12-17,1,Free,0,0,No IEP,43,0.69
3187,8,Parker,Garcia,2006-07-20,Male,2023-02-01,1,Free,1,0,No IEP,92,0.94
3188,8,Parker,Walker,2012-09-17,Male,2023-12-27,1,Reduced,0,0,No IEP,62,0.88
3189,8,Morgan,White,2009-12-13,Female,2024-03-21,1,Free,0,0,No IEP,65,0.78
3190,8,Isaiah,Hall,2009-12-12,Male,2023-02-27,1,Free,0,0,Current IEP,76,0.82
3191,8,Logan,Davis,2009-07-10,Female,2022-08-08,1,Reduced,0,0,Current IEP,79,0.97
3192,8,Bailey,Miller,2010-03-01,Female,2023-06-13,1,Free,0,0,No IEP,79,0.93
3193,8,Logan,Lee,2019-03-11,Male,2023-05-27,1,Full Price,0,0,No IEP,95,0.66
3194,8,Harper,Jones,2013-02-27,Other,2023-11-01,1,Full Price,0,0,No IEP,107,0.71
3195,8,Harper,Davis,2009-07-05,Other,2022-08-25,1,Reduced,0,0,Current IEP,35,0.83
3196,8,Morgan,Walker,2006-02-28,Male,2023-03-08,1,Free,0,0,No IEP,90,0.91
3197,8,Bailey,Young,2009-09-23,Male,2024-05-09,1,Reduced,0,0,No IEP,66,0.78
3198,8,Dakota,Rodriguez,2011-11-04,Other,2023-07-02,1,Full Price,0,0,No IEP,109,0.89
3199,8,Parker,Johnson,2009-12-22,Other,2022-11-27,1,Free,0,0,No IEP,83,0.93
3200,8,Logan,White,2006-11-28,Male,2023-01-10,1,Free,0,0,No IEP,55,0.94
3201,8,Eden,Martinez,2009-12-13,Male,2024-05-22,1,Full Price,0,0,No IEP,93,0.93
3202,8,Finley,Walker,2016-07-08,Other,2022-07-18,1,Free,0,0,No IEP,32,0.96
3203,8,Dakota,Garcia,2011-12-17,Other,2023-10-23,1,Free,0,0,No IEP,108,0.82
3204,8,Finley,White,2008-07-12,Other,2023-10-27,1,Reduced,1,0,No IEP,71,0.8
3205,8,Isaiah,Williams,2010-01-24,Female,2024-01-22,1,Free,0,0,No IEP,65,0.89
3206,8,Oliver,Smith,2015-10-05,Male,2023-09-07,1,Reduced,0,0,No IEP,82,0.74
3207,8,Jordan,Jones,2008-06-23,Male,2022-08-23,1,Free,0,0,No IEP,43,0.69
3208,8,Parker,Brown,2007-04-01,Male,2022-06-30,1,Full Price,0,1,No IEP,45,0.81
3209,8,Dakota,Johnson,2018-12-26,Male,2024-03-15,1,Full Price,0,0,No IEP,32,0.51
3210,8,Jordan,Davis,2017-06-12,Female,2022-09-24,1,Free,0,0,Current IEP,68,0.91
3211,8,Morgan,Hall,2007-04-04,Other,2023-01-08,1,Free,0,0,No IEP,65,0.91
3212,8,Isaiah,Smith,2015-02-26,Female,2022-09-01,1,Reduced,0,1,No IEP,42,0.74
3213,8,Morgan,White,2014-04-20,Male,2022-09-03,1,Full Price,0,0,No IEP,103,0.95
3214,8,Alex,Walker,2007-11-15,Other,2022-11-19,1,Free,0,0,No IEP,88,0.97
3215,8,Eden,Jones,2020-11-21,Female,2023-03-06,0,Full Price,0,0,No IEP,75,0.96
3216,8,Bailey,Allen,2020-05-08,Female,2022-07-27,1,Full Price,0,0,No IEP,82,0.97
3217,8,Casey,Walker,2014-04-21,Male,2023-01-30,1,Free,0,0,No IEP,67,0.72
3218,8,Oliver,Smith,2009-10-19,Female,2023-04-26,1,Free,0,0,No IEP,60,0.58
3219,8,Dakota,Brown,2008-03-27,Male,2023-05-25,0,Free,0,0,No IEP,45,0.57
3220,8,Oliver,Smith,2009-08-21,Female,2024-04-05,1,Free,0,0,No IEP,84,0.96
3221,8,Bailey,Hall,2008-04-16,Other,2023-11-07,1,Reduced,0,0,No IEP,74,0.85
3222,8,Parker,Williams,2015-03-27,Other,2023-09-19,1,Full Price,0,0,No IEP,79,0.96
3223,8,Oliver,Davis,2011-03-08,Other,2022-11-06,1,Free,0,1,No IEP,97,0.74
3224,8,Harper,Davis,2008-04-07,Male,2023-11-13,1,Reduced,0,0,No IEP,84,0.95
3225,8,Casey,Rodriguez,2014-09-18,Male,2024-03-25,1,Reduced,1,0,No IEP,58,0.94
3226,8,Bailey,Rodriguez,2012-03-17,Other,2023-07-21,0,Free,0,0,No IEP,42,0.71
3227,8,Alex,Martinez,2015-08-26,Male,2024-01-01,1,Full Price,0,0,No IEP,74,0.9
3228,8,Oliver,Miller,2020-02-01,Other,2023-08-22,1,Free,0,0,Current IEP,79,0.81
3229,8,Noah,Williams,2008-09-13,Female,2023-11-20,1,Full Price,1,0,No IEP,95,0.91
3230,8,Logan,Miller,2018-12-13,Other,2022-10-07,1,Full Price,1,1,Current IEP,57,0.91
3231,8,Casey,Johnson,2009-08-24,Other,2023-07-13,1,Full Price,0,0,No IEP,3,0.83
3232,8,Harper,Davis,2019-10-13,Male,2023-10-08,1,Reduced,0,0,No IEP,70,0.84
3233,8,Eden,Allen,2006-04-25,Other,2022-07-25,1,Free,0,1,No IEP,72,0.91
3234,8,Alex,Miller,2009-06-15,Other,2022-11-10,1,Free,0,0,Current IEP,85,0.96
3235,8,Parker,Rodriguez,2019-04-03,Female,2023-11-02,1,Reduced,0,1,No IEP,95,0.96
3236,8,Noah,Hall,2013-06-21,Male,2023-07-17,1,Free,1,1,No IEP,65,0.58
3237,8,Morgan,White,2008-03-10,Female,2023-08-13,0,Reduced,1,1,No IEP,60,0.93
3238,8,Harper,Brown,2011-01-05,Other,2022-11-08,1,Full Price,1,0,No IEP,77,0.89
3239,8,Finley,Young,2011-10-19,Female,2022-12-09,1,Free,0,0,No IEP,45,0.8
3240,8,Bailey,Davis,2013-11-03,Female,2023-08-27,1,Full Price,0,0,No IEP,48,0.52
3241,8,Dakota,Young,2009-12-02,Other,2023-03-14,1,Reduced,0,0,No IEP,60,0.79
3242,8,Jordan,Williams,2010-09-26,Male,2024-04-16,1,Free,1,0,No IEP,78,0.97
3243,8,Morgan,Davis,2017-05-07,Other,2023-08-07,1,Reduced,0,0,No IEP,60,0.78
3244,8,Kendrick,Young,2019-06-11,Male,2023-09-18,1,Reduced,0,0,No IEP,65,0.77
3245,8,Eden,Smith,2020-03-25,Male,2023-09-09,1,Free,1,0,No IEP,39,0.7
3246,8,Finley,Allen,2016-01-02,Other,2024-05-16,1,Free,0,1,No IEP,72,0.8
3247,8,Gabriel,Jones,2014-04-18,Female,2023-08-04,1,Reduced,0,0,No IEP,30,0.58
3248,8,Isaiah,Davis,2008-07-20,Male,2024-01-26,1,Reduced,0,0,No IEP,65,0.83
3249,8,Parker,Rodriguez,2020-06-11,Other,2024-03-31,1,Reduced,0,0,No IEP,88,0.97
3250,8,Casey,Williams,2020-07-20,Male,2024-04-30,1,Reduced,0,0,No IEP,51,0.53
3251,9,Parker,Jones,2017-10-21,Male,2024-03-13,1,Free,1,1,No IEP,76,0.94
3252,9,Parker,Brown,2011-08-27,Female,2023-08-20,1,Reduced,0,0,No IEP,7,0.56
3253,9,Morgan,Jones,2015-12-02,Other,2023-11-20,1,Free,0,0,No IEP,58,0.9
3254,9,Logan,Hall,2007-04-19,Female,2022-11-26,1,Reduced,0,0,No IEP,78,0.73
3255,9,Isaiah,Rodriguez,2010-09-07,Male,2022-10-03,1,Full Price,0,0,No IEP,23,0.53
3256,9,Noah,Hall,2019-12-18,Male,2022-11-29,1,Free,0,0,Current IEP,70,0.9
3257,9,Eden,Miller,2019-02-09,Female,2024-01-18,1,Full Price,1,1,No IEP,11,0.7
3258,9,Oliver,Hall,2011-12-06,Male,2023-01-11,1,Reduced,0,0,No IEP,76,0.75
3259,9,Isaiah,Johnson,2020-05-20,Female,2023-03-14,1,Free,0,0,No IEP,30,0.69
3260,9,Finley,Jones,2011-08-22,Other,2024-02-27,1,Free,1,0,No IEP,89,0.84
3261,9,Oliver,Hall,2017-11-06,Other,2023-08-26,1,Free,0,1,Current IEP,67,0.54
3262,9,Alex,Williams,2009-02-25,Other,2023-07-05,0,Reduced,0,0,No IEP,80,0.96
3263,9,Parker,Miller,2008-09-28,Female,2022-07-02,0,Reduced,1,1,No IEP,54,0.59
3264,9,Morgan,Rodriguez,2007-06-07,Male,2023-12-05,1,Reduced,0,1,No IEP,57,0.92
3265,9,Isaiah,Williams,2016-05-10,Male,2023-07-21,1,Full Price,0,0,No IEP,60,0.52
3266,9,Oliver,Walker,2014-06-10,Other,2024-05-10,1,Full Price,1,0,No IEP,42,0.94
3267,9,Dakota,Hall,2014-04-18,Female,2023-02-09,1,Free,0,1,No IEP,21,0.66
3268,9,Jordan,Williams,2011-10-13,Male,2022-07-04,1,Free,1,0,No IEP,77,0.5
3269,9,Noah,Walker,2010-04-17,Other,2023-04-22,1,Free,1,0,No IEP,75,0.9
3270,9,Logan,Allen,2007-09-16,Other,2023-02-02,1,Free,0,0,No IEP,98,0.89
3271,9,Logan,Jones,2015-02-13,Male,2022-09-05,1,Reduced,0,0,Evaluation Pending,58,0.7
3272,9,Morgan,Rodriguez,2012-02-24,Male,2023-08-23,1,Full Price,1,0,No IEP,108,0.89
3273,9,Finley,Young,2019-07-27,Male,2023-06-29,1,Reduced,1,0,Evaluation Pending,78,0.95
3274,9,Bailey,Lee,2020-07-23,Male,2022-08-30,1,Reduced,0,0,No IEP,37,0.62
3275,9,Parker,Miller,2017-02-03,Male,2023-11-08,1,Free,0,0,No IEP,63,0.91
3276,9,Oliver,Davis,2007-04-09,Male,2023-04-17,1,Free,0,0,No IEP,51,0.95
3277,9,Morgan,Davis,2008-10-01,Female,2023-09-12,1,Reduced,0,0,Current IEP,86,0.83
3278,9,Noah,Smith,2015-10-26,Other,2024-02-28,1,Free,0,0,No IEP,48,0.51
3279,9,Oliver,Walker,2012-02-23,Other,2024-01-30,1,Free,0,0,No IEP,49,0.78
3280,9,Alex,Smith,2013-04-04,Male,2023-12-22,1,Free,0,0,No IEP,56,0.89
3281,9,Noah,Walker,2007-01-27,Other,2023-06-23,0,Free,0,0,No IEP,73,0.97
3282,9,Oliver,Williams,2014-11-07,Female,2022-09-05,1,Reduced,0,0,No IEP,46,0.79
3283,9,Oliver,White,2012-03-16,Female,2024-03-19,1,Reduced,0,0,No IEP,47,0.59
3284,9,Gabriel,Brown,2013-07-20,Other,2024-03-29,1,Full Price,0,0,No IEP,103,0.74
3285,9,Oliver,Davis,2018-06-26,Male,2022-09-26,1,Free,0,0,No IEP,83,0.56
3286,9,Isaiah,Allen,2019-11-01,Other,2022-06-30,1,Free,1,0,No IEP,70,0.95
3287,9,Eden,Smith,2011-06-19,Male,2024-05-21,1,Full Price,0,0,No IEP,28,0.53
3288,9,Dakota,Lee,2011-10-16,Female,2023-01-01,1,Free,0,0,No IEP,83,0.91
3289,9,Parker,Rodriguez,2011-02-23,Female,2023-05-03,1,Full Price,0,0,No IEP,41,0.51
3290,9,Logan,Jones,2008-01-01,Other,2022-12-27,1,Full Price,0,0,No IEP,8,0.9
3291,9,Alex,Young,2010-11-17,Other,2023-12-11,1,Free,0,0,No IEP,79,0.88
3292,9,Finley,Hall,2016-07-13,Other,2023-12-22,1,Free,0,0,No IEP,97,0.78
3293,9,Kendrick,Rodriguez,2020-10-24,Female,2023-10-04,1,Reduced,1,0,No IEP,98,0.85
3294,9,Casey,Miller,2018-02-27,Male,2024-05-14,1,Full Price,0,0,No IEP,54,0.75
3295,9,Oliver,Hall,2018-09-22,Female,2024-04-14,1,Full Price,0,0,Current IEP,59,0.92
3296,9,Eden,Garcia,2016-08-26,Male,2023-03-16,1,Full Price,0,0,No IEP,50,0.96
3297,9,Eden,Lee,2019-10-11,Female,2023-03-19,1,Reduced,0,0,Current IEP,96,0.74
3298,9,Parker,Brown,2009-07-19,Female,2022-12-30,1,Reduced,0,0,No IEP,59,0.73
3299,9,Logan,Williams,2016-04-03,Female,2024-01-06,1,Reduced,0,0,Current IEP,82,0.96
3300,9,Parker,Jones,2007-05-12,Female,2023-10-15,1,Free,0,0,Current IEP,70,0.94
3301,9,Noah,Smith,2011-02-10,Female,2024-03-17,1,Free,0,0,No IEP,34,0.83
3302,9,Oliver,Young,2013-05-03,Other,2022-07-20,1,Full Price,1,0,No IEP,89,0.94
3303,9,Bailey,Lee,2011-08-06,Male,2023-09-15,1,Free,0,0,No IEP,102,0.54
3304,9,Finley,Garcia,2016-08-23,Other,2023-03-06,1,Reduced,1,0,No IEP,36,0.59
3305,9,Noah,Jones,2013-01-27,Female,2024-04-02,1,Reduced,0,0,No IEP,26,0.67
3306,9,Noah,Davis,2018-02-01,Other,2022-10-10,1,Full Price,0,0,Current IEP,62,0.83
3307,9,Eden,Smith,2010-05-07,Male,2024-04-07,1,Free,0,0,No IEP,64,0.83
3308,9,Finley,Martinez,2013-03-15,Female,2023-02-05,1,Free,1,0,No IEP,52,0.78
3309,9,Oliver,Lee,2017-04-23,Female,2023-06-20,0,Reduced,0,0,No IEP,79,0.9
3310,9,Bailey,Garcia,2010-03-27,Other,2023-06-06,1,Free,0,0,No IEP,68,0.79
3311,9,Kendrick,Martinez,2013-10-02,Other,2023-05-23,1,Reduced,0,1,No IEP,109,0.74
3312,9,Oliver,Lee,2018-11-17,Other,2024-01-01,1,Free,0,0,No IEP,81,0.81
3313,9,Parker,White,2014-08-16,Male,2022-07-07,0,Full Price,0,0,No IEP,92,0.72
3314,9,Harper,Hall,2020-11-08,Male,2024-03-24,1,Free,0,0,No IEP,67,0.89
3315,9,Oliver,Miller,2008-02-22,Other,2024-03-11,1,Free,0,0,No IEP,59,0.83
3316,9,Gabriel,Williams,2015-06-21,Other,2023-12-24,1,Reduced,0,0,No IEP,75,0.89
3317,9,Parker,Davis,2012-01-25,Other,2024-03-14,1,Reduced,0,0,No IEP,49,0.98
3318,9,Logan,Davis,2006-07-01,Female,2024-02-09,1,Reduced,0,0,No IEP,65,0.83
3319,9,Finley,Davis,2015-12-22,Female,2022-12-08,1,Reduced,1,0,No IEP,105,0.89
3320,9,Isaiah,Smith,2016-01-04,Other,2023-03-01,1,Full Price,0,0,No IEP,47,0.7
3321,9,Bailey,Martinez,2012-11-16,Female,2023-04-26,1,Free,1,0,No IEP,75,0.94
3322,9,Jordan,Davis,2008-08-04,Male,2023-07-25,1,Reduced,0,0,No IEP,81,0.9
3323,9,Finley,Williams,2015-08-17,Male,2023-04-09,1,Reduced,0,0,No IEP,80,0.91
3324,9,Noah,Davis,2015-04-14,Male,2023-11-02,1,Reduced,0,0,Current IEP,1,0.8
3325,9,Dakota,Rodriguez,2020-08-13,Male,2023-03-06,1,Reduced,0,0,No IEP,52,0.93
3326,9,Isaiah,Williams,2013-09-04,Female,2024-03-26,1,Free,0,0,No IEP,89,0.89
3327,9,Alex,Williams,2008-04-25,Female,2022-10-02,1,Reduced,1,0,No IEP,73,0.9
3328,9,Alex,Davis,2009-10-28,Other,2022-11-20,1,Reduced,0,0,No IEP,86,0.91
3329,9,Morgan,Johnson,2014-02-10,Female,2023-09-25,1,Full Price,0,0,No IEP,77,0.96
3330,9,Casey,Davis,2016-07-02,Female,2022-11-19,1,Reduced,0,0,No IEP,78,0.95
3331,9,Finley,White,2018-08-12,Other,2023-09-14,1,Full Price,0,0,No IEP,74,0.89
3332,9,Harper,White,2020-02-23,Male,2024-04-01,1,Free,0,1,No IEP,39,0.95
3333,9,Kendrick,Garcia,2020-05-05,Other,2024-02-01,1,Reduced,0,0,No IEP,60,0.85
3334,9,Gabriel,Young,2017-11-21,Other,2022-11-15,1,Free,1,0,Current IEP,55,0.94
3335,9,Noah,Lee,2008-01-13,Female,2022-09-06,0,Full Price,1,0,No IEP,47,0.67
3336,9,Bailey,Allen,2012-07-21,Male,2023-05-28,1,Full Price,0,0,No IEP,35,0.51
3337,9,Noah,Davis,2008-12-20,Other,2022-08-09,1,Reduced,1,0,No IEP,36,0.93
3338,9,Gabriel,Smith,2015-12-22,Other,2024-01-29,1,Reduced,1,0,No IEP,19,0.6
3339,9,Parker,Johnson,2019-03-01,Male,2023-01-17,1,Free,0,0,No IEP,45,0.93
3340,9,Isaiah,Jones,2020-04-05,Female,2024-02-03,1,Free,0,0,No IEP,87,0.79
3341,9,Harper,Smith,2008-04-13,Other,2023-10-22,1,Free,0,0,No IEP,41,0.64
3342,9,Dakota,Brown,2006-01-27,Other,2023-09-06,1,Reduced,0,0,No IEP,87,0.74
3343,9,Oliver,Rodriguez,2013-04-15,Male,2023-03-22,1,Reduced,0,0,No IEP,87,0.91
3344,9,Logan,Brown,2009-02-13,Male,2023-04-12,1,Reduced,0,0,Current IEP,93,0.93
3345,9,Eden,Allen,2010-01-06,Female,2023-05-28,1,Free,1,0,No IEP,77,0.9
3346,9,Casey,Smith,2020-03-19,Male,2023-02-18,1,Full Price,0,1,No IEP,48,0.72
3347,9,Casey,Young,2015-02-07,Male,2023-03-29,1,Full Price,1,0,No IEP,57,0.78
3348,9,Bailey,Johnson,2017-05-24,Male,2023-12-06,1,Free,0,0,No IEP,38,0.73
3349,9,Finley,Lee,2016-06-13,Other,2024-05-23,1,Reduced,0,0,No IEP,78,0.9
3350,9,Noah,Jones,2019-08-14,Male,2022-08-10,0,Reduced,0,0,No IEP,84,0.93
3351,9,Harper,Brown,2020-05-05,Male,2022-08-14,1,Reduced,0,0,No IEP,42,0.74
3352,9,Harper,Miller,2018-12-15,Male,2023-07-13,1,Reduced,0,0,No IEP,54,0.9
3353,9,Kendrick,Jones,2010-02-05,Male,2024-05-12,0,Free,1,0,No IEP,88,0.83
3354,9,Dakota,Young,2019-01-08,Other,2023-05-22,1,Free,0,0,No IEP,75,0.97
3355,9,Bailey,Allen,2014-09-03,Male,2023-08-12,1,Free,0,0,No IEP,43,0.57
3356,9,Harper,Lee,2008-11-12,Male,2023-08-22,1,Free,0,0,No IEP,76,0.84
3357,9,Kendrick,Davis,2020-07-02,Female,2022-09-23,1,Free,0,0,No IEP,77,0.92
3358,9,Oliver,Williams,2017-02-01,Female,2023-01-09,1,Reduced,0,0,No IEP,59,0.8
3359,9,Dakota,Rodriguez,2011-09-10,Other,2022-07-05,1,Free,0,0,No IEP,86,0.96
3360,9,Finley,Brown,2017-08-23,Male,2024-03-16,1,Reduced,0,0,No IEP,42,0.62
3361,9,Jordan,Hall,2012-04-15,Other,2023-02-25,1,Reduced,0,0,No IEP,62,0.97
3362,9,Oliver,Smith,2020-07-07,Male,2024-02-02,1,Reduced,0,0,No IEP,91,0.79
3363,9,Morgan,Rodriguez,2012-01-16,Other,2023-02-26,1,Free,0,0,Current IEP,82,0.81
3364,9,Isaiah,Williams,2014-11-08,Male,2023-12-18,1,Reduced,0,0,No IEP,90,0.94
3365,9,Dakota,Martinez,2019-04-10,Male,2024-03-11,1,Free,1,0,No IEP,51,0.89
3366,9,Eden,Miller,2016-05-19,Female,2022-09-14,1,Free,0,0,Current IEP,99,0.88
3367,9,Dakota,White,2013-11-02,Male,2024-03-23,1,Free,0,0,No IEP,67,0.95
3368,9,Morgan,Smith,2013-10-01,Male,2022-07-25,1,Reduced,1,0,No IEP,62,0.81
3369,9,Casey,White,2016-02-16,Other,2022-11-21,1,Reduced,0,0,No IEP,50,0.96
3370,9,Jordan,Lee,2019-07-19,Female,2024-02-22,0,Reduced,0,0,No IEP,63,0.93
3371,9,Casey,Williams,2012-12-07,Other,2022-08-17,1,Free,0,0,No IEP,77,0.79
3372,9,Gabriel,Smith,2007-05-28,Other,2024-02-20,1,Reduced,1,1,No IEP,77,0.92
3373,9,Noah,Martinez,2019-05-28,Male,2023-01-24,1,Full Price,0,0,No IEP,71,0.98
3374,9,Parker,Martinez,2019-01-27,Other,2022-07-30,1,Reduced,1,0,No IEP,30,0.81
3375,9,Eden,Hall,2007-04-15,Male,2023-09-18,1,Full Price,0,0,No IEP,108,0.83
3376,9,Alex,Lee,2013-10-21,Other,2022-08-31,1,Free,0,0,No IEP,79,0.97
3377,9,Eden,Brown,2016-01-20,Male,2023-08-29,1,Reduced,1,0,No IEP,68,0.97
3378,9,Gabriel,Davis,2008-11-13,Female,2024-01-26,1,Reduced,0,0,No IEP,78,0.88
3379,9,Finley,Davis,2015-06-07,Female,2023-03-14,1,Reduced,0,0,No IEP,23,0.72
3380,9,Morgan,Walker,2015-08-16,Female,2024-01-10,1,Reduced,0,0,No IEP,85,0.89
3381,9,Noah,Miller,2013-03-20,Female,2024-01-20,1,Reduced,0,0,No IEP,40,0.74
3382,9,Logan,Smith,2018-01-07,Other,2022-10-02,1,Reduced,0,1,No IEP,83,0.97
3383,9,Gabriel,Rodriguez,2014-12-18,Female,2022-11-18,1,Reduced,0,0,No IEP,5,0.51
3384,9,Gabriel,Garcia,2010-06-16,Other,2024-03-21,1,Full Price,0,0,No IEP,107,0.75
3385,9,Finley,Lee,2016-10-19,Male,2023-10-01,1,Full Price,0,1,No IEP,75,0.95
3386,9,Jordan,Walker,2009-08-23,Female,2022-10-15,1,Free,0,0,No IEP,88,0.89
3387,9,Dakota,Johnson,2008-07-05,Other,2023-12-17,1,Full Price,1,0,No IEP,79,0.94
3388,9,Jordan,Williams,2013-05-17,Male,2023-10-08,1,Full Price,0,1,Current IEP,50,0.9
3389,9,Finley,Hall,2015-01-18,Female,2023-06-27,1,Free,0,0,No IEP,68,0.97
3390,9,Kendrick,Allen,2018-10-27,Male,2022-10-02,1,Free,1,1,No IEP,74,0.84
3391,9,Finley,White,2013-08-07,Female,2022-08-30,1,Reduced,0,0,No IEP,78,0.9
3392,9,Finley,Lee,2014-06-17,Female,2023-01-04,1,Free,0,0,Evaluation Pending,60,0.94
3393,9,Harper,Miller,2006-11-22,Female,2023-11-23,1,Free,0,0,Current IEP,40,0.59
3394,9,Morgan,Walker,2019-09-11,Male,2023-02-08,0,Reduced,0,0,No IEP,75,0.96
3395,9,Alex,Hall,2017-02-12,Male,2023-08-03,1,Full Price,1,0,No IEP,64,0.72
3396,9,Eden,Lee,2015-01-03,Female,2022-12-19,1,Free,1,0,No IEP,79,0.96
3397,9,Isaiah,White,2016-01-15,Other,2022-09-25,1,Free,0,0,No IEP,29,0.54
3398,9,Kendrick,Garcia,2012-03-27,Male,2023-07-01,1,Reduced,0,1,No IEP,33,0.82
3399,9,Jordan,White,2008-09-11,Male,2022-06-25,1,Reduced,0,0,Current IEP,54,0.89
3400,9,Kendrick,Martinez,2013-09-01,Female,2022-08-12,1,Reduced,0,0,No IEP,59,0.94
3401,9,Harper,Smith,2015-03-02,Female,2023-06-17,1,Free,1,0,No IEP,66,0.9
3402,9,Eden,Davis,2014-03-13,Female,2023-08-09,1,Free,0,1,No IEP,52,0.73
3403,9,Morgan,Garcia,2008-10-10,Male,2024-05-17,1,Reduced,0,0,No IEP,80,0.92
3404,9,Dakota,Hall,2013-10-04,Other,2024-05-08,1,Full Price,0,0,No IEP,63,0.92
3405,9,Eden,Jones,2007-05-02,Other,2022-07-16,1,Reduced,0,0,Current IEP,70,0.91
3406,9,Noah,Williams,2016-09-02,Male,2024-02-04,1,Full Price,1,0,Current IEP,97,0.83
3407,9,Alex,Young,2013-07-11,Female,2023-07-05,1,Full Price,0,1,No IEP,46,0.94
3408,9,Kendrick,Smith,2011-08-24,Female,2022-08-25,1,Free,1,0,Evaluation Pending,58,0.77
3409,9,Jordan,Jones,2013-11-02,Female,2023-10-19,1,Reduced,0,0,No IEP,80,0.91
3410,9,Isaiah,Johnson,2010-11-07,Male,2023-11-10,1,Full Price,0,0,No IEP,17,0.93
3411,9,Parker,Allen,2006-11-06,Male,2023-05-26,1,Reduced,0,0,Current IEP,72,0.71
3412,9,Isaiah,Garcia,2018-07-07,Other,2024-02-16,1,Free,0,0,No IEP,71,0.73
3413,9,Casey,Garcia,2007-09-21,Male,2023-06-19,1,Free,0,0,No IEP,86,0.9
3414,9,Kendrick,Young,2017-07-14,Male,2024-04-25,1,Reduced,0,0,No IEP,38,0.93
3415,9,Kendrick,Garcia,2017-05-18,Male,2023-09-03,1,Full Price,0,1,Current IEP,55,0.75
3416,9,Isaiah,Johnson,2018-08-04,Other,2024-02-17,1,Free,0,0,No IEP,109,0.92
3417,9,Casey,Garcia,2006-10-02,Male,2023-08-27,1,Free,0,0,No IEP,65,0.91
3418,9,Casey,Miller,2013-11-20,Male,2023-11-17,1,Free,1,0,Current IEP,72,0.9
3419,9,Finley,Garcia,2012-04-04,Other,2024-02-13,1,Free,1,0,No IEP,54,0.75
3420,9,Isaiah,Walker,2015-05-08,Female,2023-01-16,1,Full Price,0,0,No IEP,50,0.97
3421,9,Isaiah,Hall,2017-09-11,Male,2024-02-06,1,Reduced,0,0,No IEP,73,0.95
3422,9,Harper,Brown,2016-07-04,Male,2022-11-19,1,Free,0,0,No IEP,86,0.72
3423,9,Oliver,Smith,2010-03-02,Female,2024-05-04,1,Reduced,0,0,No IEP,57,0.8
3424,9,Morgan,White,2012-07-16,Other,2022-06-29,1,Free,0,0,No IEP,51,0.94
3425,9,Eden,Rodriguez,2010-06-02,Female,2022-11-10,1,Reduced,0,0,No IEP,58,0.66
3426,9,Harper,Brown,2014-06-12,Male,2023-03-18,1,Free,0,0,Evaluation Pending,74,0.9
3427,9,Jordan,Lee,2020-09-22,Female,2023-11-20,1,Reduced,0,0,No IEP,32,0.78
3428,9,Finley,Miller,2011-06-20,Male,2022-07-26,1,Reduced,0,0,No IEP,108,0.65
3429,9,Dakota,Williams,2011-11-09,Male,2024-03-01,1,Free,0,0,No IEP,86,0.97
3430,9,Gabriel,Davis,2012-12-06,Male,2024-01-29,0,Free,0,0,No IEP,54,0.96
3431,9,Gabriel,Davis,2012-11-27,Female,2022-11-05,1,Free,0,0,No IEP,72,0.8
3432,9,Dakota,Lee,2012-06-11,Female,2023-09-26,1,Full Price,0,0,No IEP,83,0.63
3433,9,Gabriel,Miller,2010-04-26,Female,2023-01-27,1,Reduced,0,0,No IEP,71,0.7
3434,9,Eden,Smith,2014-10-28,Male,2023-08-21,1,Reduced,0,0,Evaluation Pending,74,0.95
3435,9,Kendrick,Young,2019-12-11,Male,2022-06-24,1,Free,0,0,Current IEP,56,0.51
3436,9,Kendrick,Jones,2016-02-24,Male,2024-04-19,1,Free,0,0,Current IEP,71,0.93
3437,9,Noah,Johnson,2018-02-15,Female,2023-03-19,0,Free,0,0,No IEP,53,0.81
3438,9,Kendrick,Williams,2009-05-21,Male,2023-11-05,1,Reduced,0,0,No IEP,61,0.74
3439,9,Isaiah,Smith,2011-05-26,Female,2023-07-10,1,Free,0,0,No IEP,82,0.88
3440,9,Noah,Walker,2013-07-09,Female,2023-09-15,1,Reduced,0,0,Current IEP,54,0.88
3441,9,Oliver,Allen,2009-05-13,Female,2023-09-15,1,Reduced,0,0,No IEP,58,0.91
3442,9,Eden,Davis,2015-05-27,Male,2023-06-13,1,Reduced,0,0,No IEP,72,0.79
3443,9,Harper,Davis,2015-03-16,Female,2023-03-25,1,Full Price,0,0,No IEP,67,0.97
3444,9,Logan,Miller,2014-03-10,Female,2024-02-08,1,Reduced,0,0,No IEP,87,0.96
3445,9,Morgan,Johnson,2014-01-23,Female,2024-05-19,1,Reduced,0,0,No IEP,65,0.88
3446,9,Noah,Lee,2006-08-19,Female,2023-04-10,1,Reduced,1,0,No IEP,37,0.84
3447,9,Gabriel,Williams,2010-03-09,Other,2024-05-21,1,Free,0,0,No IEP,33,0.61
3448,9,Bailey,Allen,2010-12-28,Male,2023-09-18,1,Free,0,0,Current IEP,61,0.71
3449,9,Dakota,Allen,2006-08-04,Female,2024-04-07,1,Reduced,0,0,No IEP,52,0.92
3450,9,Logan,Jones,2017-11-04,Female,2022-11-08,1,Free,0,0,No IEP,27,0.56
3451,9,Logan,Williams,2018-04-15,Male,2023-01-03,1,Free,0,0,Current IEP,56,0.61
3452,9,Noah,White,2015-10-21,Male,2023-02-11,1,Full Price,0,0,No IEP,98,0.68
3453,9,Dakota,Brown,2017-05-14,Other,2022-09-23,1,Free,0,0,Current IEP,75,0.73
3454,9,Eden,Martinez,2017-10-07,Female,2023-10-05,1,Free,0,1,No IEP,53,0.73
3455,9,Isaiah,Smith,2018-04-20,Other,2022-11-02,1,Full Price,0,1,No IEP,91,0.74
3456,9,Dakota,Garcia,2014-01-13,Male,2024-05-04,1,Free,0,0,No IEP,60,0.96
3457,9,Kendrick,Hall,2007-09-27,Male,2022-07-10,1,Free,0,0,No IEP,96,0.98
3458,9,Morgan,Davis,2015-05-23,Female,2023-10-10,1,Free,0,0,No IEP,84,0.94
3459,9,Gabriel,Smith,2013-09-16,Other,2024-02-08,1,Free,1,0,No IEP,93,0.92
3460,9,Morgan,Young,2020-07-12,Male,2024-04-13,1,Reduced,0,0,No IEP,12,0.57
3461,9,Alex,Williams,2008-12-27,Female,2022-10-11,1,Free,0,0,No IEP,32,0.76
3462,9,Bailey,Hall,2006-07-19,Female,2022-10-04,1,Full Price,0,0,No IEP,48,0.75
3463,9,Bailey,Smith,2012-03-17,Other,2023-04-04,1,Full Price,0,0,Current IEP,84,0.97
3464,9,Gabriel,White,2010-10-22,Female,2023-07-26,1,Full Price,1,1,Evaluation Pending,50,0.96
3465,9,Morgan,Rodriguez,2012-05-05,Other,2022-11-28,1,Full Price,0,0,No IEP,109,0.77
3466,9,Kendrick,Allen,2014-04-28,Female,2022-09-11,1,Free,0,0,No IEP,88,0.93
3467,9,Bailey,Williams,2008-12-12,Female,2022-07-06,1,Free,0,0,No IEP,65,0.77
3468,9,Parker,Johnson,2013-08-17,Other,2022-06-30,1,Reduced,0,0,No IEP,78,0.96
3469,9,Finley,Jones,2018-03-08,Other,2023-12-23,1,Full Price,1,0,No IEP,72,0.89
3470,9,Isaiah,Jones,2012-04-10,Other,2022-08-25,1,Reduced,0,1,No IEP,108,0.98
3471,9,Gabriel,Rodriguez,2017-09-10,Female,2022-12-12,1,Free,0,0,No IEP,55,0.95
3472,9,Gabriel,Brown,2017-07-19,Female,2024-04-05,1,Reduced,0,0,No IEP,71,0.92
3473,9,Logan,Johnson,2014-03-04,Other,2024-02-02,1,Free,0,0,No IEP,105,0.77
3474,9,Alex,Davis,2010-01-07,Male,2024-01-26,1,Free,0,0,No IEP,67,0.98
3475,9,Jordan,Jones,2009-01-20,Male,2022-09-21,1,Full Price,0,0,No IEP,60,0.85
3476,9,Casey,Davis,2012-11-26,Male,2023-02-05,1,Free,0,0,No IEP,87,0.83
3477,9,Morgan,White,2010-12-10,Male,2023-10-08,1,Free,0,0,No IEP,47,0.55
3478,9,Isaiah,Miller,2011-10-14,Other,2022-10-05,1,Reduced,0,0,No IEP,92,0.98
3479,9,Bailey,Williams,2018-07-25,Female,2023-02-10,1,Full Price,0,0,No IEP,79,0.7
3480,9,Isaiah,Lee,2016-01-23,Male,2024-03-21,1,Full Price,0,0,Current IEP,83,0.9
3481,9,Finley,Martinez,2006-07-23,Other,2023-03-25,1,Reduced,0,0,No IEP,58,0.52
3482,9,Gabriel,Johnson,2015-01-11,Female,2023-03-08,1,Free,0,0,No IEP,48,0.61
3483,9,Morgan,Hall,2010-12-20,Male,2023-07-15,1,Reduced,0,0,No IEP,48,0.93
3484,9,Logan,Johnson,2008-02-23,Male,2024-01-30,1,Free,0,1,No IEP,59,0.78
3485,9,Morgan,Rodriguez,2010-01-09,Female,2024-02-15,1,Free,0,1,No IEP,96,0.95
3486,9,Casey,Jones,2019-03-13,Other,2023-03-18,1,Free,0,0,No IEP,84,0.93
3487,9,Noah,Jones,2014-12-12,Other,2023-01-28,1,Free,0,1,No IEP,80,0.94
3488,9,Eden,Davis,2019-03-11,Other,2022-12-08,1,Reduced,0,0,No IEP,84,0.97
3489,9,Dakota,Allen,2015-06-17,Male,2024-01-30,1,Full Price,0,0,No IEP,93,0.93
3490,9,Alex,Young,2017-07-19,Male,2024-03-21,1,Free,0,0,No IEP,49,0.76
3491,9,Isaiah,Johnson,2013-10-26,Female,2023-09-29,1,Reduced,0,0,No IEP,101,0.93
3492,9,Jordan,Davis,2020-04-24,Other,2023-12-03,1,Free,0,0,No IEP,73,0.54
3493,9,Parker,Hall,2020-09-20,Male,2023-11-26,1,Full Price,0,0,No IEP,68,0.96
3494,9,Parker,Smith,2018-12-21,Other,2024-03-31,1,Free,0,0,No IEP,81,0.9
3495,9,Harper,Garcia,2016-03-26,Female,2024-02-23,1,Free,0,1,No IEP,82,0.8
3496,9,Kendrick,Johnson,2007-11-24,Other,2022-07-07,1,Reduced,0,0,No IEP,30,0.8
3497,9,Noah,Jones,2007-12-24,Female,2022-10-10,1,Full Price,0,0,No IEP,62,0.91
3498,9,Parker,Allen,2011-12-04,Other,2024-04-10,1,Free,0,0,No IEP,31,0.7
3499,9,Oliver,Williams,2011-02-13,Male,2023-06-04,1,Free,0,0,No IEP,87,0.91
3500,9,Kendrick,Davis,2018-11-15,Other,2022-10-30,1,Free,1,1,No IEP,69,0.78
3501,9,Kendrick,Rodriguez,2011-11-21,Male,2022-12-09,1,Free,0,0,No IEP,82,0.77
3502,9,Eden,Smith,2007-07-25,Female,2023-11-17,1,Free,0,0,No IEP,96,0.92
3503,9,Eden,Davis,2011-08-24,Other,2024-05-12,1,Reduced,0,0,No IEP,36,0.92
3504,9,Jordan,White,2014-02-16,Other,2023-05-24,1,Free,0,0,No IEP,62,0.75
3505,9,Alex,Martinez,2010-05-07,Female,2023-08-14,1,Free,0,0,No IEP,69,0.95
3506,9,Logan,Davis,2006-01-02,Other,2023-03-25,1,Reduced,0,1,No IEP,77,0.97
3507,9,Bailey,Brown,2010-09-28,Male,2022-07-15,1,Reduced,0,0,No IEP,41,0.61
3508,9,Kendrick,Hall,2010-02-27,Other,2024-02-05,1,Reduced,0,0,No IEP,92,0.88
3509,9,Noah,Walker,2019-06-05,Male,2023-07-28,0,Free,0,0,No IEP,67,0.83
3510,9,Oliver,Jones,2006-04-20,Male,2023-11-28,1,Full Price,0,1,No IEP,101,0.96
3511,9,Oliver,Hall,2006-06-18,Female,2023-02-25,1,Reduced,0,0,Current IEP,21,0.85
3512,9,Parker,Miller,2018-08-01,Other,2023-02-10,1,Reduced,0,0,No IEP,60,0.94
3513,9,Kendrick,Smith,2010-02-18,Male,2023-11-01,1,Reduced,1,1,Current IEP,46,0.84
3514,9,Isaiah,Davis,2006-05-01,Male,2023-12-02,1,Reduced,1,0,No IEP,69,0.7
3515,9,Finley,Johnson,2019-03-09,Female,2024-03-18,1,Reduced,0,0,No IEP,97,0.97
3516,9,Eden,Brown,2015-05-11,Male,2022-08-17,1,Full Price,0,0,No IEP,87,0.89
3517,9,Finley,Davis,2020-06-14,Male,2024-04-17,1,Full Price,0,1,No IEP,29,0.82
3518,9,Isaiah,Rodriguez,2011-05-23,Female,2023-04-23,1,Free,0,0,No IEP,47,0.72
3519,9,Noah,Hall,2010-06-09,Male,2023-01-10,1,Full Price,1,0,No IEP,36,0.78
3520,9,Kendrick,Williams,2010-04-15,Male,2024-02-29,1,Reduced,0,0,No IEP,50,0.89
3521,9,Kendrick,Williams,2017-11-20,Male,2022-10-07,1,Reduced,1,0,No IEP,72,0.71
3522,9,Noah,Martinez,2019-07-26,Male,2022-10-01,1,Free,0,1,No IEP,80,0.73
3523,9,Morgan,Williams,2006-02-23,Female,2023-06-14,0,Reduced,0,0,Current IEP,15,0.68
3524,9,Logan,Johnson,2013-11-15,Female,2024-05-03,1,Free,0,0,No IEP,12,0.73
3525,9,Eden,Walker,2017-08-11,Male,2022-11-15,1,Free,0,0,No IEP,85,0.88
3526,9,Oliver,Hall,2010-07-01,Male,2023-11-24,1,Free,1,0,No IEP,67,0.94
3527,9,Harper,Miller,2006-05-21,Female,2022-08-29,1,Reduced,1,0,No IEP,65,0.97
3528,9,Gabriel,Hall,2008-11-15,Other,2024-02-19,1,Reduced,0,0,No IEP,69,0.71
3529,9,Finley,White,2015-02-07,Male,2023-12-28,1,Free,0,0,No IEP,100,0.9
3530,9,Finley,Brown,2010-05-12,Female,2023-10-20,1,Reduced,0,0,Current IEP,52,0.95
3531,9,Jordan,Miller,2020-12-20,Male,2023-09-13,1,Full Price,0,0,No IEP,41,0.94
3532,9,Casey,Hall,2006-11-15,Male,2023-06-21,1,Full Price,0,0,No IEP,80,0.79
3533,9,Jordan,Williams,2017-06-10,Other,2024-04-10,0,Reduced,0,0,No IEP,68,0.91
3534,9,Alex,Hall,2012-04-10,Male,2023-11-06,1,Full Price,1,0,Current IEP,88,0.72
3535,9,Oliver,Young,2015-07-10,Male,2023-12-08,1,Reduced,0,1,Current IEP,62,0.82
3536,9,Kendrick,Smith,2017-02-06,Male,2024-04-24,1,Free,1,1,No IEP,74,0.91
3537,9,Casey,Walker,2008-02-04,Male,2023-08-26,1,Full Price,1,0,No IEP,74,0.98
3538,9,Dakota,Rodriguez,2020-11-12,Male,2024-04-04,1,Full Price,0,0,No IEP,65,0.81
3539,9,Eden,Rodriguez,2015-10-20,Female,2023-12-17,1,Reduced,0,0,No IEP,87,0.91
3540,9,Logan,Jones,2007-10-12,Male,2023-05-03,1,Reduced,0,0,No IEP,17,0.74
3541,9,Casey,Hall,2019-04-27,Male,2023-03-08,1,Full Price,0,0,No IEP,65,0.91
3542,9,Noah,Walker,2014-03-01,Female,2022-07-23,1,Reduced,0,0,No IEP,101,0.72
3543,9,Noah,Johnson,2017-03-25,Other,2023-11-08,1,Free,0,0,Current IEP,41,0.82
3544,9,Bailey,Garcia,2012-09-19,Other,2022-11-21,1,Reduced,0,1,No IEP,38,0.83
3545,9,Alex,Hall,2020-06-05,Male,2023-09-12,1,Free,0,0,No IEP,20,0.77
3546,9,Oliver,Jones,2018-08-08,Male,2023-04-04,1,Free,0,0,No IEP,97,0.84
3547,9,Eden,Young,2020-03-14,Male,2023-01-23,1,Reduced,0,0,No IEP,54,0.7
3548,9,Morgan,Johnson,2015-05-06,Other,2023-03-05,1,Reduced,0,0,No IEP,68,0.97
3549,9,Morgan,Hall,2012-08-27,Male,2023-03-01,1,Full Price,1,0,No IEP,74,0.94
3550,9,Logan,Davis,2011-03-04,Other,2023-06-19,1,Full Price,1,0,No IEP,81,0.97
3551,9,Bailey,Allen,2016-08-04,Other,2023-09-13,1,Free,0,1,No IEP,28,0.58
3552,9,Eden,Rodriguez,2012-11-02,Other,2022-08-25,1,Free,0,0,No IEP,65,0.76
3553,9,Logan,Johnson,2018-01-24,Female,2022-10-25,0,Free,0,0,No IEP,57,0.95
3554,9,Gabriel,Rodriguez,2014-01-21,Female,2023-07-15,1,Reduced,0,0,No IEP,56,0.91
3555,9,Eden,Hall,2009-11-02,Female,2023-01-24,1,Full Price,0,0,No IEP,18,0.73
3556,9,Finley,Smith,2013-06-02,Other,2022-08-29,1,Free,1,1,No IEP,66,0.97
3557,9,Alex,Johnson,2008-10-02,Female,2023-03-23,1,Free,0,0,No IEP,96,0.98
3558,9,Logan,Jones,2017-03-01,Male,2023-08-11,1,Free,0,0,No IEP,54,0.94
3559,9,Gabriel,White,2013-01-04,Female,2023-03-28,1,Full Price,0,1,No IEP,93,0.9
3560,9,Isaiah,White,2020-11-03,Female,2023-03-18,1,Reduced,0,0,No IEP,44,0.65
3561,9,Dakota,Walker,2013-06-22,Male,2022-07-02,1,Reduced,0,0,No IEP,58,0.63
3562,9,Noah,Williams,2016-04-04,Other,2024-05-08,1,Reduced,0,1,No IEP,97,0.63
3563,9,Eden,Walker,2007-04-15,Male,2023-03-14,1,Free,0,0,No IEP,39,0.64
3564,9,Eden,Brown,2015-11-11,Female,2022-10-02,1,Reduced,0,0,No IEP,94,0.5
3565,9,Kendrick,Davis,2006-05-27,Other,2022-12-25,1,Full Price,0,0,No IEP,57,0.53
3566,9,Gabriel,Garcia,2017-03-08,Other,2023-03-24,1,Free,1,1,No IEP,53,0.91
3567,9,Oliver,Walker,2017-10-17,Female,2022-10-23,1,Full Price,0,0,No IEP,57,0.56
3568,9,Morgan,Miller,2019-05-12,Other,2023-05-26,1,Free,0,0,No IEP,33,0.92
3569,9,Noah,Smith,2011-06-02,Other,2022-12-27,1,Free,1,0,No IEP,59,0.72
3570,9,Eden,White,2007-06-04,Female,2022-12-02,1,Reduced,0,0,No IEP,81,0.7
3571,9,Jordan,Walker,2019-11-12,Other,2022-11-08,1,Full Price,1,0,No IEP,68,0.68
3572,9,Eden,Davis,2013-07-01,Female,2023-12-05,1,Reduced,0,0,No IEP,87,0.94
3573,9,Isaiah,Smith,2018-08-06,Female,2023-09-10,1,Free,0,0,No IEP,79,0.9
3574,9,Bailey,Lee,2019-01-06,Female,2024-01-15,1,Reduced,1,1,No IEP,67,0.85
3575,9,Finley,Lee,2017-12-22,Other,2023-08-07,1,Free,1,0,No IEP,53,0.77
3576,9,Gabriel,Allen,2010-11-03,Male,2024-02-26,1,Reduced,0,0,No IEP,68,0.83
3577,9,Alex,Young,2016-09-14,Female,2022-12-25,0,Reduced,0,0,No IEP,74,0.64
3578,9,Harper,Williams,2008-03-18,Other,2024-05-21,1,Free,1,0,No IEP,90,0.89
3579,9,Isaiah,Hall,2019-07-23,Female,2024-05-22,1,Reduced,0,0,No IEP,52,0.89
3580,9,Casey,Williams,2007-06-10,Other,2022-10-20,1,Reduced,0,0,No IEP,54,0.91
3581,9,Harper,Jones,2006-07-01,Male,2023-07-26,1,Reduced,0,0,No IEP,65,0.96
3582,9,Logan,Garcia,2014-01-04,Other,2024-04-30,1,Reduced,0,1,No IEP,87,0.95
3583,9,Logan,Davis,2015-06-23,Other,2023-02-22,1,Reduced,0,0,No IEP,83,0.53
3584,9,Logan,Walker,2019-02-22,Female,2023-02-04,1,Full Price,0,0,No IEP,71,0.72
3585,9,Eden,White,2012-12-09,Female,2023-03-03,0,Free,1,0,Current IEP,58,0.84
3586,9,Gabriel,Davis,2019-09-04,Male,2023-03-26,1,Free,0,0,No IEP,51,0.66
3587,9,Dakota,Young,2012-11-07,Other,2023-08-16,0,Free,0,0,No IEP,76,0.91
3588,9,Parker,Davis,2009-06-23,Female,2022-12-25,1,Reduced,0,0,No IEP,85,0.94
3589,9,Logan,Martinez,2008-08-20,Female,2024-01-29,1,Full Price,0,0,No IEP,64,0.96
3590,9,Parker,Lee,2020-01-04,Female,2023-11-07,1,Free,0,0,No IEP,65,0.85
3591,9,Eden,White,2006-03-07,Other,2022-06-26,1,Full Price,0,0,No IEP,54,0.75
3592,9,Gabriel,Lee,2013-09-17,Male,2023-01-17,1,Reduced,0,0,No IEP,70,0.9
3593,9,Gabriel,Brown,2017-03-09,Other,2022-06-24,1,Reduced,0,0,No IEP,66,0.61
3594,9,Eden,White,2019-04-15,Other,2023-12-14,1,Free,0,0,No IEP,62,0.57
3595,10,Parker,Smith,2017-09-23,Female,2023-08-25,1,Full Price,0,0,No IEP,41,0.75
3596,10,Finley,Lee,2009-08-01,Male,2023-10-17,1,Reduced,0,1,No IEP,70,0.94
3597,10,Morgan,Johnson,2013-04-13,Male,2024-03-08,1,Reduced,0,0,No IEP,87,0.95
3598,10,Gabriel,Smith,2008-01-23,Male,2023-12-13,0,Free,0,1,No IEP,88,0.98
3599,10,Gabriel,Brown,2012-09-27,Other,2022-11-10,1,Reduced,0,0,No IEP,77,0.78
3600,10,Finley,Jones,2011-09-16,Other,2023-01-07,1,Free,1,1,No IEP,52,0.5
3601,10,Logan,White,2014-11-02,Male,2024-01-14,1,Reduced,0,0,No IEP,24,0.72
3602,10,Bailey,Miller,2015-03-21,Other,2023-03-26,1,Full Price,0,0,Current IEP,56,0.83
3603,10,Casey,Young,2018-06-22,Female,2023-04-04,1,Full Price,0,0,No IEP,62,0.79
3604,10,Oliver,Martinez,2017-09-17,Male,2024-05-14,1,Full Price,0,0,No IEP,84,0.95
3605,10,Isaiah,Jones,2012-08-06,Male,2023-02-01,0,Reduced,0,0,No IEP,47,0.64
3606,10,Noah,Allen,2016-08-08,Female,2024-02-07,1,Free,0,0,No IEP,51,0.91
3607,10,Bailey,Williams,2008-07-23,Female,2023-09-13,1,Free,1,0,No IEP,58,0.73
3608,10,Jordan,Allen,2018-06-26,Other,2023-12-13,0,Free,1,0,No IEP,54,0.95
3609,10,Logan,Lee,2006-07-20,Other,2024-02-10,1,Free,0,0,No IEP,52,0.98
3610,10,Parker,Hall,2020-04-21,Female,2023-09-29,1,Free,0,0,No IEP,92,0.73
3611,10,Morgan,Brown,2012-10-17,Female,2023-10-12,1,Reduced,0,0,No IEP,106,0.9
3612,10,Morgan,White,2018-11-06,Female,2022-07-03,1,Reduced,0,1,No IEP,26,0.7
3613,10,Morgan,Rodriguez,2013-09-14,Female,2022-12-17,1,Free,0,0,Current IEP,92,0.89
3614,10,Alex,Johnson,2015-03-12,Male,2023-10-01,1,Reduced,0,1,Current IEP,81,0.56
3615,10,Casey,Davis,2006-10-05,Male,2023-12-05,1,Reduced,0,0,Current IEP,83,0.91
3616,10,Eden,Miller,2019-04-22,Male,2022-09-06,1,Free,0,0,No IEP,97,0.97
3617,10,Alex,Hall,2008-05-26,Other,2024-01-23,1,Reduced,0,0,No IEP,40,0.96
3618,10,Isaiah,Lee,2006-01-22,Other,2022-08-12,1,Full Price,0,0,No IEP,92,0.97
3619,10,Parker,Rodriguez,2017-06-08,Female,2022-08-27,1,Free,0,0,No IEP,48,0.95
3620,10,Eden,Martinez,2006-09-08,Other,2022-11-22,1,Free,0,1,No IEP,54,0.94
3621,10,Casey,Allen,2011-03-27,Female,2023-07-18,1,Free,0,0,No IEP,53,0.94
3622,10,Isaiah,Jones,2015-11-02,Female,2022-07-09,1,Reduced,0,0,No IEP,63,0.63
3623,10,Kendrick,Rodriguez,2006-12-02,Male,2022-08-03,1,Full Price,0,1,No IEP,66,0.74
3624,10,Kendrick,White,2017-01-23,Male,2023-03-07,1,Reduced,0,0,No IEP,88,0.66
3625,10,Finley,Brown,2008-01-07,Other,2024-03-25,1,Reduced,0,0,Current IEP,20,0.7
3626,10,Eden,Walker,2007-11-12,Female,2023-02-03,1,Reduced,1,0,No IEP,62,0.91
3627,10,Parker,Williams,2011-12-12,Other,2022-07-16,1,Free,0,0,No IEP,52,0.65
3628,10,Alex,Smith,2010-02-24,Female,2023-12-22,1,Full Price,0,0,No IEP,106,0.91
3629,10,Gabriel,Walker,2006-01-17,Other,2022-09-15,1,Free,0,0,No IEP,60,0.77
3630,10,Dakota,Walker,2013-02-22,Female,2023-08-08,1,Full Price,0,0,No IEP,31,0.65
3631,10,Jordan,Brown,2009-09-25,Male,2023-02-04,1,Reduced,0,1,No IEP,79,0.95
3632,10,Kendrick,Davis,2019-03-19,Female,2023-04-17,1,Free,0,1,No IEP,43,0.63
3633,10,Eden,Allen,2010-09-27,Female,2022-08-16,1,Free,0,0,No IEP,62,0.9
3634,10,Noah,White,2013-05-07,Male,2023-03-23,1,Reduced,0,0,No IEP,107,0.62
3635,10,Logan,Lee,2014-09-01,Male,2023-06-08,1,Full Price,0,0,No IEP,82,0.96
3636,10,Harper,Williams,2007-10-27,Male,2023-11-07,1,Reduced,1,0,Current IEP,35,0.51
3637,10,Alex,Brown,2018-10-22,Other,2023-09-15,1,Reduced,0,0,No IEP,35,0.76
3638,10,Kendrick,Johnson,2007-09-12,Female,2024-05-06,1,Free,0,0,Current IEP,65,0.57
3639,10,Oliver,Brown,2019-04-25,Male,2023-11-07,1,Full Price,0,0,Evaluation Pending,11,0.77
3640,10,Parker,Williams,2017-06-19,Female,2023-02-13,1,Reduced,0,0,No IEP,30,0.96
3641,10,Kendrick,Johnson,2015-10-01,Male,2022-08-13,1,Reduced,0,0,No IEP,95,0.95
3642,10,Logan,Garcia,2020-01-17,Male,2023-04-20,1,Free,0,0,No IEP,53,0.76
3643,10,Noah,Martinez,2017-05-09,Male,2022-12-17,1,Full Price,1,0,No IEP,78,0.97
3644,10,Eden,Smith,2018-01-25,Other,2024-04-02,1,Reduced,1,0,No IEP,62,0.77
3645,10,Parker,Smith,2010-02-06,Other,2024-01-06,1,Free,0,0,No IEP,54,0.78
3646,10,Bailey,Lee,2017-06-10,Male,2023-12-31,1,Free,0,0,No IEP,57,0.97
3647,10,Alex,Smith,2014-12-21,Other,2023-03-25,0,Reduced,0,0,No IEP,74,0.73
3648,10,Alex,Martinez,2020-08-03,Female,2023-02-19,1,Free,0,0,No IEP,61,0.9
3649,10,Eden,Martinez,2009-03-11,Female,2022-09-15,1,Full Price,0,0,No IEP,104,0.74
3650,10,Alex,Walker,2008-06-12,Other,2022-08-13,0,Reduced,0,0,No IEP,68,0.92
3651,10,Finley,Johnson,2019-10-28,Female,2023-08-26,1,Reduced,0,0,No IEP,59,0.89
3652,10,Bailey,Allen,2014-03-20,Female,2022-12-13,1,Free,0,1,No IEP,70,0.71
3653,10,Alex,Williams,2012-04-14,Male,2023-06-14,1,Free,0,0,No IEP,91,0.78
3654,10,Alex,Rodriguez,2019-06-15,Female,2024-01-13,1,Free,0,0,No IEP,32,0.81
3655,10,Logan,Johnson,2019-06-08,Male,2023-07-25,1,Full Price,0,1,Current IEP,80,0.9
3656,10,Bailey,Young,2013-05-02,Female,2023-07-22,1,Free,0,0,Evaluation Pending,86,0.97
3657,10,Kendrick,Williams,2018-05-23,Female,2024-04-29,1,Full Price,0,0,No IEP,80,0.79
3658,10,Logan,Brown,2015-05-21,Male,2024-03-17,1,Reduced,0,0,No IEP,79,0.94
3659,10,Morgan,Allen,2013-09-01,Female,2022-06-25,1,Reduced,0,0,No IEP,97,0.77
3660,10,Casey,Davis,2017-10-06,Male,2024-03-26,1,Reduced,0,0,No IEP,33,0.8
3661,10,Isaiah,Williams,2012-04-22,Male,2022-09-29,1,Full Price,0,0,No IEP,64,0.59
3662,10,Harper,Williams,2010-12-14,Other,2022-08-17,1,Free,0,0,No IEP,20,0.74
3663,10,Parker,Miller,2020-04-06,Female,2022-08-25,1,Free,0,0,No IEP,53,0.97
3664,10,Eden,Miller,2015-12-01,Other,2023-08-26,1,Reduced,1,0,Current IEP,69,0.91
3665,10,Bailey,White,2013-03-16,Other,2023-03-11,1,Reduced,0,0,No IEP,34,0.89
3666,10,Harper,Hall,2010-08-09,Male,2022-08-19,1,Reduced,0,0,No IEP,21,0.62
3667,10,Morgan,Johnson,2008-08-20,Other,2023-11-23,1,Free,0,0,No IEP,77,0.91
3668,10,Oliver,Young,2014-05-04,Female,2022-09-08,1,Full Price,0,0,No IEP,39,0.71
3669,10,Isaiah,Jones,2010-01-15,Female,2022-06-28,1,Free,0,0,No IEP,51,0.71
3670,10,Bailey,Hall,2012-08-01,Other,2023-07-08,1,Free,0,0,Current IEP,47,0.62
3671,10,Casey,Young,2006-03-07,Female,2023-03-12,1,Reduced,0,0,No IEP,77,0.82
3672,10,Parker,Young,2009-01-09,Male,2023-03-08,1,Free,0,0,No IEP,79,0.93
3673,10,Oliver,Lee,2009-05-23,Other,2022-11-29,1,Free,1,0,No IEP,68,0.73
3674,10,Dakota,Jones,2007-09-04,Female,2023-04-01,1,Free,0,0,Current IEP,60,0.78
3675,10,Bailey,Johnson,2007-08-02,Female,2024-02-22,1,Free,0,0,No IEP,54,0.95
3676,10,Isaiah,Jones,2007-12-16,Other,2022-11-06,1,Free,0,0,No IEP,68,0.97
3677,10,Oliver,Walker,2019-09-18,Other,2023-03-25,1,Free,0,0,No IEP,76,0.8
3678,10,Oliver,Williams,2009-01-14,Other,2023-02-25,1,Full Price,0,0,No IEP,60,0.96
3679,10,Oliver,Walker,2013-11-04,Male,2023-09-14,0,Free,0,0,No IEP,62,0.89
3680,10,Kendrick,Young,2007-08-25,Male,2023-05-06,1,Full Price,0,0,No IEP,44,0.71
3681,10,Eden,Jones,2020-09-27,Male,2023-04-24,1,Reduced,0,0,No IEP,32,0.54
3682,10,Kendrick,Lee,2019-03-11,Female,2023-10-21,1,Reduced,0,0,No IEP,63,0.76
3683,10,Eden,Johnson,2006-06-10,Male,2023-04-19,1,Full Price,0,0,No IEP,73,0.96
3684,10,Bailey,Johnson,2015-07-17,Female,2024-02-16,1,Reduced,0,0,No IEP,41,0.74
3685,10,Parker,Jones,2016-04-17,Female,2024-03-30,1,Reduced,0,0,Current IEP,91,0.97
3686,10,Oliver,Williams,2020-04-16,Other,2023-10-05,1,Full Price,1,0,No IEP,86,0.93
3687,10,Finley,Hall,2013-02-04,Male,2024-05-01,1,Full Price,0,0,No IEP,75,0.89
3688,10,Noah,Brown,2016-10-10,Other,2024-02-03,1,Reduced,0,0,No IEP,74,0.74
3689,10,Eden,Martinez,2017-02-04,Male,2023-05-19,1,Reduced,1,0,No IEP,45,0.78
3690,10,Jordan,Davis,2015-06-09,Female,2022-10-25,1,Reduced,0,0,No IEP,49,0.63
3691,10,Morgan,Young,2017-09-06,Other,2023-05-07,1,Free,0,0,No IEP,85,0.88
3692,10,Harper,Smith,2006-02-26,Other,2023-08-23,1,Reduced,0,0,No IEP,22,0.94
3693,10,Dakota,Walker,2009-11-08,Other,2023-09-15,1,Full Price,0,0,No IEP,78,0.91
3694,10,Isaiah,Martinez,2006-12-25,Other,2023-09-07,1,Full Price,0,0,No IEP,46,0.91
3695,10,Casey,Lee,2007-02-21,Other,2024-05-10,1,Free,1,0,No IEP,60,0.8
3696,10,Isaiah,White,2012-10-02,Other,2023-08-31,1,Reduced,0,0,No IEP,86,0.94
3697,10,Alex,Allen,2014-11-22,Other,2024-03-22,1,Full Price,0,0,No IEP,54,0.9
3698,10,Dakota,Young,2006-10-27,Other,2022-06-26,1,Free,0,0,No IEP,95,0.81
3699,10,Eden,Williams,2009-08-01,Other,2022-09-26,1,Free,0,0,No IEP,55,0.8
3700,10,Kendrick,Miller,2007-07-03,Male,2023-10-26,1,Free,0,0,No IEP,50,0.94
3701,10,Kendrick,White,2006-09-25,Male,2023-11-17,1,Free,1,0,No IEP,58,0.83
3702,10,Morgan,White,2019-09-15,Other,2022-07-17,1,Free,0,0,Current IEP,76,0.71
3703,10,Eden,Rodriguez,2020-03-14,Other,2024-03-03,1,Reduced,0,0,No IEP,66,0.71
3704,10,Morgan,Smith,2020-05-04,Male,2023-02-23,1,Full Price,0,0,No IEP,66,0.79
3705,10,Parker,White,2020-01-03,Other,2022-10-23,1,Full Price,0,0,No IEP,107,0.94
3706,10,Dakota,Miller,2006-01-05,Male,2022-12-25,1,Full Price,0,0,No IEP,44,0.58
3707,10,Dakota,Hall,2011-11-23,Female,2023-02-18,1,Full Price,0,0,No IEP,33,0.55
3708,10,Parker,Williams,2007-03-09,Male,2023-06-30,1,Reduced,0,0,No IEP,74,0.58
3709,10,Harper,Jones,2014-07-21,Other,2023-06-25,1,Free,1,0,No IEP,57,0.95
3710,10,Harper,Davis,2017-03-18,Female,2024-03-25,1,Reduced,0,0,No IEP,29,0.72
3711,10,Finley,Garcia,2007-07-05,Other,2024-03-08,1,Free,0,0,No IEP,61,0.85
3712,10,Eden,Hall,2017-11-15,Other,2022-09-02,1,Reduced,0,0,No IEP,96,0.75
3713,10,Casey,Young,2014-09-01,Female,2023-04-10,1,Reduced,0,0,No IEP,70,0.83
3714,10,Finley,Smith,2017-02-14,Male,2024-05-16,1,Free,1,0,No IEP,106,0.93
3715,10,Kendrick,Miller,2008-06-27,Female,2022-06-24,1,Free,1,0,No IEP,89,0.92
3716,10,Bailey,Martinez,2010-11-08,Male,2023-11-24,1,Free,0,1,No IEP,67,0.58
3717,10,Kendrick,Williams,2011-11-17,Female,2022-09-08,1,Full Price,0,0,No IEP,27,0.81
3718,10,Gabriel,Davis,2013-04-07,Male,2024-02-27,1,Free,0,0,No IEP,41,0.62
3719,10,Noah,Brown,2018-11-16,Female,2023-04-14,1,Free,1,0,No IEP,25,0.81
3720,10,Casey,Allen,2011-09-08,Female,2023-06-09,1,Free,0,0,No IEP,77,0.94
3721,10,Alex,Williams,2006-06-16,Other,2023-04-25,1,Full Price,1,0,No IEP,15,0.84
3722,10,Gabriel,Williams,2020-03-07,Female,2022-07-12,1,Reduced,0,0,No IEP,62,0.84
3723,10,Parker,Young,2007-03-15,Male,2022-12-05,1,Full Price,0,0,Current IEP,54,0.64
3724,10,Harper,Johnson,2019-08-09,Male,2024-02-24,1,Free,0,0,No IEP,38,0.98
3725,10,Oliver,Davis,2006-12-07,Female,2023-09-29,1,Free,0,0,No IEP,91,0.91
3726,10,Alex,Walker,2017-11-16,Male,2022-11-01,1,Full Price,0,1,No IEP,97,0.94
3727,10,Logan,Walker,2006-11-27,Male,2023-05-12,1,Reduced,0,0,Current IEP,63,0.93
3728,10,Alex,Garcia,2009-11-16,Male,2023-08-06,1,Full Price,0,0,No IEP,103,0.89
3729,10,Eden,Williams,2006-08-05,Female,2024-05-12,1,Full Price,0,0,No IEP,53,0.91
3730,10,Eden,Lee,2006-11-12,Other,2023-08-27,1,Full Price,0,0,No IEP,98,0.74
3731,10,Isaiah,Brown,2013-04-01,Male,2023-06-02,1,Full Price,0,0,No IEP,75,0.94
3732,10,Isaiah,Hall,2008-11-10,Other,2023-10-12,1,Full Price,0,0,No IEP,59,0.76
3733,10,Harper,Johnson,2011-10-14,Male,2023-04-09,1,Free,0,0,No IEP,70,0.88
3734,10,Kendrick,Davis,2011-08-02,Female,2023-01-18,1,Full Price,0,0,No IEP,84,0.56
3735,10,Oliver,Hall,2013-09-03,Male,2023-07-15,1,Free,1,0,No IEP,51,0.88
3736,10,Jordan,Allen,2007-10-02,Other,2023-07-12,1,Full Price,0,0,No IEP,78,0.94
3737,10,Oliver,Rodriguez,2008-08-11,Male,2023-12-12,1,Full Price,0,1,No IEP,50,0.79
3738,10,Eden,Johnson,2019-05-07,Male,2022-08-11,1,Free,1,0,No IEP,59,0.93
3739,10,Logan,Lee,2019-08-14,Male,2023-01-04,1,Reduced,0,0,No IEP,69,0.81
3740,10,Dakota,Martinez,2018-01-12,Female,2022-10-13,1,Full Price,0,0,No IEP,63,0.85
3741,10,Eden,Smith,2020-06-09,Male,2024-03-02,1,Free,0,0,No IEP,78,0.9
3742,10,Jordan,Walker,2013-01-15,Male,2023-10-04,1,Full Price,0,0,No IEP,88,0.92
3743,10,Noah,Jones,2017-01-17,Other,2023-07-05,0,Free,0,0,No IEP,84,0.95
3744,10,Finley,Smith,2008-02-04,Other,2023-05-20,1,Free,0,1,No IEP,68,0.64
3745,10,Alex,Martinez,2018-01-06,Female,2024-01-06,1,Full Price,0,0,No IEP,62,0.84
3746,10,Logan,Brown,2006-11-24,Other,2024-04-04,1,Full Price,0,0,No IEP,64,0.67
3747,10,Casey,Williams,2012-07-21,Other,2023-08-08,1,Reduced,0,0,No IEP,77,0.94
3748,10,Oliver,Hall,2016-09-23,Male,2023-10-16,1,Reduced,0,0,No IEP,46,0.81
3749,10,Logan,Martinez,2012-02-14,Other,2023-11-20,1,Free,0,0,No IEP,96,0.92
3750,10,Finley,White,2018-05-03,Male,2023-07-14,1,Free,1,0,No IEP,63,0.7
3751,10,Harper,Hall,2015-11-15,Female,2022-08-17,1,Free,0,0,Current IEP,47,0.5
3752,10,Finley,White,2011-12-20,Female,2022-06-24,1,Free,0,0,No IEP,109,0.67
3753,10,Gabriel,Smith,2007-04-02,Female,2024-02-25,1,Reduced,0,0,No IEP,67,0.78
3754,10,Alex,Young,2017-08-22,Male,2024-03-01,1,Free,1,1,No IEP,52,0.79
3755,10,Gabriel,Martinez,2011-02-22,Other,2022-10-05,1,Reduced,0,0,No IEP,46,0.67
3756,10,Morgan,Walker,2008-11-12,Female,2022-09-12,1,Reduced,0,0,No IEP,41,0.76
3757,10,Isaiah,Smith,2014-11-06,Other,2022-11-04,1,Free,0,0,No IEP,55,0.9
3758,10,Parker,Smith,2011-06-09,Male,2023-02-06,1,Free,1,0,Current IEP,104,0.89
3759,10,Parker,Jones,2013-09-25,Female,2023-02-05,1,Free,0,1,No IEP,92,0.96
3760,10,Morgan,White,2009-02-18,Male,2024-03-05,1,Full Price,0,0,No IEP,83,0.91
3761,10,Casey,Johnson,2011-06-23,Male,2023-06-15,1,Full Price,1,0,No IEP,72,0.97
3762,10,Kendrick,Johnson,2013-01-02,Male,2024-01-17,1,Full Price,0,1,Evaluation Pending,41,0.94
3763,10,Morgan,Smith,2008-08-05,Other,2024-04-22,1,Full Price,0,0,No IEP,50,0.7
3764,10,Bailey,Martinez,2018-05-28,Female,2023-03-12,0,Reduced,0,1,No IEP,79,0.94
3765,10,Bailey,Rodriguez,2010-10-25,Other,2022-10-02,1,Full Price,0,0,No IEP,45,0.64
3766,10,Casey,Johnson,2020-08-11,Male,2023-08-14,1,Free,0,0,No IEP,41,0.89
3767,10,Jordan,Garcia,2008-05-19,Male,2023-09-15,1,Reduced,0,0,No IEP,63,0.6
3768,10,Alex,Williams,2010-07-04,Male,2023-04-05,1,Full Price,1,0,No IEP,58,0.95
3769,10,Dakota,White,2014-02-03,Female,2024-03-04,1,Reduced,0,0,No IEP,25,0.5
3770,10,Morgan,Young,2011-11-20,Other,2023-01-12,1,Free,0,0,Current IEP,25,0.71
3771,10,Jordan,Jones,2006-10-15,Other,2023-08-11,1,Reduced,0,0,No IEP,102,0.9
3772,10,Jordan,Smith,2017-12-11,Female,2023-10-23,1,Full Price,0,0,No IEP,103,0.92
3773,10,Casey,Young,2020-05-13,Female,2023-12-21,1,Reduced,0,0,No IEP,76,0.96
3774,10,Gabriel,Young,2016-02-11,Male,2022-10-02,1,Free,0,0,No IEP,82,0.6
3775,10,Logan,Allen,2010-08-08,Female,2022-12-24,1,Free,0,1,No IEP,36,0.73
3776,10,Dakota,Lee,2010-08-24,Other,2024-03-02,1,Full Price,0,0,No IEP,106,0.91
3777,10,Eden,Davis,2010-11-11,Male,2023-12-21,1,Reduced,1,0,No IEP,72,0.89
3778,10,Morgan,Johnson,2017-10-19,Other,2022-11-01,1,Full Price,0,0,No IEP,68,0.94
3779,10,Alex,Rodriguez,2015-06-03,Female,2022-12-23,1,Free,1,1,No IEP,103,0.9
3780,10,Alex,Young,2019-07-18,Male,2022-12-27,1,Free,0,0,No IEP,79,0.75
3781,10,Kendrick,Hall,2019-12-13,Female,2023-06-26,1,Reduced,0,0,Current IEP,74,0.96
3782,10,Logan,Garcia,2015-03-23,Female,2022-10-03,1,Full Price,0,0,No IEP,69,0.95
3783,10,Oliver,Smith,2009-07-14,Other,2024-05-02,1,Free,0,1,No IEP,50,0.95
3784,10,Parker,Miller,2019-09-07,Male,2023-12-11,1,Reduced,0,0,No IEP,81,0.74
3785,10,Eden,White,2019-06-05,Female,2022-12-12,1,Full Price,0,0,Current IEP,46,0.55
3786,10,Jordan,Jones,2008-02-15,Male,2023-04-05,1,Reduced,0,1,No IEP,57,0.64
3787,10,Jordan,Lee,2017-10-02,Female,2022-09-13,1,Full Price,0,0,Current IEP,95,0.97
3788,10,Casey,Smith,2019-09-20,Other,2022-08-01,1,Reduced,0,0,No IEP,59,0.94
3789,10,Logan,Williams,2011-11-17,Male,2022-08-31,1,Reduced,0,0,No IEP,87,0.93
3790,10,Parker,Allen,2017-08-10,Male,2024-02-03,1,Free,0,0,No IEP,82,0.79
3791,10,Eden,Lee,2018-06-13,Other,2024-04-24,1,Free,0,0,No IEP,93,0.79
3792,10,Bailey,Hall,2010-05-16,Male,2024-04-04,1,Reduced,0,0,No IEP,82,0.95
3793,10,Gabriel,Jones,2012-12-01,Female,2022-07-14,0,Full Price,0,0,No IEP,13,0.66
3794,10,Finley,Garcia,2016-04-07,Female,2023-10-15,0,Full Price,0,0,No IEP,69,0.88
3795,10,Morgan,Williams,2013-12-26,Female,2024-01-08,1,Full Price,0,0,No IEP,76,0.95
3796,10,Finley,Walker,2017-05-16,Male,2024-01-30,1,Free,1,0,No IEP,72,0.94
3797,10,Noah,Allen,2017-12-10,Female,2023-08-06,1,Free,0,0,No IEP,89,0.97
3798,10,Parker,Brown,2015-04-01,Other,2022-10-18,1,Full Price,0,0,No IEP,63,0.83
3799,10,Casey,Young,2008-02-28,Male,2023-01-05,1,Free,1,0,Current IEP,74,0.88
3800,10,Dakota,Lee,2013-10-10,Male,2023-12-28,1,Reduced,0,0,No IEP,51,0.97
3801,10,Finley,Hall,2009-10-12,Female,2023-09-07,1,Free,1,0,No IEP,60,0.97
3802,10,Parker,Jones,2010-02-03,Other,2022-08-07,1,Full Price,1,0,No IEP,68,0.93
3803,10,Morgan,Brown,2007-09-05,Male,2023-01-17,1,Full Price,1,0,No IEP,53,0.98
3804,10,Isaiah,Walker,2008-11-21,Female,2023-06-21,1,Full Price,0,0,Current IEP,26,0.62
3805,10,Noah,Allen,2007-10-11,Female,2023-07-13,1,Free,1,1,No IEP,68,0.85
3806,10,Bailey,White,2016-01-26,Female,2024-01-07,1,Free,0,0,No IEP,106,0.93
3807,10,Jordan,Brown,2008-08-23,Other,2023-11-22,1,Reduced,1,0,No IEP,61,0.85
3808,10,Gabriel,Hall,2007-01-16,Male,2023-03-02,1,Reduced,0,0,No IEP,61,0.71
3809,10,Gabriel,Brown,2013-12-10,Male,2022-11-29,1,Reduced,0,0,No IEP,84,0.94
3810,10,Noah,Young,2018-02-12,Female,2023-10-23,1,Free,0,0,No IEP,43,0.81
3811,10,Finley,Johnson,2016-05-12,Male,2024-03-22,1,Reduced,1,0,No IEP,80,0.97
3812,10,Isaiah,Rodriguez,2006-03-22,Other,2023-05-23,1,Free,0,0,No IEP,65,0.77
3813,10,Parker,Young,2016-03-13,Other,2023-03-13,1,Free,0,1,No IEP,9,0.83
3814,10,Kendrick,Young,2009-07-20,Other,2023-12-26,1,Free,0,0,No IEP,98,0.96
3815,10,Casey,Walker,2011-11-11,Male,2024-02-10,1,Full Price,0,0,No IEP,88,0.92
3816,10,Oliver,Martinez,2019-03-06,Other,2022-12-04,1,Free,0,0,No IEP,82,0.92
3817,10,Noah,Smith,2020-04-12,Female,2023-12-08,1,Reduced,0,0,No IEP,68,0.73
3818,10,Dakota,Garcia,2010-01-02,Male,2024-03-20,1,Full Price,0,0,No IEP,66,0.81
3819,10,Oliver,Brown,2008-08-07,Other,2024-03-04,1,Free,0,1,No IEP,69,0.77
3820,10,Parker,Miller,2006-07-08,Female,2023-12-13,1,Free,0,0,No IEP,77,0.92
3821,10,Oliver,Allen,2012-09-18,Male,2024-04-05,1,Reduced,1,0,No IEP,21,0.68
3822,10,Jordan,Young,2016-06-10,Other,2023-09-01,1,Reduced,1,0,Evaluation Pending,84,0.93
3823,10,Isaiah,Walker,2013-07-10,Female,2023-07-18,1,Free,0,0,No IEP,68,0.92
3824,10,Dakota,Allen,2017-10-04,Male,2023-05-13,1,Full Price,1,0,Current IEP,50,0.85
3825,10,Bailey,Hall,2007-08-03,Female,2022-08-16,1,Free,0,0,No IEP,42,0.57
3826,10,Casey,Brown,2014-02-27,Male,2023-04-27,1,Full Price,0,0,No IEP,47,0.69
3827,10,Finley,Johnson,2014-09-12,Other,2023-07-18,1,Free,0,0,Current IEP,28,0.9
3828,10,Kendrick,Young,2006-11-27,Female,2023-11-14,1,Full Price,0,0,Current IEP,76,0.82
3829,10,Bailey,Martinez,2019-03-01,Other,2023-10-30,1,Full Price,1,0,No IEP,69,0.75
3830,10,Jordan,Miller,2012-11-06,Male,2023-10-11,1,Full Price,0,0,No IEP,41,0.71
3831,10,Noah,Rodriguez,2010-05-02,Female,2023-12-10,1,Full Price,1,0,No IEP,92,0.9
3832,10,Oliver,Brown,2012-07-20,Other,2024-01-25,1,Full Price,0,0,No IEP,89,0.94
3833,10,Dakota,Brown,2009-05-26,Female,2024-04-22,1,Free,0,0,No IEP,65,0.71
3834,10,Oliver,Miller,2015-09-15,Female,2022-07-16,1,Reduced,1,0,No IEP,55,0.72
3835,10,Jordan,Brown,2019-10-28,Female,2024-02-19,1,Free,0,0,No IEP,89,0.94
3836,10,Oliver,Young,2014-09-25,Male,2024-03-18,1,Reduced,0,0,No IEP,65,0.93
3837,10,Casey,Hall,2009-06-12,Other,2023-10-28,1,Free,0,0,No IEP,72,0.97
3838,10,Eden,Davis,2013-12-27,Female,2023-09-30,1,Free,0,0,No IEP,45,0.89
3839,10,Alex,Smith,2017-08-05,Male,2023-12-31,1,Free,0,0,No IEP,70,0.52
3840,10,Isaiah,Smith,2010-01-12,Female,2023-08-14,1,Full Price,0,0,No IEP,25,0.95
3841,10,Eden,Williams,2010-06-07,Other,2023-07-16,1,Full Price,0,0,No IEP,70,0.64
3842,10,Bailey,Johnson,2018-08-17,Female,2024-04-05,1,Free,1,0,No IEP,36,0.7
3843,10,Bailey,Davis,2010-09-22,Male,2023-01-13,1,Reduced,0,0,No IEP,70,0.9
3844,10,Harper,Lee,2011-08-15,Male,2023-10-06,1,Reduced,0,0,No IEP,63,0.98
3845,10,Dakota,Young,2019-06-02,Other,2024-04-27,1,Free,0,0,No IEP,65,0.79
3846,10,Isaiah,White,2008-02-07,Male,2024-01-14,1,Reduced,0,1,No IEP,96,0.98
3847,10,Dakota,Martinez,2012-09-15,Other,2022-11-17,1,Free,0,0,No IEP,100,0.54
3848,10,Finley,Walker,2019-08-07,Male,2022-10-07,1,Free,0,0,No IEP,99,0.9
3849,10,Noah,Allen,2016-08-26,Female,2024-02-29,1,Free,0,0,No IEP,99,0.93
3850,10,Gabriel,Hall,2013-06-16,Female,2023-02-13,1,Free,0,0,Current IEP,77,0.84
3851,10,Gabriel,Martinez,2017-02-25,Female,2023-10-04,1,Free,0,0,Current IEP,75,0.97
3852,10,Harper,White,2007-06-20,Female,2024-03-04,1,Reduced,0,1,No IEP,76,0.97
3853,10,Jordan,Smith,2020-01-03,Other,2023-02-03,0,Full Price,0,0,No IEP,73,0.72
3854,10,Kendrick,Jones,2007-08-24,Female,2022-10-26,0,Free,0,0,No IEP,44,0.56
3855,10,Bailey,Johnson,2008-06-03,Female,2022-12-02,1,Reduced,0,0,Current IEP,49,0.68
3856,10,Jordan,Jones,2009-03-18,Other,2022-09-10,1,Reduced,1,0,No IEP,79,0.88
3857,10,Logan,Walker,2010-07-19,Other,2023-10-08,1,Free,0,0,No IEP,36,0.81
3858,10,Gabriel,Jones,2009-10-20,Other,2024-01-18,1,Free,0,0,No IEP,77,0.91
3859,10,Jordan,Miller,2007-04-25,Female,2024-02-22,1,Free,1,0,No IEP,47,0.55
3860,10,Jordan,Jones,2006-01-21,Other,2022-09-04,1,Reduced,0,0,No IEP,87,0.93
3861,10,Kendrick,White,2007-09-15,Male,2022-07-07,1,Free,0,0,No IEP,67,0.98
3862,10,Logan,Walker,2019-02-11,Female,2023-02-15,1,Full Price,0,0,Current IEP,53,0.76
3863,10,Jordan,Allen,2008-02-23,Female,2023-07-31,1,Free,0,1,No IEP,63,0.84
3864,10,Oliver,Smith,2017-10-12,Other,2023-01-12,1,Free,1,0,Current IEP,85,0.76
3865,10,Isaiah,Davis,2013-08-10,Female,2023-11-18,1,Reduced,0,0,Current IEP,40,0.75
3866,10,Dakota,Walker,2020-08-23,Female,2023-03-12,1,Full Price,0,0,No IEP,63,0.84
3867,10,Isaiah,Young,2006-08-27,Other,2023-04-13,1,Free,0,0,No IEP,83,0.98
3868,10,Harper,Johnson,2018-03-02,Male,2023-02-13,1,Full Price,0,0,No IEP,61,0.9
3869,10,Jordan,Young,2018-03-10,Male,2023-03-08,1,Free,0,0,No IEP,44,0.56
3870,10,Finley,Rodriguez,2016-07-07,Other,2022-07-20,1,Full Price,0,0,No IEP,85,0.89
3871,10,Casey,Smith,2012-09-02,Female,2024-05-23,1,Reduced,0,0,No IEP,98,0.97
3872,10,Finley,Johnson,2011-11-22,Other,2024-02-25,1,Reduced,0,0,Current IEP,108,0.97
3873,10,Harper,Garcia,2016-09-11,Male,2024-03-11,1,Free,0,0,No IEP,56,0.75
3874,10,Oliver,Johnson,2012-09-23,Other,2023-01-24,1,Reduced,0,0,Current IEP,69,0.73
3875,10,Isaiah,Miller,2011-02-04,Male,2024-01-09,1,Free,0,0,No IEP,77,0.94
3876,10,Logan,Davis,2017-06-14,Female,2023-04-24,1,Free,0,0,No IEP,80,0.9
3877,10,Kendrick,Hall,2017-01-15,Other,2024-01-20,1,Reduced,0,0,No IEP,76,0.91
3878,10,Harper,White,2010-06-03,Female,2024-04-18,1,Reduced,0,0,No IEP,59,0.67
3879,10,Logan,Jones,2016-05-17,Male,2023-10-20,1,Free,0,1,No IEP,95,0.95
3880,10,Isaiah,Smith,2006-02-08,Other,2023-04-10,1,Full Price,0,0,No IEP,53,0.95
3881,10,Eden,Garcia,2012-05-17,Female,2023-08-29,1,Full Price,0,0,No IEP,64,0.82
3882,10,Bailey,Hall,2016-09-24,Female,2022-08-25,1,Free,0,1,No IEP,62,0.94
3883,10,Noah,Jones,2010-09-06,Other,2023-02-01,0,Free,0,0,No IEP,71,0.71
3884,10,Bailey,Rodriguez,2017-10-05,Male,2022-10-05,1,Full Price,0,0,No IEP,73,0.8
3885,10,Gabriel,Walker,2008-10-19,Female,2024-02-12,1,Free,0,0,No IEP,79,0.95
3886,10,Jordan,Miller,2007-01-12,Other,2024-01-10,1,Free,1,0,No IEP,16,0.57
3887,10,Alex,Brown,2007-03-16,Other,2023-07-03,1,Free,1,0,No IEP,33,0.66
3888,10,Oliver,Walker,2006-06-06,Other,2023-12-08,1,Free,0,0,No IEP,94,0.95
3889,10,Logan,Smith,2007-09-07,Other,2023-03-18,1,Full Price,1,0,No IEP,76,0.88
3890,10,Finley,Martinez,2013-05-07,Male,2023-04-10,1,Full Price,0,0,No IEP,50,0.95
3891,10,Jordan,Allen,2014-03-11,Other,2022-12-14,1,Reduced,0,0,No IEP,86,0.72
3892,10,Finley,Miller,2008-04-19,Male,2024-03-25,1,Reduced,0,0,No IEP,55,0.93
3893,10,Finley,Garcia,2008-04-25,Male,2022-07-27,1,Free,0,0,No IEP,77,0.96
3894,10,Jordan,Hall,2015-12-10,Female,2022-09-07,1,Reduced,0,0,No IEP,71,0.89
3895,10,Parker,Garcia,2020-05-25,Male,2024-02-08,1,Reduced,0,0,No IEP,53,0.85
3896,10,Morgan,White,2007-02-21,Male,2023-10-06,1,Reduced,0,0,No IEP,53,0.91
3897,10,Bailey,Williams,2009-05-05,Female,2023-10-24,1,Reduced,0,0,No IEP,51,0.91
3898,10,Isaiah,Davis,2010-09-21,Other,2024-03-30,1,Reduced,0,0,No IEP,85,0.88
3899,10,Parker,Williams,2012-04-06,Female,2023-03-30,1,Full Price,0,0,No IEP,79,0.91
3900,10,Finley,Brown,2014-03-28,Other,2023-07-02,1,Reduced,0,0,No IEP,60,0.97
3901,10,Eden,Hall,2014-04-07,Other,2023-09-25,1,Free,1,0,No IEP,56,0.95
3902,10,Noah,Walker,2014-06-19,Other,2022-08-01,1,Full Price,1,0,No IEP,48,0.82
3903,10,Finley,Smith,2014-04-24,Other,2022-09-28,0,Reduced,0,0,Current IEP,74,0.79
3904,10,Kendrick,Jones,2019-03-15,Other,2023-11-01,1,Free,0,0,Current IEP,76,0.93
3905,10,Logan,Rodriguez,2018-10-22,Male,2023-04-30,1,Full Price,0,0,No IEP,61,0.82
3906,10,Kendrick,Smith,2007-04-02,Other,2023-08-11,1,Reduced,0,0,No IEP,56,0.84
3907,10,Finley,Miller,2019-11-01,Female,2024-03-25,1,Full Price,0,0,No IEP,1,0.67
3908,10,Logan,White,2009-04-23,Other,2023-08-25,1,Reduced,0,0,No IEP,80,0.96
3909,10,Parker,Martinez,2012-03-16,Other,2023-04-01,1,Full Price,0,0,No IEP,66,0.79
3910,10,Logan,Lee,2018-03-09,Other,2023-10-08,1,Free,0,0,No IEP,98,0.8
3911,10,Logan,Allen,2019-08-07,Female,2023-03-14,1,Full Price,0,0,No IEP,87,0.91
3912,10,Noah,Smith,2007-12-18,Other,2024-01-05,1,Free,0,0,No IEP,88,0.89
3913,10,Harper,Walker,2013-08-10,Female,2023-11-03,1,Free,0,0,No IEP,99,0.82
3914,10,Morgan,Hall,2009-07-28,Female,2023-06-22,1,Reduced,1,0,No IEP,76,0.9
3915,10,Morgan,Hall,2020-09-02,Male,2024-05-05,1,Full Price,0,1,No IEP,77,0.75
3916,10,Eden,Walker,2018-03-08,Female,2024-02-17,1,Free,0,1,No IEP,52,0.81
3917,10,Oliver,Rodriguez,2020-10-06,Other,2024-03-24,1,Full Price,1,0,No IEP,63,0.76
3918,10,Parker,Young,2014-02-26,Male,2023-11-28,1,Free,0,0,No IEP,63,0.96
3919,10,Logan,Garcia,2009-08-25,Other,2022-11-07,1,Full Price,1,0,No IEP,70,0.9
3920,10,Oliver,Williams,2010-07-03,Male,2023-06-06,1,Full Price,1,0,No IEP,39,0.59
3921,10,Oliver,Williams,2007-01-12,Other,2024-02-15,1,Reduced,0,0,No IEP,17,0.75
3922,10,Alex,Allen,2016-09-10,Female,2022-11-15,1,Free,0,0,No IEP,67,0.83
3923,10,Finley,Johnson,2018-04-16,Other,2023-09-13,1,Free,1,0,No IEP,46,0.51
3924,10,Finley,Martinez,2010-07-20,Other,2023-01-28,1,Reduced,0,0,No IEP,39,0.78
3925,10,Alex,Martinez,2009-04-13,Other,2024-02-27,1,Full Price,0,0,No IEP,47,0.75
3926,10,Casey,Miller,2017-01-17,Other,2024-01-25,1,Free,0,0,No IEP,73,0.83
3927,10,Bailey,Allen,2018-08-28,Female,2024-01-23,1,Full Price,1,0,No IEP,85,0.93
3928,10,Finley,Martinez,2015-04-27,Female,2024-02-10,1,Reduced,0,0,No IEP,99,0.94
3929,10,Oliver,Miller,2013-04-27,Female,2023-06-15,1,Full Price,0,0,No IEP,35,0.58
3930,10,Oliver,Young,2014-03-27,Male,2023-06-18,1,Free,0,0,No IEP,47,0.92
3931,10,Dakota,Jones,2019-04-22,Female,2022-08-02,1,Reduced,0,0,No IEP,88,0.9
3932,10,Bailey,Davis,2014-09-08,Other,2023-10-06,1,Free,1,0,No IEP,60,0.72
3933,10,Finley,Rodriguez,2015-03-17,Male,2023-01-31,1,Reduced,0,0,No IEP,74,0.93
3934,10,Harper,Miller,2007-09-07,Other,2023-10-09,1,Reduced,0,0,No IEP,26,0.72
3935,10,Parker,Brown,2010-01-17,Other,2022-11-15,1,Full Price,0,0,No IEP,43,0.57
3936,10,Logan,Hall,2014-04-05,Other,2022-08-09,1,Free,0,0,No IEP,42,0.84
3937,10,Isaiah,Johnson,2016-10-18,Female,2022-12-19,1,Free,1,0,No IEP,41,0.63
3938,10,Jordan,Walker,2011-11-23,Other,2023-03-27,1,Reduced,1,0,No IEP,88,0.92
3939,10,Kendrick,White,2008-04-27,Female,2023-01-27,1,Free,1,0,No IEP,65,0.96
3940,10,Alex,Young,2007-10-14,Other,2022-10-30,1,Full Price,0,1,No IEP,91,0.95
3941,10,Logan,Walker,2011-03-24,Male,2024-02-17,1,Free,0,0,No IEP,19,0.54
3942,10,Parker,Allen,2011-08-20,Female,2024-01-09,1,Reduced,0,0,No IEP,73,0.93
3943,10,Jordan,Brown,2015-11-11,Male,2022-12-10,1,Free,0,0,No IEP,96,0.89
3944,10,Morgan,Walker,2009-02-12,Male,2023-10-31,1,Full Price,1,0,No IEP,50,0.79
3945,10,Kendrick,Rodriguez,2006-08-14,Female,2024-01-28,1,Free,0,0,No IEP,49,0.58
3946,10,Eden,White,2018-01-14,Other,2023-12-22,1,Full Price,0,0,No IEP,43,0.57
3947,10,Bailey,Jones,2008-03-25,Other,2024-02-29,1,Reduced,0,0,No IEP,32,0.77
3948,10,Harper,Davis,2010-06-24,Other,2023-08-24,1,Free,0,0,No IEP,32,0.5
3949,10,Gabriel,Garcia,2017-02-03,Male,2024-05-16,1,Free,1,0,No IEP,45,0.92
3950,10,Dakota,Johnson,2019-08-21,Female,2023-12-25,1,Reduced,0,0,No IEP,73,0.76
3951,10,Eden,Smith,2008-07-13,Male,2023-10-15,1,Reduced,0,0,Current IEP,70,0.93
3952,10,Harper,Smith,2014-06-19,Female,2022-08-26,1,Free,0,0,No IEP,53,0.6
3953,10,Isaiah,Hall,2009-09-03,Female,2024-03-20,1,Free,0,0,Current IEP,67,0.76
3954,10,Logan,Smith,2011-08-12,Female,2022-11-03,1,Reduced,0,0,No IEP,68,0.92
3955,10,Logan,Allen,2014-11-14,Male,2022-11-06,1,Reduced,0,0,No IEP,50,0.71
3956,10,Dakota,Martinez,2008-11-14,Female,2023-06-12,1,Full Price,0,0,No IEP,85,0.94
3957,10,Jordan,Williams,2020-07-28,Other,2023-04-09,1,Free,0,0,No IEP,91,0.88
3958,10,Casey,Brown,2011-09-27,Male,2022-11-09,1,Full Price,1,0,No IEP,56,0.91
3959,10,Finley,Rodriguez,2013-08-22,Other,2022-10-10,1,Free,1,0,No IEP,73,0.97
3960,10,Gabriel,Johnson,2018-12-17,Female,2023-10-27,1,Free,0,0,No IEP,89,0.52
3961,10,Morgan,Jones,2013-05-23,Female,2024-04-21,1,Reduced,0,1,No IEP,50,0.68
3962,10,Isaiah,Lee,2019-06-12,Female,2023-11-01,1,Full Price,1,0,No IEP,59,0.75
3963,10,Parker,Smith,2015-03-20,Female,2024-02-14,1,Reduced,1,0,Current IEP,50,0.93
3964,10,Gabriel,Martinez,2015-02-24,Female,2023-09-04,1,Reduced,0,0,No IEP,55,0.77
3965,10,Parker,Jones,2016-04-10,Male,2024-01-03,1,Full Price,1,0,No IEP,106,0.74
3966,10,Parker,Martinez,2012-11-05,Other,2023-06-10,1,Full Price,0,0,No IEP,76,0.97
3967,10,Isaiah,White,2011-07-21,Female,2022-10-21,1,Reduced,0,0,No IEP,78,0.98
3968,10,Logan,Miller,2012-07-03,Female,2023-11-11,1,Full Price,0,0,No IEP,59,0.89
3969,10,Finley,Garcia,2013-10-11,Other,2023-03-19,1,Reduced,0,0,Evaluation Pending,62,0.94
3970,10,Finley,Williams,2015-08-09,Female,2022-09-10,1,Free,0,0,No IEP,71,0.73
3971,10,Bailey,Williams,2009-01-05,Other,2022-10-16,1,Free,1,0,No IEP,31,0.89
3972,10,Morgan,Williams,2006-12-05,Other,2022-10-08,1,Reduced,0,1,No IEP,84,0.93
3973,10,Dakota,Brown,2018-08-25,Female,2022-09-05,1,Reduced,0,0,No IEP,76,0.91
3974,10,Kendrick,Jones,2006-08-07,Other,2022-09-07,1,Free,0,0,No IEP,79,0.98
3975,10,Alex,Smith,2006-08-04,Other,2023-08-31,1,Reduced,0,0,No IEP,64,0.97
3976,10,Oliver,Brown,2020-01-16,Other,2024-03-28,1,Reduced,0,0,No IEP,101,0.91
3977,10,Finley,Jones,2015-02-10,Female,2023-06-16,1,Free,0,0,Current IEP,50,0.91
3978,10,Noah,Brown,2008-08-12,Other,2023-08-11,1,Reduced,0,0,No IEP,40,0.89
3979,10,Eden,Brown,2016-09-18,Other,2022-08-22,1,Reduced,0,0,No IEP,87,0.93
3980,10,Logan,White,2011-10-03,Female,2024-04-29,1,Reduced,0,0,Current IEP,78,0.91
3981,10,Bailey,Miller,2008-12-17,Other,2022-09-06,1,Free,0,0,No IEP,61,0.73
3982,10,Casey,Rodriguez,2012-10-01,Male,2023-04-06,1,Full Price,0,0,No IEP,75,0.75
3983,10,Isaiah,Walker,2011-01-12,Female,2022-11-15,1,Full Price,0,0,No IEP,36,0.97
3984,10,Logan,Garcia,2010-08-16,Female,2022-08-18,1,Full Price,0,0,No IEP,99,0.95
3985,10,Finley,Jones,2016-07-27,Other,2023-01-14,0,Free,0,0,No IEP,102,0.61
3986,10,Bailey,White,2020-10-04,Male,2023-06-30,1,Full Price,0,1,No IEP,50,0.8
3987,10,Noah,Garcia,2007-11-11,Female,2024-01-22,1,Free,1,0,No IEP,83,0.83
3988,10,Gabriel,Young,2010-02-23,Other,2023-08-10,1,Free,0,0,No IEP,56,0.9
3989,10,Eden,Brown,2013-11-26,Other,2023-01-28,1,Free,0,0,No IEP,61,0.71
3990,10,Finley,Miller,2018-01-18,Female,2023-05-18,1,Full Price,0,0,No IEP,43,0.67
3991,10,Eden,Young,2012-09-03,Other,2024-04-25,1,Free,0,0,Current IEP,108,0.97
3992,10,Kendrick,Allen,2018-08-21,Male,2023-06-04,1,Free,1,0,No IEP,101,0.9
3993,10,Alex,White,2010-12-18,Male,2023-07-16,1,Free,0,0,Current IEP,31,0.57
3994,10,Gabriel,Garcia,2009-01-11,Other,2022-08-02,1,Full Price,0,0,Current IEP,77,0.92
3995,10,Gabriel,Smith,2011-10-04,Female,2022-12-14,1,Free,1,0,No IEP,28,0.94
3996,10,Bailey,Allen,2008-07-11,Male,2023-05-17,1,Reduced,1,0,No IEP,67,0.73
3997,10,Kendrick,Lee,2009-08-26,Other,2023-07-28,1,Free,0,0,No IEP,43,0.75
3998,10,Casey,Allen,2007-06-14,Female,2024-04-09,1,Full Price,0,0,No IEP,73,0.89
3999,10,Gabriel,Garcia,2016-02-12,Other,2022-12-09,1,Full Price,0,0,No IEP,70,0.63
4000,10,Kendrick,Jones,2006-09-08,Other,2024-01-13,1,Free,0,0,No IEP,105,0.89
4001,10,Parker,Walker,2007-07-15,Female,2022-07-09,1,Full Price,0,0,Current IEP,12,0.73
4002,10,Harper,Jones,2008-03-27,Female,2023-11-22,1,Free,1,1,No IEP,80,0.95
4003,10,Jordan,Davis,2019-07-25,Male,2023-07-27,0,Reduced,0,0,No IEP,87,0.59
4004,10,Morgan,Johnson,2020-12-21,Male,2023-09-05,1,Free,0,0,No IEP,40,0.61
4005,10,Noah,Brown,2007-12-15,Other,2023-02-16,1,Free,1,0,No IEP,60,0.92
4006,10,Casey,Hall,2009-05-08,Male,2022-11-21,1,Full Price,0,1,No IEP,73,0.97
4007,10,Alex,Rodriguez,2007-05-14,Other,2024-05-08,1,Full Price,0,0,No IEP,41,0.57
4008,10,Alex,Lee,2015-10-11,Female,2023-09-15,1,Reduced,0,0,No IEP,76,0.97
4009,10,Jordan,Lee,2009-03-28,Other,2023-11-21,1,Free,0,0,No IEP,70,0.88
4010,10,Kendrick,Smith,2014-05-17,Male,2024-05-15,1,Full Price,0,0,No IEP,42,0.55
4011,10,Oliver,Davis,2011-08-05,Female,2023-09-30,1,Reduced,0,0,No IEP,76,0.73
4012,10,Parker,White,2011-08-06,Female,2022-08-12,1,Reduced,0,0,No IEP,71,0.83
4013,10,Oliver,Garcia,2020-05-25,Male,2022-12-30,0,Free,0,0,No IEP,64,0.82
4014,10,Casey,Lee,2020-09-11,Other,2023-03-28,1,Reduced,1,0,No IEP,79,0.93
4015,10,Bailey,White,2011-04-17,Other,2023-04-13,1,Reduced,0,0,No IEP,45,0.71
4016,10,Logan,Jones,2008-01-14,Male,2022-12-18,1,Free,0,0,No IEP,30,0.96
4017,10,Eden,White,2010-07-21,Female,2022-11-22,1,Free,0,0,No IEP,72,0.77
4018,10,Oliver,Smith,2017-05-17,Female,2023-02-23,1,Reduced,0,0,Evaluation Pending,59,0.64
4019,10,Logan,Martinez,2008-12-04,Male,2023-05-06,1,Reduced,0,0,No IEP,36,0.69
4020,10,Oliver,Allen,2010-11-08,Male,2022-10-16,1,Free,0,0,No IEP,89,0.94
4021,10,Parker,Rodriguez,2013-07-28,Female,2023-10-06,1,Free,0,0,No IEP,84,0.9
4022,10,Casey,Rodriguez,2015-05-24,Male,2022-11-24,1,Free,1,0,Current IEP,66,0.75
4023,10,Eden,Rodriguez,2016-01-14,Other,2024-02-22,1,Full Price,0,0,No IEP,64,0.75
4024,10,Finley,Williams,2014-11-16,Female,2024-02-23,1,Free,0,0,No IEP,75,0.72
4025,10,Eden,Smith,2009-09-20,Female,2022-06-29,1,Reduced,0,0,No IEP,69,0.93
4026,10,Dakota,Brown,2013-10-11,Male,2023-08-10,1,Reduced,0,0,No IEP,74,0.98
4027,10,Noah,Martinez,2010-04-07,Male,2023-11-19,1,Full Price,0,0,No IEP,59,0.72
4028,10,Isaiah,Smith,2017-07-08,Female,2023-12-31,1,Free,0,0,No IEP,70,0.79
4029,10,Casey,Jones,2019-09-04,Male,2023-09-10,1,Full Price,0,0,No IEP,104,0.73
4030,10,Morgan,Smith,2009-12-14,Other,2022-10-19,1,Free,0,0,No IEP,19,0.59
4031,10,Harper,Rodriguez,2020-12-14,Female,2023-04-23,1,Reduced,0,0,No IEP,96,0.84
4032,10,Finley,Lee,2020-05-16,Other,2023-02-27,1,Free,1,0,No IEP,69,0.85
4033,10,Kendrick,Smith,2013-08-26,Other,2023-04-15,1,Free,0,0,No IEP,44,0.97
4034,10,Oliver,Brown,2011-05-14,Other,2024-05-20,1,Reduced,0,0,No IEP,102,0.76
4035,10,Gabriel,Williams,2014-03-19,Female,2023-04-14,1,Full Price,0,0,No IEP,58,0.82
4036,10,Casey,Allen,2016-07-10,Male,2024-01-07,1,Free,0,0,No IEP,51,0.68
4037,10,Noah,Young,2007-12-03,Female,2023-10-13,1,Full Price,0,0,Current IEP,12,0.6
4038,10,Finley,Walker,2018-03-23,Other,2024-02-19,1,Free,0,0,No IEP,46,0.66
4039,10,Alex,Martinez,2019-08-27,Other,2023-12-30,1,Reduced,1,0,No IEP,91,0.7
4040,10,Bailey,Brown,2014-07-17,Other,2022-12-07,1,Free,1,0,Current IEP,67,0.95
4041,10,Morgan,Walker,2019-04-07,Male,2024-01-04,1,Reduced,0,0,No IEP,41,0.83
4042,10,Parker,Brown,2011-09-25,Female,2023-08-07,1,Free,0,0,No IEP,55,0.92
4043,10,Oliver,Allen,2006-02-03,Female,2024-03-20,1,Full Price,0,0,No IEP,84,0.92
4044,10,Dakota,Martinez,2008-04-02,Other,2023-11-22,1,Full Price,0,1,No IEP,53,0.58
4045,10,Parker,Jones,2007-05-21,Male,2022-11-05,1,Full Price,0,0,No IEP,49,0.91
4046,10,Casey,Williams,2010-04-16,Other,2024-05-18,1,Reduced,0,0,No IEP,90,0.91
4047,10,Kendrick,Brown,2019-01-04,Male,2022-08-21,1,Free,0,1,No IEP,81,0.74
4048,10,Kendrick,Miller,2009-05-17,Female,2023-08-23,1,Reduced,0,0,Current IEP,107,0.91
4049,10,Jordan,Garcia,2020-10-15,Other,2023-01-03,1,Reduced,0,0,No IEP,67,0.81
4050,10,Logan,Davis,2020-07-05,Male,2023-02-25,1,Free,0,0,No IEP,103,0.81
4051,10,Parker,White,2017-01-06,Male,2024-03-21,1,Full Price,0,0,No IEP,29,0.91
4052,10,Isaiah,Lee,2006-11-23,Female,2024-03-03,1,Free,0,0,No IEP,78,0.89
4053,10,Oliver,Jones,2014-09-13,Male,2023-11-05,1,Reduced,0,0,Current IEP,107,0.76
4054,10,Bailey,Martinez,2016-10-05,Male,2022-08-28,1,Free,0,0,No IEP,80,0.91
4055,10,Noah,Allen,2012-04-17,Male,2023-03-06,0,Free,0,0,No IEP,70,0.82
4056,10,Casey,Jones,2014-10-16,Other,2023-02-11,1,Free,0,0,No IEP,67,0.92
4057,10,Logan,Lee,2015-05-08,Female,2022-07-30,1,Free,0,1,No IEP,48,0.8
4058,10,Morgan,White,2016-08-22,Male,2023-11-17,1,Reduced,0,0,No IEP,55,0.71
4059,10,Kendrick,Jones,2011-06-17,Male,2024-02-07,1,Full Price,0,0,No IEP,80,0.92
4060,10,Gabriel,Lee,2006-01-03,Male,2024-04-22,1,Reduced,1,1,No IEP,76,0.95
4061,10,Harper,Martinez,2014-09-06,Male,2022-06-27,1,Free,1,0,No IEP,60,0.9
4062,10,Casey,Williams,2007-10-14,Other,2023-07-03,1,Full Price,1,1,No IEP,32,0.67
4063,10,Parker,Lee,2012-03-24,Female,2022-11-16,1,Free,0,0,Current IEP,61,0.8
4064,10,Gabriel,White,2010-04-01,Other,2023-12-15,1,Reduced,0,0,Current IEP,58,0.77
4065,10,Gabriel,Brown,2018-05-15,Female,2024-02-29,1,Free,0,1,No IEP,93,0.91
4066,10,Isaiah,Hall,2012-04-03,Other,2024-03-09,1,Free,0,0,No IEP,91,0.95
4067,10,Dakota,Jones,2012-07-08,Male,2024-01-14,1,Reduced,0,0,Current IEP,109,0.97
4068,10,Gabriel,Lee,2017-03-23,Other,2023-03-25,1,Reduced,0,0,No IEP,104,0.94
4069,10,Finley,Lee,2013-05-10,Other,2023-03-16,1,Full Price,0,0,No IEP,60,0.65
4070,10,Kendrick,Martinez,2010-09-27,Male,2022-09-30,1,Full Price,0,0,No IEP,57,0.91
4071,10,Eden,Smith,2006-09-06,Male,2022-11-05,1,Reduced,0,0,Current IEP,61,0.52
4072,10,Alex,Martinez,2020-04-20,Male,2024-01-13,1,Full Price,0,0,No IEP,68,0.73
4073,10,Bailey,White,2016-08-06,Male,2022-12-18,1,Reduced,1,0,No IEP,69,0.91
4074,10,Kendrick,Davis,2008-08-15,Female,2023-02-09,1,Full Price,0,1,Current IEP,89,0.94
4075,10,Noah,Johnson,2018-01-12,Female,2023-06-12,1,Free,0,0,No IEP,80,0.93
4076,10,Alex,Brown,2018-09-03,Female,2022-06-26,1,Reduced,0,0,No IEP,50,0.93
4077,10,Harper,Smith,2006-12-22,Other,2023-12-03,1,Reduced,0,1,No IEP,65,0.93
4078,10,Morgan,Jones,2014-02-24,Other,2024-02-05,1,Free,0,1,No IEP,55,0.98
4079,10,Alex,Allen,2010-05-11,Male,2024-01-10,1,Free,0,0,No IEP,73,0.91
4080,10,Logan,Miller,2015-04-27,Male,2022-09-06,1,Full Price,0,0,No IEP,94,0.93
4081,10,Oliver,Rodriguez,2008-07-16,Female,2024-02-14,1,Reduced,0,1,No IEP,105,0.96
4082,10,Kendrick,Smith,2011-09-06,Female,2023-05-02,1,Full Price,0,1,No IEP,73,0.85
4083,10,Jordan,Walker,2007-12-15,Female,2023-04-01,1,Free,0,0,No IEP,45,0.69
4084,10,Oliver,Davis,2011-04-03,Male,2022-12-31,1,Full Price,0,0,No IEP,61,0.96
4085,10,Dakota,Miller,2006-02-09,Male,2022-07-29,1,Reduced,0,0,No IEP,75,0.96
4086,10,Logan,Johnson,2008-05-15,Female,2022-12-03,1,Free,0,0,No IEP,92,0.8
4087,10,Kendrick,Walker,2019-10-28,Male,2024-01-20,1,Reduced,0,0,No IEP,51,0.97
4088,10,Isaiah,Miller,2017-10-15,Female,2023-02-25,1,Free,0,0,No IEP,51,0.91
4089,10,Jordan,Brown,2019-04-26,Other,2023-01-11,1,Reduced,0,1,No IEP,98,0.57
4090,10,Harper,Garcia,2010-05-03,Female,2023-01-08,1,Full Price,0,1,No IEP,68,0.93
4091,10,Isaiah,Brown,2016-09-19,Female,2022-07-03,0,Full Price,0,0,No IEP,63,0.76
4092,10,Eden,Walker,2017-03-22,Female,2023-01-26,1,Reduced,1,0,No IEP,49,0.78
4093,10,Oliver,Young,2011-03-19,Other,2023-02-17,1,Free,0,0,Current IEP,37,0.83
4094,10,Harper,Garcia,2017-06-17,Female,2022-11-03,1,Full Price,0,1,No IEP,89,0.94
4095,10,Dakota,Hall,2008-07-20,Other,2024-03-17,1,Free,0,0,No IEP,44,0.66
4096,10,Parker,Martinez,2013-04-24,Female,2023-08-17,1,Full Price,0,1,Current IEP,39,0.72
4097,10,Eden,Jones,2018-12-27,Female,2022-07-12,1,Full Price,0,0,No IEP,63,0.71
4098,10,Noah,Garcia,2014-07-20,Male,2022-07-16,1,Full Price,0,0,No IEP,78,0.91
4099,10,Alex,Smith,2010-11-17,Female,2023-03-23,1,Free,0,0,No IEP,86,0.84
4100,10,Finley,Smith,2017-04-05,Female,2022-09-09,1,Free,0,0,No IEP,68,0.73
4101,10,Jordan,Johnson,2011-05-28,Other,2024-03-13,1,Reduced,1,0,No IEP,98,0.96
4102,10,Finley,White,2016-02-27,Female,2023-09-16,1,Reduced,0,0,No IEP,68,0.9
4103,10,Logan,Johnson,2018-01-09,Female,2024-04-15,1,Full Price,0,0,No IEP,95,0.92
4104,10,Eden,Williams,2015-01-17,Female,2023-01-12,1,Reduced,0,0,Current IEP,66,0.72
4105,10,Isaiah,Brown,2011-12-03,Other,2023-04-15,1,Free,0,0,No IEP,85,0.92
4106,10,Parker,Johnson,2019-02-09,Female,2023-04-24,0,Reduced,0,0,No IEP,8,0.82
4107,10,Casey,Lee,2012-06-15,Male,2022-10-24,1,Reduced,1,1,Current IEP,57,0.7
4108,10,Alex,Martinez,2019-12-02,Male,2022-09-11,1,Free,0,0,No IEP,74,0.89
4109,10,Casey,Hall,2010-07-28,Male,2023-08-30,1,Reduced,0,0,Current IEP,73,0.9
4110,10,Parker,Hall,2019-05-02,Male,2024-02-27,1,Full Price,0,0,No IEP,76,0.9
4111,11,Noah,Hall,2008-11-12,Female,2023-02-28,1,Reduced,0,0,No IEP,75,0.74
4112,11,Oliver,Walker,2018-08-18,Female,2023-08-23,1,Reduced,0,1,No IEP,41,0.7
4113,11,Bailey,Martinez,2016-05-01,Other,2023-04-02,1,Full Price,0,0,Current IEP,56,0.88
4114,11,Noah,Garcia,2019-01-10,Male,2023-01-02,1,Reduced,0,1,No IEP,57,0.71
4115,11,Oliver,Walker,2011-11-24,Female,2022-11-28,1,Reduced,0,0,No IEP,31,0.61
4116,11,Kendrick,Young,2010-06-24,Male,2022-11-29,1,Full Price,0,0,No IEP,74,0.73
4117,11,Casey,Allen,2008-12-28,Male,2024-05-14,1,Full Price,0,0,No IEP,82,0.97
4118,11,Harper,Martinez,2016-05-20,Male,2023-02-24,1,Reduced,0,1,No IEP,76,0.82
4119,11,Casey,Hall,2009-06-05,Other,2023-01-14,1,Free,0,0,No IEP,88,0.88
4120,11,Harper,Rodriguez,2019-09-04,Other,2022-09-06,1,Free,1,0,No IEP,67,0.94
4121,11,Harper,Allen,2015-06-19,Female,2023-04-23,1,Free,0,0,No IEP,73,0.74
4122,11,Parker,Johnson,2009-04-28,Other,2023-02-20,1,Full Price,1,0,No IEP,97,0.71
4123,11,Jordan,Young,2020-07-20,Other,2023-12-05,1,Full Price,0,0,No IEP,73,0.81
4124,11,Bailey,Smith,2010-03-11,Other,2023-08-07,1,Free,0,0,No IEP,80,0.92
4125,11,Logan,Allen,2010-06-28,Female,2023-02-26,1,Full Price,0,0,No IEP,91,0.91
4126,11,Jordan,Johnson,2009-06-08,Other,2024-05-15,1,Reduced,0,0,Evaluation Pending,54,0.96
4127,11,Gabriel,Lee,2018-03-03,Female,2023-01-08,1,Reduced,0,0,No IEP,62,0.76
4128,11,Finley,Johnson,2012-06-24,Female,2023-01-05,1,Free,0,0,Current IEP,62,0.82
4129,11,Eden,Hall,2007-12-02,Female,2023-01-07,1,Free,0,0,No IEP,88,0.78
4130,11,Alex,Williams,2011-08-06,Female,2023-06-18,1,Reduced,0,0,No IEP,52,0.74
4131,11,Finley,Brown,2015-04-19,Female,2023-07-12,1,Free,0,0,No IEP,49,0.82
4132,11,Harper,Martinez,2016-11-15,Female,2022-09-14,1,Full Price,0,1,No IEP,62,0.8
4133,11,Kendrick,Walker,2016-03-28,Male,2022-11-14,1,Free,0,0,No IEP,100,0.89
4134,11,Isaiah,Walker,2008-07-26,Other,2023-07-23,1,Full Price,0,1,No IEP,66,0.89
4135,11,Oliver,Jones,2008-04-26,Female,2022-10-08,1,Free,0,1,No IEP,37,0.55
4136,11,Oliver,Jones,2009-02-25,Other,2024-02-12,0,Reduced,0,0,No IEP,68,0.52
4137,11,Casey,Walker,2007-12-08,Male,2023-01-18,0,Free,0,0,No IEP,81,0.92
4138,11,Dakota,Allen,2016-10-10,Male,2023-05-19,1,Full Price,0,0,No IEP,98,0.96
4139,11,Bailey,Brown,2006-07-13,Female,2022-11-18,1,Full Price,0,0,No IEP,78,0.79
4140,11,Logan,Hall,2020-06-18,Female,2023-12-31,1,Free,0,0,No IEP,55,0.93
4141,11,Jordan,Walker,2018-10-27,Other,2023-12-12,1,Full Price,0,0,No IEP,64,0.78
4142,11,Kendrick,White,2019-09-20,Male,2023-03-19,1,Free,0,0,No IEP,41,0.8
4143,11,Kendrick,Allen,2006-04-03,Other,2022-12-14,1,Reduced,1,0,No IEP,38,0.79
4144,11,Bailey,Lee,2014-11-01,Female,2022-12-18,1,Reduced,0,0,No IEP,102,0.91
4145,11,Isaiah,Johnson,2007-03-17,Other,2023-12-17,1,Reduced,0,0,No IEP,41,0.75
4146,11,Bailey,Rodriguez,2018-01-24,Other,2024-04-07,1,Free,0,0,No IEP,79,0.95
4147,11,Kendrick,Hall,2012-07-12,Female,2024-04-20,1,Reduced,1,0,Evaluation Pending,70,0.78
4148,11,Casey,Allen,2012-09-28,Female,2023-10-15,1,Reduced,1,0,Current IEP,96,0.75
4149,11,Morgan,Davis,2016-10-16,Female,2024-01-27,1,Free,0,0,Current IEP,33,0.62
4150,11,Logan,White,2016-05-27,Other,2024-01-21,1,Free,0,0,No IEP,75,0.89
4151,11,Dakota,Davis,2011-05-18,Male,2024-02-05,1,Free,0,0,No IEP,88,0.91
4152,11,Casey,Young,2014-09-10,Female,2024-03-26,1,Full Price,0,0,No IEP,47,0.56
4153,11,Kendrick,Miller,2014-12-14,Male,2023-06-24,1,Reduced,0,0,No IEP,64,0.89
4154,11,Parker,Smith,2015-05-13,Male,2022-10-24,1,Free,0,0,No IEP,90,0.93
4155,11,Isaiah,Williams,2012-07-28,Female,2022-12-25,1,Free,0,0,No IEP,63,0.95
4156,11,Harper,Williams,2013-12-14,Male,2022-07-04,1,Reduced,0,0,No IEP,63,0.84
4157,11,Morgan,Young,2017-10-12,Male,2023-02-18,1,Full Price,0,0,Current IEP,76,0.91
4158,11,Parker,Hall,2016-10-15,Male,2023-06-14,1,Free,1,0,No IEP,42,0.77
4159,11,Eden,Martinez,2016-11-04,Other,2022-12-06,1,Reduced,0,0,No IEP,72,0.81
4160,11,Morgan,Smith,2020-02-12,Other,2022-12-05,1,Reduced,0,1,No IEP,106,0.92
4161,11,Kendrick,Jones,2007-02-20,Male,2022-11-25,1,Free,0,0,No IEP,104,0.53
4162,11,Noah,Allen,2012-05-23,Male,2023-12-22,1,Free,0,0,No IEP,89,0.91
4163,11,Dakota,Jones,2011-02-11,Female,2022-11-20,1,Free,0,0,No IEP,85,0.77
4164,11,Parker,Hall,2010-08-27,Other,2022-09-01,1,Free,0,0,No IEP,75,0.96
4165,11,Casey,White,2009-01-08,Male,2024-04-21,1,Reduced,0,0,No IEP,80,0.94
4166,11,Parker,Rodriguez,2019-03-05,Female,2022-09-22,1,Reduced,0,0,No IEP,35,0.74
4167,11,Isaiah,Johnson,2017-02-20,Male,2024-01-26,1,Reduced,0,0,No IEP,59,0.74
4168,11,Isaiah,Williams,2008-05-12,Male,2022-11-05,1,Full Price,0,0,No IEP,82,0.7
4169,11,Noah,Rodriguez,2016-08-11,Other,2022-08-21,1,Reduced,0,0,No IEP,101,0.98
4170,11,Logan,White,2006-05-18,Female,2023-11-13,1,Reduced,0,1,No IEP,84,0.88
4171,11,Finley,Young,2017-01-17,Other,2022-11-30,1,Free,0,1,No IEP,85,0.9
4172,11,Jordan,Williams,2006-08-24,Other,2023-12-16,1,Full Price,1,1,No IEP,52,0.76
4173,11,Jordan,Johnson,2020-02-08,Other,2023-05-01,1,Free,0,0,No IEP,58,0.92
4174,11,Isaiah,Garcia,2015-01-17,Female,2023-02-19,1,Free,1,0,No IEP,60,0.92
4175,11,Gabriel,Lee,2020-07-22,Other,2023-07-19,1,Free,0,0,No IEP,56,0.94
4176,11,Noah,Hall,2006-02-28,Male,2023-08-16,1,Reduced,0,0,No IEP,85,0.9
4177,11,Alex,Johnson,2014-02-04,Male,2023-08-18,1,Reduced,0,0,No IEP,57,0.75
4178,11,Parker,White,2020-10-27,Other,2022-10-30,1,Reduced,0,0,No IEP,93,0.88
4179,11,Harper,Hall,2013-11-04,Female,2022-08-17,1,Free,0,0,No IEP,73,0.95
4180,11,Harper,Garcia,2018-06-23,Female,2024-02-24,1,Free,0,0,Current IEP,62,0.77
4181,11,Dakota,White,2014-05-26,Male,2023-09-13,1,Free,0,0,No IEP,53,0.91
4182,11,Logan,Allen,2009-01-11,Male,2023-10-10,1,Free,0,1,No IEP,93,0.97
4183,11,Parker,White,2013-09-04,Male,2023-02-26,1,Reduced,1,0,No IEP,91,0.89
4184,11,Morgan,Miller,2014-01-15,Male,2023-11-09,1,Reduced,0,0,No IEP,89,0.92
4185,11,Morgan,Johnson,2016-08-19,Male,2023-10-16,1,Reduced,0,0,No IEP,38,0.64
4186,11,Gabriel,Jones,2008-07-14,Other,2023-12-14,1,Reduced,0,0,Current IEP,102,0.91
4187,11,Jordan,Young,2006-02-24,Female,2023-11-20,1,Reduced,0,0,No IEP,81,0.95
4188,11,Kendrick,Lee,2016-01-22,Female,2023-03-15,1,Free,0,0,No IEP,58,0.98
4189,11,Kendrick,Williams,2016-05-25,Other,2023-04-28,1,Free,0,0,No IEP,76,0.65
4190,11,Casey,White,2006-07-15,Other,2023-06-27,1,Full Price,1,0,No IEP,76,0.89
4191,11,Kendrick,Williams,2018-06-15,Male,2023-01-10,1,Free,0,1,No IEP,99,0.96
4192,11,Gabriel,Hall,2015-03-12,Female,2024-04-27,1,Free,0,1,No IEP,56,0.9
4193,11,Noah,Martinez,2020-04-22,Other,2024-03-30,1,Reduced,0,0,No IEP,31,0.82
4194,11,Parker,Brown,2010-04-05,Other,2023-02-04,1,Full Price,0,0,Evaluation Pending,75,0.96
4195,11,Gabriel,Johnson,2016-06-02,Female,2022-12-13,1,Free,1,0,No IEP,90,0.92
4196,11,Kendrick,White,2018-05-05,Other,2024-04-09,1,Full Price,1,0,No IEP,16,0.64
4197,11,Harper,Young,2015-01-16,Male,2023-03-20,1,Free,0,0,No IEP,68,0.9
4198,11,Eden,White,2010-01-23,Other,2022-07-29,1,Free,1,0,No IEP,70,0.81
4199,11,Oliver,Young,2006-02-14,Male,2023-07-31,1,Free,0,0,Current IEP,94,0.78
4200,11,Parker,Lee,2015-03-06,Female,2022-12-27,1,Free,0,0,No IEP,81,0.97
4201,11,Jordan,Walker,2018-01-24,Other,2023-11-29,1,Reduced,1,0,No IEP,79,0.97
4202,11,Dakota,Rodriguez,2014-04-17,Other,2023-03-11,1,Free,0,0,No IEP,60,0.72
4203,11,Bailey,Walker,2014-08-16,Other,2023-06-18,1,Full Price,0,0,No IEP,31,0.52
4204,11,Isaiah,Lee,2016-03-25,Other,2023-06-20,1,Reduced,0,0,No IEP,67,0.9
4205,11,Alex,White,2010-04-07,Other,2022-12-31,1,Free,0,0,No IEP,86,0.95
4206,11,Dakota,Miller,2016-06-10,Female,2023-05-25,1,Reduced,0,0,No IEP,28,0.78
4207,11,Kendrick,Hall,2020-11-21,Other,2023-06-09,1,Reduced,0,0,No IEP,93,0.95
4208,11,Eden,Young,2015-08-11,Female,2022-09-10,1,Full Price,0,0,Evaluation Pending,81,0.93
4209,11,Jordan,Martinez,2014-08-19,Male,2022-08-15,1,Reduced,1,0,Current IEP,44,0.56
4210,11,Gabriel,Garcia,2012-10-12,Female,2022-12-07,1,Full Price,0,0,No IEP,78,0.72
4211,11,Dakota,Smith,2019-08-09,Male,2022-09-18,1,Reduced,1,0,No IEP,52,0.92
4212,11,Jordan,Young,2009-05-13,Male,2024-03-10,1,Reduced,0,0,No IEP,40,0.79
4213,11,Parker,Smith,2012-07-02,Other,2023-09-19,1,Free,0,0,Current IEP,96,0.89
4214,11,Parker,Davis,2015-02-09,Female,2022-12-06,1,Reduced,0,0,No IEP,77,0.89
4215,11,Jordan,Davis,2009-10-03,Other,2023-05-17,1,Free,0,0,Current IEP,45,0.9
4216,11,Parker,White,2008-11-23,Other,2022-12-17,1,Reduced,0,0,No IEP,50,0.82
4217,11,Finley,Williams,2015-10-14,Other,2024-04-10,1,Reduced,0,0,No IEP,62,0.58
4218,11,Oliver,Young,2007-01-25,Female,2022-09-22,1,Free,0,0,No IEP,71,0.96
4219,11,Logan,Smith,2013-06-14,Other,2022-08-21,1,Reduced,0,0,No IEP,82,0.97
4220,11,Finley,Rodriguez,2010-03-23,Male,2023-08-24,1,Full Price,1,0,No IEP,62,0.84
4221,11,Isaiah,Martinez,2014-02-09,Female,2023-07-31,1,Free,0,0,No IEP,59,0.73
4222,11,Eden,Walker,2017-08-06,Female,2023-08-09,1,Free,0,0,No IEP,59,0.91
4223,11,Isaiah,Jones,2010-12-08,Other,2024-05-04,1,Free,0,0,No IEP,80,0.76
4224,11,Morgan,Williams,2020-11-05,Male,2023-05-16,1,Full Price,0,0,No IEP,20,0.66
4225,11,Finley,Walker,2012-04-15,Other,2023-04-29,1,Free,0,1,No IEP,49,0.94
4226,11,Harper,Davis,2018-11-23,Male,2022-07-09,1,Reduced,0,0,No IEP,91,0.96
4227,11,Noah,Johnson,2020-02-02,Other,2022-10-15,1,Reduced,0,0,No IEP,37,0.93
4228,11,Logan,Brown,2016-10-13,Other,2024-03-04,1,Free,0,0,Current IEP,89,0.9
4229,11,Isaiah,Davis,2019-09-05,Other,2024-01-29,1,Reduced,0,0,No IEP,6,0.82
4230,11,Morgan,Allen,2011-06-23,Female,2023-09-21,1,Free,0,0,No IEP,71,0.96
4231,11,Isaiah,Garcia,2006-03-17,Female,2022-08-26,1,Free,0,0,No IEP,63,0.91
4232,11,Jordan,Walker,2006-08-23,Male,2023-04-23,1,Free,0,0,No IEP,93,0.91
4233,11,Oliver,Davis,2017-08-27,Female,2022-07-26,1,Reduced,0,0,No IEP,79,0.93
4234,11,Noah,Johnson,2008-05-17,Other,2023-08-05,1,Free,1,0,No IEP,54,0.89
4235,11,Casey,Davis,2010-05-20,Other,2022-10-10,1,Free,0,0,No IEP,68,0.98
4236,11,Parker,Davis,2006-12-25,Female,2022-08-07,1,Reduced,0,0,No IEP,41,0.62
4237,11,Finley,Lee,2006-04-09,Male,2024-02-16,1,Free,0,1,No IEP,76,0.73
4238,11,Logan,Allen,2008-02-04,Male,2024-02-24,1,Reduced,0,1,No IEP,81,0.56
4239,11,Morgan,Brown,2012-03-15,Female,2023-10-16,1,Full Price,0,0,No IEP,45,0.84
4240,11,Noah,Jones,2019-01-14,Female,2024-02-04,1,Free,0,0,No IEP,9,0.71
4241,11,Harper,Williams,2017-01-04,Male,2023-02-18,1,Reduced,1,1,Evaluation Pending,51,0.81
4242,11,Harper,Jones,2011-03-21,Male,2022-10-04,1,Full Price,0,0,No IEP,67,0.89
4243,11,Kendrick,Young,2007-09-25,Other,2023-01-21,1,Free,0,0,No IEP,70,0.8
4244,11,Logan,Hall,2006-10-16,Other,2023-08-13,1,Full Price,1,0,No IEP,95,0.89
4245,11,Gabriel,Rodriguez,2007-06-21,Other,2024-03-06,1,Full Price,0,0,Evaluation Pending,64,0.92
4246,11,Jordan,Miller,2010-10-23,Male,2024-03-16,1,Free,0,0,No IEP,52,0.95
4247,11,Noah,White,2010-09-05,Male,2023-02-27,1,Full Price,0,0,No IEP,65,0.91
4248,11,Harper,Garcia,2017-03-18,Male,2023-12-25,1,Free,1,0,No IEP,77,0.88
4249,11,Logan,Jones,2006-03-24,Other,2024-01-11,1,Reduced,1,0,No IEP,73,0.81
4250,11,Dakota,Young,2018-11-07,Male,2023-12-20,1,Reduced,0,0,No IEP,80,0.92
4251,11,Logan,Martinez,2020-10-18,Female,2024-05-10,1,Free,0,0,No IEP,86,0.92
4252,11,Casey,Davis,2007-04-28,Female,2024-04-09,1,Reduced,0,0,No IEP,79,0.94
4253,11,Morgan,Miller,2019-03-20,Male,2022-11-21,0,Free,0,1,No IEP,50,0.85
4254,11,Morgan,Williams,2014-05-05,Male,2022-08-21,1,Free,0,0,No IEP,109,0.94
4255,11,Dakota,Lee,2016-03-05,Male,2022-12-11,1,Reduced,0,0,No IEP,89,0.98
4256,11,Logan,Davis,2011-03-27,Female,2022-08-14,1,Full Price,0,0,No IEP,92,0.98
4257,11,Kendrick,Garcia,2011-09-18,Other,2023-01-27,1,Free,1,1,Current IEP,64,0.73
4258,11,Harper,Rodriguez,2008-12-22,Female,2023-08-23,1,Free,0,0,No IEP,55,0.98
4259,11,Logan,Lee,2016-07-22,Male,2023-07-01,1,Full Price,0,0,No IEP,79,0.96
4260,11,Gabriel,Rodriguez,2010-07-19,Other,2024-01-27,1,Full Price,0,0,Evaluation Pending,76,0.97
4261,11,Dakota,Lee,2012-12-21,Other,2023-06-10,1,Reduced,0,1,No IEP,72,0.92
4262,11,Dakota,Smith,2020-07-15,Other,2022-12-25,1,Free,0,0,No IEP,90,0.83
4263,11,Kendrick,Hall,2011-06-18,Other,2023-03-16,1,Full Price,0,1,No IEP,22,0.69
4264,11,Gabriel,Smith,2016-08-01,Other,2023-09-25,1,Reduced,0,0,No IEP,65,0.74
4265,11,Kendrick,Allen,2016-01-17,Other,2023-11-17,1,Full Price,0,0,No IEP,54,0.79
4266,11,Bailey,Williams,2012-07-25,Other,2023-06-11,1,Free,0,1,No IEP,57,0.92
4267,11,Isaiah,Rodriguez,2006-10-19,Other,2024-01-02,1,Reduced,0,0,No IEP,50,0.96
4268,11,Harper,Johnson,2007-06-26,Other,2023-02-17,1,Full Price,0,0,No IEP,69,0.9
4269,11,Kendrick,Hall,2020-09-27,Male,2023-11-22,1,Reduced,0,0,No IEP,96,0.74
4270,11,Dakota,Rodriguez,2009-09-03,Female,2022-12-13,1,Full Price,0,0,No IEP,60,0.96
4271,11,Casey,Rodriguez,2014-04-04,Female,2022-09-30,1,Free,0,1,Current IEP,36,0.77
4272,11,Morgan,Williams,2007-09-08,Male,2022-08-12,1,Reduced,0,0,No IEP,82,0.96
4273,11,Eden,Allen,2019-11-21,Other,2022-10-28,1,Free,0,0,Current IEP,79,0.9
4274,11,Gabriel,Martinez,2018-06-07,Other,2024-02-07,1,Free,1,0,No IEP,91,0.89
4275,11,Eden,Young,2020-01-07,Female,2022-09-18,1,Free,0,0,No IEP,91,0.9
4276,11,Logan,Lee,2010-09-13,Female,2023-10-22,1,Free,0,0,No IEP,60,0.98
4277,11,Harper,Walker,2018-08-25,Female,2023-10-26,1,Free,0,0,Evaluation Pending,33,0.52
4278,11,Harper,Smith,2006-01-05,Male,2022-12-03,1,Free,0,0,No IEP,32,0.53
4279,11,Casey,Young,2017-01-25,Female,2023-07-03,1,Free,1,0,Evaluation Pending,70,0.93
4280,11,Isaiah,Miller,2018-05-21,Male,2022-09-22,1,Reduced,0,0,No IEP,56,0.94
4281,11,Isaiah,Martinez,2015-07-11,Male,2024-03-03,1,Full Price,0,0,No IEP,70,0.89
4282,11,Alex,Miller,2010-06-06,Female,2023-10-19,1,Reduced,1,0,No IEP,20,0.73
4283,11,Finley,Brown,2017-02-14,Male,2022-10-14,1,Free,1,0,No IEP,58,0.93
4284,11,Dakota,White,2011-11-14,Other,2023-09-10,1,Free,0,1,No IEP,33,0.64
4285,11,Parker,Lee,2007-09-14,Female,2024-02-18,1,Reduced,0,0,No IEP,30,0.69
4286,11,Dakota,Davis,2018-10-07,Male,2024-04-01,1,Free,1,0,No IEP,51,0.76
4287,11,Dakota,Jones,2010-05-25,Male,2022-08-08,1,Reduced,0,0,No IEP,69,0.66
4288,11,Jordan,Smith,2016-01-04,Other,2023-03-24,1,Full Price,1,0,No IEP,58,0.8
4289,11,Casey,Walker,2016-08-10,Male,2023-08-24,1,Reduced,0,0,No IEP,62,0.53
4290,11,Noah,Young,2009-11-06,Female,2022-08-21,1,Free,0,0,No IEP,11,0.58
4291,11,Eden,Smith,2015-07-13,Other,2023-12-01,0,Reduced,0,0,No IEP,61,0.66
4292,11,Dakota,Lee,2010-08-13,Male,2023-08-19,1,Full Price,1,0,Current IEP,87,0.79
4293,11,Finley,Walker,2008-12-07,Male,2022-07-01,1,Free,0,0,No IEP,70,0.9
4294,11,Parker,Williams,2013-05-23,Other,2024-05-12,1,Full Price,0,0,Current IEP,41,0.54
4295,11,Harper,Miller,2011-11-24,Female,2023-02-19,1,Free,0,0,No IEP,59,0.57
4296,11,Noah,Miller,2020-11-23,Female,2023-11-10,1,Reduced,0,0,No IEP,58,0.93
4297,11,Jordan,Smith,2014-04-23,Female,2023-08-15,0,Reduced,0,0,No IEP,75,0.93
4298,11,Alex,White,2006-04-07,Other,2023-04-22,1,Full Price,0,0,No IEP,38,0.92
4299,11,Gabriel,Davis,2015-11-11,Female,2023-07-18,1,Reduced,0,0,No IEP,81,0.69
4300,11,Isaiah,Lee,2008-04-01,Male,2023-05-30,1,Free,0,0,No IEP,77,0.73
4301,11,Noah,Hall,2014-06-28,Other,2023-02-05,1,Reduced,0,0,No IEP,73,0.84
4302,11,Oliver,Martinez,2006-04-10,Female,2022-09-14,1,Free,0,1,No IEP,67,0.73
4303,11,Isaiah,Hall,2007-12-03,Female,2024-04-15,1,Free,0,0,No IEP,57,0.95
4304,11,Eden,Garcia,2007-07-11,Female,2024-05-22,1,Full Price,0,0,No IEP,66,0.78
4305,11,Logan,Garcia,2017-04-25,Male,2022-09-09,1,Free,1,0,No IEP,93,0.89
4306,11,Casey,Allen,2008-05-22,Other,2023-10-24,1,Full Price,0,0,No IEP,93,0.91
4307,11,Kendrick,Martinez,2009-02-05,Other,2024-01-24,0,Full Price,0,0,No IEP,53,0.88
4308,11,Kendrick,Young,2016-06-26,Male,2023-07-02,1,Free,1,0,No IEP,40,0.62
4309,11,Gabriel,Smith,2012-08-24,Male,2024-05-08,1,Free,0,0,No IEP,67,0.7
4310,11,Logan,Allen,2008-09-09,Male,2024-03-15,1,Reduced,1,0,No IEP,52,0.55
4311,11,Eden,Johnson,2013-03-18,Other,2023-06-16,1,Free,0,0,No IEP,69,0.79
4312,11,Isaiah,Young,2013-10-26,Female,2023-06-23,1,Free,0,0,No IEP,66,0.94
4313,11,Morgan,Allen,2013-01-14,Female,2023-04-13,1,Reduced,0,0,No IEP,71,0.97
4314,11,Eden,Williams,2007-10-05,Other,2023-09-24,1,Full Price,0,1,No IEP,68,0.82
4315,11,Oliver,White,2010-05-08,Female,2022-11-27,1,Free,0,1,No IEP,64,0.8
4316,11,Finley,Brown,2012-04-18,Other,2023-10-12,1,Reduced,1,0,No IEP,98,0.53
4317,11,Morgan,Williams,2010-07-27,Male,2022-12-14,1,Full Price,0,0,No IEP,59,0.93
4318,11,Casey,Lee,2020-09-04,Male,2022-11-07,1,Reduced,0,0,No IEP,69,0.81
4319,11,Bailey,Miller,2009-04-06,Other,2022-09-25,1,Full Price,0,0,No IEP,66,0.93
4320,11,Dakota,Davis,2020-10-01,Other,2022-07-10,1,Full Price,1,0,No IEP,81,0.81
4321,11,Bailey,Hall,2006-06-15,Male,2024-01-23,1,Full Price,0,0,No IEP,98,0.9
4322,11,Kendrick,Williams,2015-07-17,Female,2022-12-01,0,Free,0,0,Evaluation Pending,38,0.97
4323,11,Kendrick,Martinez,2007-11-09,Other,2024-05-02,0,Free,0,0,No IEP,63,0.89
4324,11,Eden,Allen,2012-01-04,Other,2022-12-16,1,Reduced,1,0,No IEP,23,0.77
4325,11,Casey,Rodriguez,2007-10-10,Female,2023-08-01,1,Free,0,0,No IEP,50,0.84
4326,11,Morgan,Lee,2010-05-12,Other,2022-08-23,1,Full Price,0,0,No IEP,84,0.94
4327,11,Casey,Rodriguez,2009-09-19,Female,2023-05-14,1,Full Price,1,1,No IEP,21,0.83
4328,11,Parker,Smith,2007-10-04,Male,2023-02-18,1,Full Price,0,0,No IEP,19,0.95
4329,11,Kendrick,Lee,2013-07-18,Male,2023-10-29,1,Reduced,0,1,No IEP,85,0.76
4330,11,Jordan,Hall,2020-08-25,Other,2024-04-28,1,Free,0,0,No IEP,47,0.54
4331,11,Eden,Walker,2017-06-23,Male,2022-10-22,1,Reduced,0,1,No IEP,54,0.91
4332,11,Isaiah,Walker,2018-12-04,Male,2023-09-06,0,Free,0,0,No IEP,81,0.89
4333,11,Gabriel,Garcia,2008-12-04,Female,2022-12-10,1,Reduced,0,0,No IEP,64,0.93
4334,11,Kendrick,Johnson,2008-05-22,Female,2023-09-09,1,Full Price,0,0,No IEP,104,0.9
4335,11,Kendrick,Miller,2013-03-14,Female,2022-07-08,1,Free,0,0,No IEP,84,0.89
4336,11,Harper,Lee,2017-08-17,Female,2024-02-20,1,Free,0,0,No IEP,64,0.91
4337,11,Parker,Jones,2007-01-20,Female,2023-11-13,1,Free,0,0,No IEP,90,0.65
4338,11,Isaiah,Hall,2011-08-14,Male,2022-08-14,1,Free,0,0,No IEP,44,0.85
4339,11,Logan,Jones,2006-11-08,Other,2023-03-08,1,Free,0,0,No IEP,74,0.95
4340,11,Casey,Smith,2016-04-11,Female,2023-07-15,1,Free,0,0,No IEP,64,0.94
4341,11,Gabriel,Williams,2010-04-21,Male,2022-09-16,1,Full Price,1,0,No IEP,46,0.97
4342,11,Parker,Williams,2019-08-21,Female,2023-02-01,1,Free,0,0,No IEP,43,0.75
4343,11,Gabriel,Young,2015-12-26,Female,2024-01-27,1,Full Price,0,0,No IEP,46,0.64
4344,11,Dakota,Smith,2019-07-16,Female,2023-06-03,1,Reduced,0,0,No IEP,65,0.91
4345,11,Finley,Brown,2008-03-11,Other,2023-06-24,1,Free,1,0,No IEP,70,0.94
4346,11,Isaiah,Rodriguez,2008-12-15,Other,2023-03-17,1,Free,0,1,No IEP,70,0.89
4347,11,Finley,Johnson,2012-06-01,Male,2024-04-13,1,Full Price,1,0,No IEP,52,0.73
4348,11,Alex,Allen,2010-07-17,Male,2023-03-13,1,Full Price,0,0,No IEP,88,0.68
4349,11,Finley,Brown,2012-11-05,Male,2023-08-13,1,Full Price,1,1,No IEP,76,0.96
4350,11,Bailey,Williams,2016-10-06,Male,2023-10-07,1,Full Price,0,0,No IEP,87,0.95
4351,11,Eden,Smith,2019-06-28,Male,2022-08-02,1,Full Price,0,0,No IEP,80,0.88
4352,11,Isaiah,Rodriguez,2007-06-24,Male,2023-12-17,1,Reduced,0,1,No IEP,67,0.74
4353,11,Jordan,Jones,2014-09-23,Other,2023-10-05,1,Full Price,0,0,No IEP,15,0.57
4354,11,Logan,Davis,2019-12-27,Female,2023-03-08,1,Free,0,0,No IEP,70,0.93
4355,11,Harper,Lee,2014-05-19,Female,2022-10-27,1,Reduced,0,0,No IEP,64,0.62
4356,11,Gabriel,Walker,2020-05-23,Male,2023-01-11,1,Reduced,1,0,No IEP,76,0.93
4357,11,Noah,Allen,2020-10-10,Male,2022-08-15,1,Free,0,0,No IEP,67,0.89
4358,11,Alex,Davis,2011-06-03,Other,2023-02-02,1,Free,0,0,No IEP,44,0.54
4359,11,Alex,Smith,2018-07-11,Female,2024-05-06,1,Free,0,0,No IEP,11,0.78
4360,11,Dakota,Hall,2015-08-08,Male,2023-02-16,1,Reduced,0,0,No IEP,43,0.72
4361,11,Oliver,Williams,2010-06-08,Female,2023-09-07,1,Reduced,0,0,No IEP,54,0.7
4362,11,Kendrick,Rodriguez,2011-08-26,Male,2022-07-26,1,Free,1,0,No IEP,109,0.78
4363,11,Dakota,Miller,2011-03-06,Female,2023-12-29,1,Reduced,0,0,Evaluation Pending,73,0.91
4364,11,Eden,Hall,2007-03-07,Male,2024-03-25,1,Reduced,0,0,No IEP,35,0.78
4365,11,Isaiah,Young,2017-01-09,Other,2022-12-26,1,Reduced,0,0,No IEP,71,0.81
4366,11,Alex,Williams,2007-10-03,Female,2023-08-06,1,Free,0,0,No IEP,29,0.91
4367,11,Bailey,Garcia,2006-07-17,Male,2023-03-27,1,Full Price,1,0,No IEP,50,0.95
4368,11,Logan,Johnson,2011-12-28,Female,2023-11-10,1,Full Price,0,0,No IEP,61,0.97
4369,11,Jordan,Johnson,2015-11-08,Female,2023-03-25,1,Full Price,0,1,No IEP,30,0.76
4370,11,Casey,Rodriguez,2017-07-27,Female,2022-11-26,0,Full Price,0,0,No IEP,75,0.55
4371,11,Jordan,Young,2020-07-17,Other,2023-02-17,1,Reduced,0,0,No IEP,62,0.95
4372,11,Alex,Garcia,2014-06-26,Male,2023-03-20,1,Free,0,0,No IEP,73,0.71
4373,11,Alex,Smith,2009-07-15,Male,2024-01-22,1,Reduced,0,0,No IEP,50,0.57
4374,11,Eden,Brown,2019-08-14,Other,2023-09-04,1,Reduced,0,0,No IEP,43,0.85
4375,11,Isaiah,Walker,2020-06-10,Male,2022-09-15,1,Reduced,1,0,No IEP,78,0.92
4376,11,Oliver,Garcia,2009-07-15,Female,2022-08-19,1,Full Price,0,0,No IEP,80,0.89
4377,11,Isaiah,Allen,2013-04-12,Other,2023-04-08,1,Free,0,0,No IEP,105,0.95
4378,11,Finley,Allen,2015-09-18,Other,2022-11-02,1,Reduced,1,0,No IEP,55,0.96
4379,11,Alex,Martinez,2012-02-11,Male,2023-06-19,1,Full Price,1,0,No IEP,88,0.94
4380,11,Harper,Walker,2020-08-10,Female,2022-12-15,1,Reduced,0,0,No IEP,109,0.9
4381,11,Isaiah,Allen,2018-06-15,Male,2023-06-08,1,Reduced,0,0,No IEP,70,0.81
4382,11,Casey,Allen,2014-10-20,Other,2023-09-01,1,Reduced,0,0,No IEP,45,0.62
4383,11,Logan,Smith,2018-05-22,Male,2024-04-25,1,Reduced,0,0,No IEP,50,0.94
4384,11,Isaiah,Allen,2017-11-11,Other,2023-07-24,1,Free,0,0,No IEP,84,0.69
4385,11,Kendrick,Davis,2020-10-03,Male,2023-12-02,1,Full Price,0,0,No IEP,20,0.75
4386,11,Finley,Miller,2009-02-03,Male,2023-02-20,1,Free,0,0,No IEP,61,0.92
4387,11,Oliver,Martinez,2006-02-09,Male,2022-12-18,1,Free,0,0,No IEP,93,0.97
4388,11,Alex,Smith,2016-11-14,Female,2023-03-14,1,Free,0,0,No IEP,60,0.88
4389,11,Alex,Davis,2017-03-10,Female,2023-01-16,1,Reduced,1,0,No IEP,65,0.9
4390,11,Harper,Lee,2010-01-05,Other,2023-04-09,1,Reduced,1,0,No IEP,83,0.79
4391,11,Noah,Williams,2013-08-21,Male,2023-03-03,1,Reduced,0,0,No IEP,95,0.92
4392,11,Noah,White,2015-01-04,Male,2024-03-06,1,Reduced,0,0,No IEP,90,0.9
4393,11,Kendrick,Garcia,2012-12-06,Male,2022-07-11,1,Reduced,0,0,No IEP,75,0.97
4394,11,Eden,Martinez,2019-07-05,Other,2024-03-31,1,Full Price,0,0,No IEP,69,0.83
4395,11,Morgan,Brown,2007-03-14,Other,2024-03-15,1,Free,1,0,No IEP,109,0.89
4396,11,Morgan,Rodriguez,2020-05-11,Other,2024-05-21,1,Reduced,0,0,No IEP,13,0.67
4397,11,Noah,Garcia,2013-04-03,Other,2022-09-29,1,Full Price,0,0,No IEP,61,0.92
4398,11,Isaiah,Allen,2018-01-14,Male,2023-11-27,1,Reduced,0,0,No IEP,86,0.92
4399,11,Noah,Martinez,2010-07-13,Female,2023-10-24,1,Reduced,0,0,No IEP,70,0.72
4400,11,Dakota,Walker,2013-08-09,Other,2023-06-29,1,Full Price,0,0,No IEP,83,0.84
4401,11,Oliver,Martinez,2020-11-25,Male,2023-10-15,1,Full Price,0,0,No IEP,106,0.71
4402,11,Logan,Davis,2013-12-09,Female,2023-12-04,1,Reduced,0,0,No IEP,57,0.82
4403,11,Oliver,Garcia,2006-07-16,Other,2024-02-21,1,Reduced,0,0,No IEP,80,0.93
4404,11,Casey,Rodriguez,2013-01-13,Male,2023-12-08,0,Full Price,0,0,Current IEP,37,0.8
4405,11,Bailey,Smith,2016-10-27,Other,2022-11-04,1,Reduced,0,1,No IEP,68,0.77
4406,11,Casey,Miller,2020-10-02,Male,2023-09-19,1,Free,1,0,No IEP,43,0.79
4407,11,Jordan,Young,2008-07-20,Other,2023-04-02,1,Reduced,1,0,Evaluation Pending,75,0.89
4408,11,Casey,Davis,2007-10-22,Male,2022-10-11,1,Reduced,0,0,No IEP,69,0.91
4409,11,Alex,White,2013-11-25,Other,2024-01-15,1,Reduced,0,0,No IEP,96,0.98
4410,11,Casey,Johnson,2013-12-13,Male,2023-04-07,1,Reduced,0,0,No IEP,63,0.82
4411,11,Kendrick,Allen,2013-05-05,Female,2023-04-27,1,Free,0,0,Current IEP,31,0.81
4412,11,Kendrick,Lee,2015-02-09,Female,2024-02-03,1,Full Price,0,1,No IEP,51,0.9
4413,11,Eden,Allen,2016-09-12,Male,2023-10-15,0,Full Price,0,0,No IEP,61,0.83
4414,11,Morgan,Allen,2017-12-09,Other,2023-08-18,1,Free,0,1,No IEP,76,0.91
4415,11,Bailey,White,2009-11-04,Other,2023-09-12,1,Full Price,0,0,No IEP,34,0.8
4416,11,Dakota,Walker,2014-10-22,Female,2023-06-17,1,Free,0,0,Evaluation Pending,38,0.72
4417,11,Eden,Young,2009-03-24,Female,2024-01-31,0,Free,0,0,No IEP,75,0.96
4418,11,Oliver,Brown,2018-04-15,Other,2023-02-26,1,Reduced,0,0,Current IEP,82,0.84
4419,11,Parker,Young,2009-10-03,Male,2022-06-25,1,Full Price,0,0,No IEP,84,0.98
4420,11,Logan,Young,2012-07-15,Other,2024-03-07,1,Free,0,0,No IEP,66,0.92
4421,11,Noah,Miller,2014-03-05,Female,2023-12-29,1,Full Price,0,0,No IEP,89,0.79
4422,11,Isaiah,Young,2016-10-20,Other,2023-05-24,1,Full Price,0,0,No IEP,83,0.91
4423,11,Bailey,Allen,2018-06-11,Other,2023-02-25,0,Free,1,0,Current IEP,84,0.74
4424,11,Harper,Allen,2011-02-14,Female,2024-02-29,1,Free,0,0,No IEP,96,0.93
4425,11,Finley,Martinez,2017-03-23,Other,2024-01-10,1,Full Price,0,0,No IEP,31,0.97
4426,11,Jordan,Garcia,2017-03-16,Female,2024-04-20,1,Free,0,0,Current IEP,60,0.88
4427,12,Eden,Hall,2010-03-16,Female,2023-08-18,1,Free,0,0,No IEP,42,0.59
4428,12,Eden,Johnson,2009-06-27,Male,2024-02-09,1,Full Price,0,0,No IEP,60,0.77
4429,12,Parker,Davis,2020-02-27,Other,2023-02-12,1,Reduced,0,0,No IEP,54,0.95
4430,12,Oliver,Allen,2018-04-28,Female,2023-03-26,1,Full Price,0,0,No IEP,83,0.96
4431,12,Logan,Allen,2018-08-14,Other,2024-01-11,1,Full Price,0,0,No IEP,40,0.96
4432,12,Oliver,Johnson,2008-04-10,Female,2023-09-18,1,Reduced,1,0,Current IEP,52,0.97
4433,12,Morgan,Miller,2009-09-27,Other,2022-12-28,0,Free,0,0,No IEP,93,0.75
4434,12,Bailey,Smith,2012-11-24,Female,2023-01-12,1,Free,1,0,Current IEP,66,0.92
4435,12,Isaiah,Garcia,2014-09-27,Female,2023-08-25,1,Reduced,0,0,No IEP,21,0.74
4436,12,Noah,Davis,2011-07-17,Other,2022-11-21,1,Free,0,0,No IEP,64,0.95
4437,12,Finley,Hall,2007-07-09,Male,2023-03-02,1,Full Price,0,0,No IEP,24,0.72
4438,12,Kendrick,Brown,2013-12-24,Female,2023-03-10,1,Reduced,0,0,No IEP,42,0.58
4439,12,Dakota,Williams,2018-10-03,Other,2023-10-07,1,Full Price,0,0,No IEP,43,0.64
4440,12,Casey,Miller,2010-05-18,Male,2023-05-29,1,Reduced,1,0,Current IEP,50,0.82
4441,12,Morgan,Davis,2013-10-16,Male,2022-11-05,1,Free,0,0,No IEP,83,0.78
4442,12,Gabriel,Garcia,2017-10-23,Female,2023-12-05,1,Full Price,0,0,Current IEP,77,0.79
4443,12,Oliver,Davis,2009-09-03,Female,2024-02-18,1,Free,0,0,No IEP,68,0.92
4444,12,Parker,Brown,2007-05-23,Male,2022-10-31,1,Reduced,0,1,No IEP,80,0.9
4445,12,Isaiah,Martinez,2015-04-10,Other,2023-02-17,1,Full Price,1,0,No IEP,58,0.95
4446,12,Jordan,Garcia,2014-11-21,Other,2022-08-19,1,Free,0,0,No IEP,70,0.77
4447,12,Kendrick,Smith,2020-04-12,Female,2023-10-16,1,Free,0,0,Current IEP,72,0.77
4448,12,Oliver,Rodriguez,2019-02-20,Other,2022-07-29,1,Reduced,0,0,No IEP,93,0.77
4449,12,Morgan,Young,2017-01-05,Other,2022-12-01,1,Reduced,0,0,No IEP,47,0.8
4450,12,Logan,Hall,2006-05-24,Male,2023-11-06,1,Full Price,1,1,No IEP,64,0.73
4451,12,Harper,Johnson,2008-09-22,Female,2023-12-03,1,Reduced,0,0,No IEP,98,0.88
4452,12,Gabriel,Lee,2008-08-20,Other,2023-11-07,1,Reduced,0,0,No IEP,31,0.54
4453,12,Eden,Brown,2020-12-09,Female,2023-04-13,1,Free,0,0,No IEP,69,0.82
4454,12,Logan,Martinez,2014-03-04,Male,2023-10-27,1,Reduced,0,0,No IEP,80,0.83
4455,12,Alex,Jones,2015-10-02,Male,2023-01-14,1,Full Price,0,0,Evaluation Pending,98,0.98
4456,12,Parker,Smith,2006-06-22,Female,2023-02-10,1,Reduced,0,0,No IEP,72,0.78
4457,12,Alex,Miller,2014-03-12,Female,2023-02-23,1,Reduced,1,0,No IEP,30,0.76
4458,12,Dakota,Davis,2013-01-14,Female,2023-01-27,1,Free,0,0,Current IEP,63,0.89
4459,12,Eden,Miller,2017-08-17,Other,2023-08-08,1,Full Price,1,0,No IEP,83,0.93
4460,12,Isaiah,Allen,2013-10-11,Other,2023-01-18,1,Free,1,0,No IEP,72,0.81
4461,12,Kendrick,Garcia,2014-11-24,Male,2023-03-20,1,Free,0,0,No IEP,53,0.89
4462,12,Kendrick,Johnson,2008-04-01,Male,2023-10-05,1,Free,0,0,No IEP,82,0.96
4463,12,Dakota,Young,2011-02-11,Other,2023-06-10,1,Full Price,1,0,No IEP,77,0.89
4464,12,Harper,Rodriguez,2010-12-14,Female,2023-04-06,1,Full Price,0,0,No IEP,34,0.97
4465,12,Casey,Miller,2020-03-01,Other,2023-11-30,1,Free,0,0,No IEP,88,0.92
4466,12,Harper,Williams,2010-03-04,Male,2024-04-26,1,Full Price,0,0,No IEP,46,0.7
4467,12,Gabriel,Walker,2013-05-08,Female,2023-11-16,1,Full Price,0,0,No IEP,56,0.95
4468,12,Morgan,Miller,2011-03-20,Other,2023-01-13,1,Reduced,1,0,No IEP,28,0.94
4469,12,Morgan,Davis,2020-03-17,Male,2023-08-04,1,Reduced,0,0,No IEP,83,0.95
4470,12,Harper,Allen,2017-01-17,Male,2023-11-27,1,Free,0,0,No IEP,60,0.6
4471,12,Harper,Rodriguez,2017-09-28,Other,2023-01-24,1,Full Price,0,0,No IEP,52,0.74
4472,12,Harper,Martinez,2007-07-19,Male,2024-01-18,1,Free,0,0,No IEP,75,0.83
4473,12,Morgan,Brown,2016-12-02,Female,2023-04-27,1,Full Price,1,1,No IEP,83,0.75
4474,12,Eden,Miller,2006-05-06,Other,2023-11-08,1,Free,0,0,No IEP,70,0.91
4475,12,Harper,Johnson,2012-12-19,Male,2022-09-03,1,Free,0,0,No IEP,75,0.9
4476,12,Morgan,White,2007-06-16,Female,2023-09-07,1,Reduced,0,0,No IEP,56,0.52
4477,12,Finley,Miller,2018-06-17,Female,2023-08-17,1,Free,0,0,No IEP,41,0.5
4478,12,Morgan,Martinez,2007-06-15,Male,2022-08-04,1,Full Price,0,0,No IEP,58,0.79
4479,12,Harper,Miller,2020-05-12,Male,2022-07-20,1,Reduced,0,0,No IEP,81,0.83
4480,12,Morgan,Johnson,2020-08-04,Male,2022-08-01,1,Reduced,0,0,No IEP,67,0.76
4481,12,Oliver,Lee,2017-10-10,Male,2022-09-06,1,Free,0,0,No IEP,55,0.96
4482,12,Eden,White,2009-08-05,Other,2023-02-12,1,Free,0,0,No IEP,25,0.95
4483,12,Isaiah,Smith,2010-08-09,Other,2023-01-13,1,Full Price,1,0,No IEP,71,0.93
4484,12,Alex,Lee,2012-09-07,Male,2023-12-28,1,Full Price,0,0,No IEP,22,0.64
4485,12,Noah,Lee,2019-08-05,Male,2023-05-16,1,Full Price,0,0,No IEP,46,0.75
4486,12,Jordan,Smith,2011-05-16,Female,2024-03-24,1,Reduced,0,0,No IEP,79,0.98
4487,12,Oliver,White,2011-07-13,Male,2024-01-02,1,Free,0,0,No IEP,72,0.92
4488,12,Morgan,Jones,2011-10-01,Other,2023-04-26,1,Reduced,0,0,No IEP,63,0.93
4489,12,Morgan,Johnson,2014-04-11,Female,2023-05-25,1,Reduced,0,0,No IEP,72,0.73
4490,12,Isaiah,White,2019-01-20,Female,2022-08-24,1,Reduced,0,0,No IEP,50,0.71
4491,12,Morgan,Garcia,2009-06-10,Other,2024-02-16,1,Full Price,1,0,No IEP,48,0.57
4492,12,Oliver,Hall,2017-04-26,Male,2024-02-28,1,Free,1,0,Current IEP,104,0.6
4493,12,Gabriel,Miller,2013-06-24,Male,2023-10-02,1,Full Price,0,0,No IEP,48,0.56
4494,12,Eden,Garcia,2013-07-13,Female,2023-02-23,1,Reduced,0,0,No IEP,75,0.95
4495,12,Dakota,Johnson,2016-06-07,Other,2022-12-26,1,Reduced,0,0,No IEP,34,0.85
4496,12,Noah,Brown,2019-05-03,Male,2023-12-05,1,Full Price,0,0,No IEP,49,0.79
4497,12,Dakota,Jones,2011-12-22,Other,2023-03-03,1,Reduced,0,0,No IEP,24,0.78
4498,12,Logan,Smith,2007-11-16,Male,2023-12-28,1,Full Price,0,0,No IEP,86,0.97
4499,12,Kendrick,Davis,2007-04-21,Other,2022-07-22,1,Reduced,0,0,No IEP,76,0.97
4500,12,Parker,Walker,2013-10-16,Male,2022-11-09,1,Free,1,1,No IEP,88,0.93
4501,12,Oliver,Garcia,2016-12-06,Male,2022-11-17,1,Reduced,1,0,No IEP,59,0.94
4502,12,Dakota,Rodriguez,2014-07-18,Female,2024-04-20,1,Free,0,0,No IEP,17,0.97
4503,12,Eden,Young,2010-02-08,Other,2023-11-28,1,Reduced,0,0,No IEP,32,0.74
4504,12,Logan,Rodriguez,2013-11-28,Female,2022-12-31,1,Free,0,0,No IEP,83,0.73
4505,12,Isaiah,Johnson,2016-12-16,Other,2024-04-02,1,Reduced,1,0,No IEP,97,0.92
4506,12,Kendrick,Smith,2019-11-16,Male,2023-05-23,1,Reduced,0,0,No IEP,40,0.57
4507,12,Logan,Johnson,2006-05-21,Other,2022-08-08,1,Free,0,0,No IEP,50,0.76
4508,12,Eden,Allen,2006-06-25,Male,2023-07-20,1,Free,0,0,No IEP,82,0.93
4509,12,Eden,Martinez,2008-02-11,Other,2024-05-22,1,Reduced,0,0,No IEP,105,0.53
4510,12,Alex,Lee,2013-02-01,Female,2023-12-29,1,Full Price,1,0,Current IEP,76,0.93
4511,12,Oliver,Smith,2007-03-19,Other,2023-08-07,1,Full Price,0,1,No IEP,54,0.94
4512,12,Casey,Davis,2011-12-14,Female,2023-03-20,1,Free,0,0,No IEP,12,0.75
4513,12,Dakota,Lee,2016-06-13,Other,2023-02-11,1,Reduced,0,0,No IEP,45,0.67
4514,12,Finley,Garcia,2016-11-19,Male,2023-03-05,1,Free,0,0,No IEP,64,0.6
4515,12,Harper,Garcia,2013-04-13,Female,2023-07-06,1,Free,0,0,No IEP,85,0.9
4516,12,Morgan,Allen,2015-12-04,Male,2022-12-06,1,Free,0,0,No IEP,77,0.96
4517,12,Parker,Hall,2016-01-22,Male,2023-11-26,1,Full Price,0,0,No IEP,35,0.92
4518,12,Parker,Jones,2009-06-03,Male,2024-04-03,1,Reduced,0,0,No IEP,87,0.98
4519,12,Bailey,Lee,2011-04-08,Other,2023-08-03,1,Full Price,1,0,No IEP,62,0.78
4520,12,Noah,Miller,2015-09-18,Male,2023-12-22,1,Free,0,1,Current IEP,66,0.96
4521,12,Oliver,Rodriguez,2006-08-05,Other,2022-08-18,1,Reduced,0,0,No IEP,83,0.73
4522,12,Noah,Brown,2012-01-06,Other,2022-07-24,1,Free,0,1,No IEP,74,0.97
4523,12,Parker,Brown,2020-11-21,Male,2022-07-22,1,Full Price,0,0,Current IEP,34,0.61
4524,12,Isaiah,Williams,2019-05-11,Other,2022-08-10,1,Free,1,0,No IEP,32,0.71
4525,12,Jordan,White,2010-05-15,Female,2023-12-08,1,Free,0,0,No IEP,77,0.73
4526,12,Isaiah,Hall,2011-02-02,Other,2022-08-01,1,Full Price,0,1,No IEP,51,0.9
4527,12,Gabriel,Miller,2009-02-13,Female,2023-10-01,1,Free,0,0,No IEP,66,0.72
4528,12,Casey,Hall,2008-06-23,Other,2024-04-20,1,Reduced,0,0,No IEP,60,0.69
4529,12,Casey,White,2019-03-24,Male,2022-06-24,1,Reduced,0,0,No IEP,64,0.56
4530,12,Casey,Smith,2020-03-16,Other,2023-05-21,0,Reduced,0,0,No IEP,59,0.51
4531,12,Bailey,Young,2016-06-19,Other,2023-08-19,1,Full Price,1,1,No IEP,37,0.74
4532,12,Harper,Walker,2007-07-05,Other,2023-12-29,1,Free,0,0,No IEP,88,0.92
4533,12,Eden,Miller,2011-03-16,Male,2023-08-17,1,Free,0,0,No IEP,21,0.78
4534,12,Dakota,White,2012-12-03,Female,2023-04-26,1,Reduced,0,0,Current IEP,71,0.92
4535,12,Logan,Allen,2007-02-18,Other,2023-08-21,1,Reduced,0,0,No IEP,56,0.91
4536,12,Jordan,Martinez,2012-10-25,Female,2022-08-21,1,Reduced,0,0,No IEP,33,0.68
4537,12,Harper,Martinez,2011-01-22,Male,2022-09-26,1,Free,0,0,No IEP,31,0.79
4538,12,Finley,Rodriguez,2014-05-26,Male,2023-05-01,1,Full Price,0,0,No IEP,77,0.89
4539,12,Harper,Young,2014-04-07,Female,2022-10-17,1,Free,0,0,No IEP,56,0.94
4540,12,Alex,Smith,2014-11-11,Male,2023-02-14,1,Reduced,0,0,No IEP,82,0.9
4541,12,Finley,Smith,2011-04-14,Other,2024-05-04,1,Full Price,1,0,No IEP,55,0.94
4542,12,Isaiah,Williams,2009-04-12,Male,2022-10-13,1,Full Price,0,0,No IEP,78,0.97
4543,12,Jordan,Brown,2014-01-26,Female,2023-05-29,0,Free,0,1,No IEP,20,0.98
4544,12,Parker,Allen,2017-11-17,Female,2023-02-12,1,Free,0,0,No IEP,78,0.69
4545,12,Noah,Martinez,2020-05-10,Male,2023-04-23,0,Free,0,1,No IEP,94,0.88
4546,12,Jordan,Jones,2016-10-24,Male,2023-07-10,1,Full Price,0,0,No IEP,82,0.88
4547,12,Logan,Davis,2007-05-02,Male,2022-12-26,1,Free,0,0,No IEP,45,0.68
4548,12,Logan,Martinez,2007-03-08,Other,2023-03-18,1,Free,1,1,No IEP,65,0.9
4549,12,Oliver,Williams,2014-11-22,Female,2023-01-05,1,Free,0,0,Current IEP,15,0.6
4550,12,Harper,Lee,2014-01-28,Other,2023-12-09,1,Reduced,0,0,No IEP,71,0.81
4551,12,Gabriel,Rodriguez,2010-04-26,Female,2022-08-04,1,Full Price,0,0,No IEP,53,0.71
4552,12,Harper,Johnson,2011-12-25,Male,2022-08-04,1,Free,0,0,No IEP,34,0.58
4553,12,Dakota,Martinez,2013-02-23,Other,2023-07-14,1,Reduced,1,0,No IEP,79,0.73
4554,12,Finley,Lee,2015-02-07,Other,2022-11-03,1,Reduced,0,0,No IEP,65,0.75
4555,12,Dakota,Rodriguez,2007-12-08,Female,2023-02-08,1,Free,1,0,No IEP,49,0.69
4556,12,Jordan,Miller,2013-01-01,Other,2022-08-09,1,Reduced,0,1,No IEP,88,0.96
4557,12,Oliver,Hall,2009-11-04,Male,2023-06-26,1,Reduced,1,0,No IEP,43,0.91
4558,12,Noah,Davis,2019-01-08,Male,2022-07-25,1,Free,0,0,No IEP,46,0.91
4559,12,Jordan,Johnson,2017-12-18,Other,2023-08-13,1,Full Price,0,0,No IEP,46,0.61
4560,12,Gabriel,White,2016-02-28,Male,2023-04-04,1,Reduced,0,0,Current IEP,62,0.88
4561,12,Dakota,Jones,2013-12-04,Male,2022-08-19,1,Reduced,0,0,Evaluation Pending,73,0.93
4562,12,Bailey,Johnson,2020-10-28,Other,2024-04-26,1,Full Price,0,0,No IEP,83,0.97
4563,12,Oliver,Lee,2018-12-06,Female,2023-11-05,1,Full Price,0,0,No IEP,44,0.68
4564,12,Kendrick,Allen,2006-02-07,Female,2023-12-22,1,Free,0,1,No IEP,5,0.91
4565,12,Alex,Hall,2008-08-27,Female,2022-12-29,1,Free,0,0,No IEP,80,0.9
4566,12,Harper,White,2011-01-23,Female,2023-07-17,1,Free,0,0,No IEP,72,0.88
4567,12,Casey,Martinez,2008-08-25,Other,2023-02-06,1,Full Price,0,0,Current IEP,73,0.92
4568,12,Eden,Martinez,2007-04-17,Female,2023-05-26,1,Free,0,0,No IEP,45,0.72
4569,12,Oliver,Rodriguez,2008-06-22,Other,2023-02-04,1,Free,0,0,No IEP,69,0.83
4570,12,Alex,Lee,2018-02-09,Female,2022-09-27,1,Reduced,0,0,No IEP,50,0.96
4571,12,Kendrick,Brown,2020-07-16,Other,2023-01-04,1,Reduced,0,0,No IEP,75,0.88
4572,12,Bailey,Allen,2020-03-24,Female,2022-09-04,1,Reduced,0,0,No IEP,90,0.94
4573,12,Oliver,Johnson,2014-12-03,Other,2023-12-21,1,Reduced,0,0,No IEP,92,0.97
4574,12,Finley,White,2010-01-01,Female,2024-01-14,1,Reduced,0,0,No IEP,87,0.95
4575,12,Eden,Garcia,2020-08-16,Female,2023-08-27,1,Reduced,0,0,No IEP,47,0.84
4576,12,Jordan,Allen,2012-06-14,Female,2023-06-14,1,Free,0,0,No IEP,59,0.93
4577,12,Parker,Lee,2013-08-26,Other,2022-10-03,1,Reduced,0,0,No IEP,40,0.81
4578,12,Finley,Young,2006-09-06,Other,2024-02-23,0,Full Price,0,0,No IEP,76,0.91
4579,12,Harper,Walker,2016-02-13,Female,2022-09-19,1,Free,0,0,No IEP,52,0.51
4580,12,Gabriel,Davis,2009-08-10,Female,2023-07-25,1,Reduced,0,0,No IEP,67,0.71
4581,12,Logan,Allen,2010-04-09,Female,2023-07-03,1,Reduced,0,0,Current IEP,53,0.92
4582,12,Dakota,Lee,2014-09-25,Female,2022-12-29,1,Full Price,1,0,No IEP,49,0.61
4583,12,Harper,Jones,2020-04-03,Other,2023-05-01,1,Free,0,1,Current IEP,26,0.8
4584,12,Isaiah,White,2014-05-28,Female,2023-07-26,1,Reduced,0,0,No IEP,88,0.68
4585,12,Isaiah,White,2019-03-15,Male,2023-03-16,1,Full Price,0,0,No IEP,45,0.6
4586,12,Parker,Miller,2016-03-23,Other,2022-09-29,1,Free,0,0,No IEP,83,0.9
4587,12,Harper,Martinez,2018-11-28,Other,2022-11-14,1,Full Price,0,0,No IEP,58,0.81
4588,12,Alex,Williams,2016-04-07,Female,2024-05-14,1,Free,0,0,No IEP,26,0.73
4589,12,Logan,Jones,2011-01-01,Male,2022-10-21,1,Reduced,0,0,No IEP,55,0.91
4590,12,Parker,Jones,2007-05-01,Other,2023-07-07,1,Free,0,0,No IEP,39,0.91
4591,12,Harper,Jones,2014-10-18,Female,2022-07-16,1,Reduced,0,0,No IEP,68,0.91
4592,12,Oliver,Allen,2015-12-20,Female,2022-10-31,0,Reduced,0,0,No IEP,49,0.6
4593,12,Dakota,Martinez,2011-02-21,Other,2022-11-03,1,Free,1,0,No IEP,53,0.94
4594,12,Dakota,Rodriguez,2014-10-23,Female,2023-03-22,1,Reduced,0,1,No IEP,98,0.93
4595,12,Noah,Jones,2008-05-18,Male,2024-03-08,1,Free,0,0,No IEP,66,0.84
4596,12,Casey,Rodriguez,2008-09-04,Other,2023-12-10,1,Full Price,0,0,No IEP,77,0.84
4597,12,Logan,Hall,2011-04-17,Male,2022-12-14,1,Free,0,0,No IEP,49,0.56
4598,12,Logan,Smith,2008-10-14,Other,2023-04-01,1,Free,0,0,No IEP,56,0.58
4599,12,Dakota,Davis,2011-04-20,Male,2023-07-01,0,Free,0,0,No IEP,23,0.84
4600,12,Gabriel,Brown,2007-07-03,Other,2024-03-29,1,Reduced,0,0,No IEP,90,0.94
4601,12,Kendrick,Jones,2009-01-13,Male,2023-01-09,1,Reduced,0,0,No IEP,60,0.71
4602,12,Morgan,Johnson,2017-06-14,Male,2023-11-25,1,Reduced,0,0,No IEP,24,0.81
4603,12,Eden,Smith,2014-07-21,Male,2022-11-19,1,Free,0,0,No IEP,94,0.85
4604,12,Bailey,Jones,2013-11-24,Other,2024-02-08,1,Free,0,0,No IEP,94,0.95
4605,12,Jordan,Williams,2011-12-22,Male,2023-07-04,1,Full Price,0,1,No IEP,97,0.91
4606,12,Bailey,Johnson,2017-05-07,Other,2024-01-24,1,Free,0,0,No IEP,86,0.92
4607,12,Isaiah,Williams,2017-04-14,Other,2023-03-11,1,Reduced,0,0,Current IEP,100,0.94
4608,12,Morgan,Young,2011-07-20,Other,2023-04-01,1,Full Price,0,0,No IEP,63,0.95
4609,12,Finley,Johnson,2017-02-22,Female,2023-04-13,1,Free,0,0,No IEP,56,0.97
4610,12,Logan,Hall,2010-07-06,Female,2022-11-22,1,Reduced,0,0,No IEP,77,0.94
4611,12,Alex,Brown,2006-12-28,Male,2023-04-01,1,Free,0,0,No IEP,56,0.83
4612,12,Jordan,Johnson,2014-07-22,Male,2022-10-02,1,Reduced,0,0,No IEP,62,0.85
4613,12,Dakota,Allen,2007-09-25,Male,2022-09-15,1,Free,0,1,No IEP,80,0.98
4614,12,Bailey,Martinez,2019-01-15,Other,2023-09-26,1,Reduced,0,0,No IEP,77,0.94
4615,12,Finley,Williams,2009-02-07,Other,2024-02-17,1,Reduced,1,0,No IEP,50,0.97
4616,12,Oliver,Brown,2013-04-10,Other,2024-04-28,0,Reduced,0,0,No IEP,69,0.95
4617,12,Kendrick,Smith,2013-01-28,Other,2022-08-17,1,Free,1,0,No IEP,34,0.57
4618,12,Gabriel,Garcia,2016-02-21,Female,2023-08-12,1,Free,0,0,No IEP,61,0.79
4619,12,Dakota,Rodriguez,2014-09-17,Female,2024-01-04,1,Free,0,0,No IEP,69,0.79
4620,12,Morgan,Davis,2008-02-15,Female,2023-06-27,1,Free,1,1,No IEP,81,0.91
4621,12,Bailey,Johnson,2008-06-22,Other,2024-02-22,1,Reduced,0,0,No IEP,48,0.74
4622,12,Isaiah,Smith,2010-08-10,Male,2023-05-26,1,Reduced,0,0,Current IEP,91,0.98
4623,12,Finley,Young,2013-09-27,Other,2023-02-17,1,Reduced,0,1,No IEP,103,0.93
4624,12,Eden,Hall,2012-11-24,Male,2024-03-02,1,Reduced,0,0,No IEP,82,0.91
4625,12,Gabriel,Miller,2020-02-22,Female,2023-01-01,1,Free,0,0,No IEP,82,0.91
4626,12,Isaiah,Smith,2009-05-09,Female,2023-02-09,1,Reduced,0,1,No IEP,70,0.91
4627,12,Dakota,Miller,2006-08-03,Female,2023-03-31,1,Free,0,0,No IEP,63,0.92
4628,12,Casey,Young,2016-05-04,Other,2023-11-04,1,Reduced,0,1,No IEP,50,0.97
4629,12,Parker,Walker,2018-04-03,Female,2023-08-12,1,Full Price,0,1,No IEP,73,0.95
4630,12,Parker,Lee,2018-09-21,Female,2024-03-20,1,Free,1,0,No IEP,36,0.73
4631,12,Isaiah,Rodriguez,2010-12-23,Female,2022-09-09,1,Reduced,0,0,No IEP,58,0.77
4632,12,Casey,Garcia,2020-08-17,Male,2023-04-09,1,Free,1,0,No IEP,45,0.8
4633,12,Alex,Young,2007-12-03,Other,2023-10-18,1,Full Price,0,0,No IEP,79,0.89
4634,12,Logan,Miller,2009-07-17,Male,2023-11-28,1,Full Price,0,0,No IEP,52,0.94
4635,12,Bailey,Davis,2012-08-02,Male,2023-01-26,1,Free,0,0,No IEP,56,0.97
4636,12,Gabriel,Allen,2013-08-15,Female,2023-01-21,1,Full Price,0,0,Current IEP,94,0.9
4637,12,Eden,Davis,2020-09-22,Male,2023-09-07,1,Full Price,0,0,No IEP,11,0.81
4638,12,Noah,Allen,2007-12-15,Male,2024-05-20,1,Free,0,0,No IEP,56,0.72
4639,12,Jordan,White,2016-05-18,Male,2023-04-28,0,Free,1,0,No IEP,65,0.71
4640,12,Finley,Garcia,2017-05-28,Other,2023-07-23,1,Full Price,0,0,Current IEP,76,0.91
4641,12,Eden,Davis,2016-06-12,Male,2023-11-22,1,Free,0,0,No IEP,97,0.89
4642,12,Kendrick,Williams,2007-11-10,Other,2022-07-13,1,Reduced,0,0,No IEP,74,0.93
4643,12,Oliver,Martinez,2009-04-07,Other,2022-11-30,1,Reduced,0,0,No IEP,66,0.93
4644,12,Parker,Jones,2007-08-17,Male,2023-07-21,1,Full Price,0,0,No IEP,50,0.71
4645,12,Eden,Jones,2015-01-26,Female,2023-06-14,1,Reduced,0,0,No IEP,61,0.93
4646,12,Harper,Davis,2012-11-27,Other,2024-04-17,1,Full Price,1,0,Evaluation Pending,47,0.84
4647,12,Jordan,Rodriguez,2006-06-22,Other,2022-08-16,1,Free,0,0,No IEP,71,0.91
4648,12,Dakota,Hall,2016-10-28,Female,2024-01-06,1,Free,0,0,Current IEP,46,0.93
4649,12,Alex,Hall,2011-07-07,Male,2022-08-17,1,Free,0,0,No IEP,66,0.83
4650,12,Dakota,Hall,2011-05-10,Female,2022-09-07,1,Reduced,1,0,Current IEP,85,0.89
4651,12,Logan,Williams,2006-05-19,Female,2023-06-22,1,Free,1,1,No IEP,41,0.56
4652,12,Isaiah,White,2010-01-15,Other,2022-10-14,1,Reduced,1,0,No IEP,73,0.73
4653,12,Bailey,Young,2011-05-10,Male,2022-07-07,1,Full Price,0,1,No IEP,46,0.62
4654,12,Noah,Smith,2010-06-07,Other,2024-04-23,1,Reduced,0,0,No IEP,91,0.89
4655,12,Oliver,Brown,2019-03-14,Male,2023-12-13,1,Full Price,0,0,No IEP,58,0.85
4656,12,Finley,Smith,2010-02-11,Female,2023-10-19,1,Full Price,1,0,No IEP,64,0.9
4657,12,Isaiah,Brown,2008-08-28,Male,2023-06-24,1,Reduced,0,1,No IEP,100,0.98
4658,12,Jordan,Williams,2010-05-11,Other,2023-06-08,1,Full Price,0,0,No IEP,86,0.9
4659,12,Logan,Miller,2012-10-08,Male,2023-11-01,1,Reduced,0,0,No IEP,51,0.95
4660,12,Dakota,Smith,2013-03-11,Male,2022-07-27,1,Free,0,0,No IEP,74,0.91
4661,12,Alex,Martinez,2008-10-23,Other,2022-11-19,1,Free,0,0,No IEP,72,0.74
4662,12,Eden,Walker,2017-07-12,Other,2024-02-27,1,Free,0,0,No IEP,72,0.81
4663,12,Isaiah,Garcia,2017-07-10,Other,2024-01-27,1,Reduced,0,0,No IEP,85,0.96
4664,12,Dakota,Rodriguez,2009-06-06,Female,2024-03-04,1,Reduced,0,0,Current IEP,91,0.78
4665,12,Bailey,Martinez,2019-12-01,Other,2023-04-10,1,Free,1,0,No IEP,61,0.98
4666,12,Jordan,Walker,2007-08-14,Male,2023-08-05,1,Free,0,0,No IEP,86,0.91
4667,12,Harper,Garcia,2010-09-25,Female,2023-04-06,1,Free,0,0,No IEP,54,0.71
4668,12,Eden,Jones,2019-08-10,Female,2023-02-21,1,Reduced,0,1,No IEP,81,0.9
4669,12,Logan,Young,2011-12-04,Female,2024-01-09,1,Free,0,0,Current IEP,73,0.83
4670,12,Logan,Miller,2006-05-26,Male,2023-03-01,0,Reduced,0,0,No IEP,72,0.77
4671,12,Casey,Johnson,2015-04-04,Female,2023-05-03,1,Reduced,1,1,No IEP,87,0.95
4672,12,Gabriel,Williams,2015-03-01,Other,2024-04-13,1,Reduced,0,0,No IEP,60,0.66
4673,12,Morgan,Martinez,2018-01-16,Female,2024-01-31,0,Free,1,0,No IEP,60,0.91
4674,12,Alex,Rodriguez,2016-04-25,Other,2023-10-13,1,Reduced,0,1,No IEP,62,0.79
4675,12,Logan,Hall,2009-06-23,Female,2024-02-09,1,Reduced,0,0,No IEP,39,0.83
4676,12,Morgan,Rodriguez,2008-08-24,Male,2022-07-21,1,Reduced,0,0,No IEP,46,0.62
4677,12,Jordan,Davis,2020-05-27,Male,2022-10-20,1,Reduced,0,1,No IEP,83,0.82
4678,12,Gabriel,Lee,2006-02-26,Male,2023-02-21,1,Reduced,0,0,No IEP,72,0.82
4679,12,Oliver,Miller,2011-10-22,Female,2023-03-20,1,Full Price,0,1,No IEP,54,0.89
4680,12,Noah,Garcia,2016-02-09,Other,2022-11-14,1,Full Price,0,0,No IEP,72,0.82
4681,12,Gabriel,Davis,2015-02-20,Other,2023-08-03,1,Free,0,0,Current IEP,76,0.91
4682,12,Bailey,Brown,2010-06-12,Other,2023-05-01,0,Reduced,0,0,No IEP,69,0.54
4683,12,Morgan,Johnson,2017-12-13,Female,2022-12-02,1,Reduced,1,0,No IEP,63,0.72
4684,12,Oliver,Jones,2007-01-01,Other,2023-07-30,1,Full Price,1,0,No IEP,31,0.85
4685,12,Eden,Rodriguez,2011-03-18,Female,2022-11-23,1,Free,0,0,No IEP,74,0.91
4686,12,Casey,Walker,2006-08-20,Other,2024-03-08,1,Full Price,1,0,No IEP,87,0.95
4687,12,Morgan,White,2020-11-13,Female,2023-01-29,1,Reduced,0,0,No IEP,47,0.7
4688,12,Logan,Smith,2009-11-18,Other,2023-10-30,1,Free,1,0,No IEP,52,0.94
4689,12,Logan,Allen,2015-08-10,Male,2024-03-31,1,Free,0,0,No IEP,97,0.97
4690,12,Bailey,Johnson,2015-01-05,Female,2024-02-06,1,Reduced,0,0,No IEP,53,0.96
4691,12,Isaiah,Martinez,2015-12-04,Other,2023-10-10,1,Full Price,0,0,No IEP,58,0.65
4692,12,Morgan,Young,2011-09-08,Female,2024-04-22,1,Free,0,0,No IEP,92,0.68
4693,12,Bailey,Young,2014-06-01,Other,2023-01-06,1,Full Price,0,0,No IEP,87,0.53
4694,12,Casey,Hall,2012-01-28,Female,2024-04-13,1,Reduced,1,0,No IEP,69,0.9
4695,12,Gabriel,Rodriguez,2020-04-09,Female,2023-12-09,1,Reduced,0,0,No IEP,96,0.71
4696,12,Gabriel,Young,2011-02-12,Female,2022-09-11,1,Full Price,0,0,No IEP,47,0.66
4697,12,Jordan,Miller,2018-08-13,Other,2023-07-24,1,Full Price,0,1,No IEP,81,0.9
4698,12,Parker,Young,2016-06-18,Male,2023-06-01,1,Reduced,0,0,No IEP,64,0.62
4699,12,Jordan,Hall,2020-09-02,Female,2024-04-08,1,Reduced,0,0,Current IEP,86,0.96
4700,12,Finley,Williams,2018-11-10,Female,2024-02-27,1,Reduced,0,0,No IEP,50,0.95
4701,12,Gabriel,White,2013-05-02,Other,2023-10-06,1,Reduced,0,0,No IEP,78,0.76
4702,12,Oliver,Allen,2010-09-18,Other,2024-04-22,1,Free,0,0,No IEP,70,0.84
4703,12,Morgan,Young,2013-02-20,Other,2023-11-14,1,Free,0,1,No IEP,66,0.77
4704,12,Finley,Miller,2009-03-28,Other,2023-11-17,1,Full Price,0,0,No IEP,96,0.93
4705,12,Dakota,Johnson,2007-02-14,Other,2022-11-03,1,Free,0,0,No IEP,81,0.91
4706,12,Bailey,Davis,2006-07-23,Male,2022-09-21,1,Full Price,1,0,No IEP,94,0.75
4707,12,Morgan,Martinez,2006-07-01,Male,2024-04-08,1,Full Price,0,1,No IEP,86,0.92
4708,12,Harper,Allen,2013-07-21,Female,2023-11-23,1,Reduced,0,0,No IEP,69,0.83
4709,12,Logan,Garcia,2017-03-10,Male,2023-04-21,1,Reduced,0,0,No IEP,67,0.78
4710,12,Dakota,Young,2015-07-19,Male,2024-05-02,1,Reduced,0,0,No IEP,73,0.7
4711,12,Harper,White,2006-10-05,Male,2023-04-20,1,Reduced,0,0,No IEP,56,0.8
4712,12,Eden,Jones,2020-04-19,Female,2023-01-01,1,Free,0,0,Current IEP,40,0.58
4713,12,Kendrick,Martinez,2014-09-27,Other,2022-12-21,1,Reduced,0,1,No IEP,88,0.92
4714,12,Kendrick,Davis,2011-04-28,Other,2023-06-23,1,Reduced,0,0,No IEP,55,0.75
4715,12,Logan,Miller,2008-08-24,Other,2023-09-04,1,Full Price,0,0,No IEP,13,0.75
4716,12,Logan,Martinez,2006-03-25,Other,2023-02-03,1,Full Price,0,0,No IEP,86,0.93
4717,12,Harper,Davis,2012-06-01,Female,2022-10-03,1,Reduced,0,0,No IEP,69,0.82
4718,12,Gabriel,Young,2016-12-12,Female,2022-07-17,1,Reduced,0,0,No IEP,76,0.98
4719,12,Eden,White,2016-11-15,Other,2024-02-25,1,Full Price,0,1,Current IEP,89,0.9
4720,12,Oliver,Allen,2018-09-09,Other,2024-03-05,1,Full Price,0,1,No IEP,54,0.91
4721,12,Gabriel,Brown,2020-12-27,Other,2024-05-10,1,Free,0,0,No IEP,60,0.73
4722,12,Harper,Smith,2014-02-20,Male,2023-11-29,1,Free,0,0,No IEP,75,0.92
4723,12,Logan,Davis,2017-01-06,Male,2023-02-17,1,Free,0,1,Current IEP,75,0.9
4724,12,Isaiah,Johnson,2012-04-23,Other,2023-02-16,1,Free,0,0,No IEP,87,0.8
4725,12,Logan,Davis,2018-12-02,Male,2023-06-23,1,Reduced,0,0,No IEP,50,0.71
4726,12,Gabriel,Jones,2007-09-24,Other,2023-04-23,1,Free,0,0,No IEP,61,0.96
4727,12,Oliver,Allen,2010-12-14,Male,2023-06-16,1,Free,0,0,No IEP,79,0.93
4728,12,Isaiah,Martinez,2020-12-28,Other,2024-04-05,1,Free,0,0,No IEP,58,0.76
4729,12,Casey,Lee,2019-07-18,Female,2024-05-23,1,Free,0,0,Evaluation Pending,21,0.95
4730,12,Parker,Smith,2020-12-05,Male,2023-06-20,1,Reduced,0,0,No IEP,62,0.71
4731,12,Gabriel,Miller,2009-05-04,Male,2024-05-11,1,Reduced,1,1,No IEP,79,0.76
4732,12,Noah,White,2009-04-24,Other,2023-01-25,1,Reduced,1,0,No IEP,87,0.95
4733,12,Eden,Johnson,2012-05-23,Female,2023-04-15,1,Full Price,1,0,No IEP,91,0.79
4734,12,Kendrick,White,2020-06-13,Other,2024-04-10,1,Free,0,0,No IEP,87,0.96
4735,12,Bailey,Smith,2013-01-27,Male,2022-12-02,1,Free,0,0,No IEP,103,0.93
4736,12,Morgan,Miller,2012-11-08,Other,2022-07-03,1,Reduced,0,1,No IEP,71,0.81
4737,12,Parker,Miller,2018-01-01,Male,2023-09-02,1,Full Price,1,0,No IEP,85,0.69
4738,12,Finley,Garcia,2013-01-25,Other,2022-07-19,1,Reduced,0,0,No IEP,76,0.92
4739,12,Bailey,Garcia,2009-02-08,Male,2022-12-13,1,Free,1,0,No IEP,22,0.67
4740,12,Logan,Lee,2012-06-02,Female,2024-01-03,1,Full Price,1,0,No IEP,62,0.94
4741,12,Bailey,Young,2014-03-25,Female,2023-06-25,1,Reduced,1,0,No IEP,65,0.89
4742,13,Jordan,Allen,2016-10-13,Male,2022-12-21,1,Full Price,0,1,No IEP,82,0.96
4743,13,Casey,Allen,2015-12-16,Male,2022-09-12,1,Reduced,0,1,No IEP,85,0.94
4744,13,Eden,Martinez,2014-12-13,Female,2023-02-10,1,Full Price,0,0,No IEP,75,0.92
4745,13,Oliver,Rodriguez,2009-12-05,Other,2023-04-04,1,Free,0,0,No IEP,33,0.82
4746,13,Bailey,Brown,2007-08-21,Other,2024-03-02,1,Free,0,0,No IEP,73,0.98
4747,13,Bailey,Hall,2016-05-21,Other,2023-08-21,1,Free,0,0,No IEP,37,0.66
4748,13,Parker,Walker,2016-09-25,Male,2022-08-18,1,Free,0,0,No IEP,109,0.81
4749,13,Gabriel,Lee,2020-06-07,Other,2023-08-20,1,Free,0,1,No IEP,67,0.96
4750,13,Kendrick,Young,2007-10-05,Male,2023-05-02,1,Free,1,0,No IEP,53,0.95
4751,13,Logan,White,2019-05-04,Other,2022-10-21,1,Full Price,0,0,No IEP,78,0.8
4752,13,Oliver,Miller,2018-06-22,Female,2023-08-25,1,Free,1,1,No IEP,71,0.79
4753,13,Casey,Johnson,2006-10-25,Male,2023-11-01,1,Full Price,0,0,No IEP,34,0.65
4754,13,Gabriel,Jones,2016-03-21,Other,2022-10-24,1,Full Price,0,0,No IEP,66,0.8
4755,13,Gabriel,Young,2008-10-28,Female,2023-12-03,1,Full Price,0,0,No IEP,10,0.71
4756,13,Casey,Walker,2009-10-23,Other,2023-02-18,1,Full Price,0,0,No IEP,43,0.67
4757,13,Harper,Lee,2016-11-24,Other,2022-11-24,1,Full Price,0,0,No IEP,86,0.75
4758,13,Morgan,Hall,2017-11-05,Male,2022-12-07,1,Reduced,0,0,No IEP,79,0.78
4759,13,Gabriel,Rodriguez,2014-04-26,Female,2023-01-28,1,Reduced,0,1,No IEP,61,0.8
4760,13,Alex,Young,2016-11-22,Other,2022-11-15,1,Reduced,0,0,No IEP,58,0.95
4761,13,Bailey,Martinez,2015-09-09,Female,2023-05-13,1,Reduced,0,0,No IEP,68,0.82
4762,13,Bailey,Garcia,2007-10-04,Male,2023-04-06,1,Free,0,0,No IEP,59,0.79
4763,13,Morgan,Jones,2015-02-12,Other,2023-12-12,1,Reduced,0,1,No IEP,79,0.94
4764,13,Kendrick,Brown,2018-07-02,Female,2022-10-01,1,Reduced,0,0,No IEP,39,0.74
4765,13,Gabriel,Hall,2006-06-16,Male,2023-03-13,1,Full Price,0,0,No IEP,58,0.9
4766,13,Harper,Miller,2017-11-14,Male,2022-09-19,1,Free,0,0,Evaluation Pending,48,0.78
4767,13,Dakota,Hall,2020-06-15,Female,2022-08-02,1,Free,0,1,No IEP,77,0.89
4768,13,Eden,Allen,2008-07-19,Other,2023-08-15,1,Reduced,0,1,No IEP,22,0.52
4769,13,Jordan,Miller,2012-06-14,Other,2023-06-11,1,Free,1,1,No IEP,41,0.59
4770,13,Casey,Jones,2018-05-07,Female,2023-06-07,1,Full Price,0,0,Current IEP,76,0.96
4771,13,Parker,Rodriguez,2014-04-23,Male,2024-04-19,1,Free,0,0,No IEP,26,0.72
4772,13,Isaiah,Williams,2007-11-16,Female,2023-02-26,0,Free,0,0,No IEP,34,0.74
4773,13,Finley,Johnson,2016-10-02,Male,2024-02-08,1,Free,0,0,No IEP,39,0.74
4774,13,Parker,Smith,2018-03-01,Other,2022-07-13,1,Full Price,0,0,No IEP,31,0.77
4775,13,Oliver,Walker,2009-03-26,Female,2022-08-30,1,Free,1,0,No IEP,70,0.74
4776,13,Dakota,Rodriguez,2010-06-08,Male,2024-01-22,1,Reduced,0,0,No IEP,99,0.93
4777,13,Kendrick,Martinez,2018-01-17,Male,2022-08-10,1,Free,1,1,No IEP,64,0.89
4778,13,Kendrick,Miller,2011-10-14,Male,2022-11-18,1,Free,0,0,Current IEP,70,0.73
4779,13,Kendrick,Jones,2016-09-13,Other,2022-07-13,1,Reduced,0,0,No IEP,85,0.88
4780,13,Parker,Martinez,2018-05-22,Female,2022-08-07,1,Reduced,0,0,No IEP,81,0.75
4781,13,Noah,Walker,2006-04-06,Male,2022-09-03,1,Free,1,0,No IEP,75,0.72
4782,13,Jordan,Jones,2020-02-22,Female,2022-11-12,1,Reduced,0,0,Current IEP,64,0.84
4783,13,Bailey,Jones,2017-12-12,Other,2023-09-10,1,Free,0,0,Evaluation Pending,19,0.7
4784,13,Harper,Martinez,2007-04-16,Male,2023-12-29,1,Full Price,1,0,Current IEP,85,0.7
4785,13,Parker,Williams,2011-05-28,Female,2022-09-05,1,Free,0,0,No IEP,63,0.88
4786,13,Gabriel,Jones,2006-01-23,Male,2024-03-09,1,Reduced,0,0,No IEP,51,0.79
4787,13,Harper,White,2009-02-23,Other,2023-04-16,1,Free,0,0,No IEP,52,0.97
4788,13,Dakota,Smith,2017-12-25,Female,2023-10-29,1,Full Price,0,0,No IEP,61,0.9
4789,13,Finley,Hall,2006-12-06,Female,2022-07-12,1,Free,0,1,No IEP,40,0.9
4790,13,Morgan,Lee,2008-04-27,Female,2022-11-14,1,Reduced,0,0,No IEP,53,0.81
4791,13,Harper,Brown,2010-01-04,Male,2022-08-12,1,Full Price,0,0,No IEP,28,0.66
4792,13,Jordan,White,2010-10-25,Female,2024-03-27,1,Free,0,0,No IEP,78,0.95
4793,13,Kendrick,Davis,2014-09-03,Other,2023-03-05,1,Free,0,0,No IEP,62,0.9
4794,13,Parker,Hall,2010-06-23,Male,2024-02-05,1,Reduced,0,0,No IEP,9,0.59
4795,13,Casey,Young,2008-05-02,Female,2024-02-23,1,Free,0,0,No IEP,50,0.79
4796,13,Logan,Brown,2018-04-21,Male,2023-05-08,1,Full Price,0,0,No IEP,75,0.89
4797,13,Alex,Garcia,2014-02-12,Female,2023-07-13,1,Full Price,0,0,No IEP,87,0.8
4798,13,Alex,Allen,2019-09-04,Male,2023-01-27,1,Reduced,0,0,No IEP,69,0.75
4799,13,Eden,Davis,2019-05-15,Female,2023-02-27,1,Free,0,0,No IEP,84,0.96
4800,13,Dakota,White,2008-07-08,Male,2023-11-09,1,Full Price,0,0,No IEP,88,0.71
4801,13,Isaiah,Garcia,2017-08-25,Male,2024-02-25,1,Free,0,0,No IEP,84,0.71
4802,13,Harper,Davis,2008-01-16,Male,2023-02-18,1,Free,1,0,No IEP,81,0.98
4803,13,Morgan,Allen,2015-11-24,Other,2023-04-21,1,Full Price,0,0,No IEP,64,0.68
4804,13,Kendrick,White,2006-05-10,Male,2023-10-25,1,Free,0,0,No IEP,40,0.93
4805,13,Parker,Jones,2018-03-22,Other,2024-01-19,1,Reduced,1,0,Evaluation Pending,66,0.8
4806,13,Finley,Walker,2014-04-11,Male,2022-07-24,1,Full Price,0,0,No IEP,88,0.93
4807,13,Casey,Williams,2008-04-26,Female,2023-02-01,1,Reduced,0,0,No IEP,96,0.75
4808,13,Alex,Lee,2014-07-21,Male,2023-06-14,1,Reduced,0,0,No IEP,63,0.73
4809,13,Dakota,Lee,2009-11-25,Other,2022-08-24,1,Full Price,0,0,No IEP,54,0.78
4810,13,Gabriel,White,2012-10-13,Male,2023-07-17,1,Free,0,0,No IEP,55,0.92
4811,13,Harper,Davis,2006-12-03,Male,2024-01-31,1,Full Price,1,0,Current IEP,71,0.82
4812,13,Bailey,Johnson,2008-11-01,Other,2022-10-02,1,Full Price,0,0,No IEP,51,0.94
4813,13,Dakota,Walker,2008-02-07,Male,2022-09-30,1,Full Price,0,0,No IEP,84,0.95
4814,13,Dakota,Brown,2010-01-08,Female,2023-04-07,1,Free,0,0,No IEP,55,0.95
4815,13,Isaiah,Rodriguez,2018-11-08,Female,2024-04-05,1,Full Price,1,0,No IEP,55,0.97
4816,13,Gabriel,Rodriguez,2015-02-12,Female,2023-08-14,1,Free,0,0,No IEP,52,0.77
4817,13,Finley,Brown,2014-09-02,Female,2023-08-24,1,Reduced,0,0,No IEP,61,0.93
4818,13,Logan,Jones,2018-07-23,Male,2024-01-24,1,Full Price,0,0,No IEP,69,0.9
4819,13,Casey,Hall,2009-09-26,Male,2022-07-18,1,Full Price,0,0,No IEP,57,0.91
4820,13,Gabriel,Davis,2008-04-14,Female,2022-10-31,1,Reduced,1,0,No IEP,84,0.97
4821,13,Bailey,Smith,2008-09-26,Female,2023-10-25,1,Full Price,0,0,No IEP,9,0.88
4822,13,Harper,Garcia,2017-11-11,Male,2024-04-06,1,Reduced,0,0,No IEP,96,0.96
4823,13,Bailey,Allen,2019-06-03,Other,2023-02-25,1,Reduced,0,0,No IEP,84,0.89
4824,13,Dakota,Rodriguez,2015-03-14,Male,2022-09-09,1,Free,1,0,No IEP,61,0.74
4825,13,Gabriel,Lee,2016-07-21,Male,2023-02-03,1,Full Price,0,0,Current IEP,95,0.97
4826,13,Parker,Jones,2018-11-25,Female,2022-06-26,1,Free,1,0,No IEP,88,0.96
4827,13,Casey,Williams,2008-11-05,Male,2022-10-27,1,Reduced,0,0,No IEP,64,0.61
4828,13,Dakota,Martinez,2007-08-01,Other,2024-01-09,1,Free,0,0,No IEP,80,0.9
4829,13,Finley,Allen,2018-12-03,Other,2022-11-17,1,Full Price,0,0,No IEP,82,0.8
4830,13,Jordan,Walker,2007-12-03,Female,2023-03-30,1,Free,0,1,No IEP,66,0.68
4831,13,Logan,Davis,2017-01-01,Female,2022-09-05,1,Free,1,0,No IEP,42,0.69
4832,13,Oliver,Johnson,2007-09-09,Other,2023-05-01,1,Free,0,0,No IEP,54,0.9
4833,13,Kendrick,Davis,2016-02-17,Male,2024-01-16,1,Reduced,0,0,No IEP,59,0.78
4834,13,Logan,Johnson,2014-08-20,Female,2022-10-28,1,Full Price,0,0,No IEP,35,0.54
4835,13,Eden,Hall,2013-11-20,Female,2023-03-14,1,Reduced,0,0,No IEP,71,0.73
4836,13,Bailey,Lee,2011-05-03,Male,2022-12-04,1,Free,0,0,No IEP,68,0.92
4837,13,Dakota,Jones,2009-01-10,Female,2022-11-30,1,Free,0,0,Evaluation Pending,56,0.76
4838,13,Oliver,Miller,2012-07-21,Other,2022-08-17,1,Free,0,0,No IEP,73,0.71
4839,13,Bailey,Young,2020-10-02,Other,2023-08-26,1,Full Price,0,0,Current IEP,57,0.71
4840,13,Bailey,Smith,2018-02-20,Other,2023-05-19,1,Reduced,0,0,No IEP,60,0.94
4841,13,Logan,Martinez,2015-07-06,Female,2023-12-30,1,Free,1,0,No IEP,72,0.97
4842,13,Noah,Jones,2006-12-11,Male,2022-07-03,1,Free,0,0,No IEP,76,0.93
4843,13,Logan,Johnson,2006-01-18,Female,2023-09-07,1,Free,0,0,Current IEP,32,0.78
4844,13,Dakota,Jones,2007-07-10,Other,2023-01-24,1,Reduced,0,0,No IEP,68,0.89
4845,13,Dakota,Smith,2014-12-08,Female,2023-04-19,1,Reduced,0,1,No IEP,48,0.59
4846,13,Oliver,Hall,2006-08-05,Female,2022-10-13,1,Full Price,1,0,No IEP,98,0.92
4847,13,Finley,Walker,2012-07-22,Male,2023-12-18,1,Free,0,0,Current IEP,88,0.82
4848,13,Gabriel,Martinez,2009-08-15,Female,2022-11-27,1,Reduced,0,0,No IEP,89,0.9
4849,13,Logan,Young,2011-04-18,Male,2022-07-22,1,Full Price,0,0,No IEP,88,0.92
4850,13,Bailey,Walker,2011-10-06,Other,2023-11-16,1,Free,0,0,No IEP,88,0.94
4851,13,Gabriel,Jones,2016-02-23,Female,2023-02-13,1,Reduced,0,0,No IEP,71,0.89
4852,13,Noah,Martinez,2006-07-13,Female,2023-10-01,1,Reduced,0,0,No IEP,69,0.77
4853,13,Dakota,Walker,2008-12-25,Female,2022-11-13,1,Reduced,1,0,No IEP,53,0.96
4854,13,Kendrick,Allen,2018-07-23,Female,2024-02-27,1,Full Price,1,0,No IEP,94,0.88
4855,13,Bailey,Williams,2019-01-18,Female,2023-05-28,1,Full Price,0,1,No IEP,82,0.92
4856,13,Isaiah,Davis,2020-03-20,Male,2022-09-30,1,Free,1,0,No IEP,68,0.74
4857,13,Bailey,Hall,2014-08-22,Other,2022-09-26,1,Free,0,0,No IEP,97,0.82
4858,13,Dakota,Johnson,2016-07-03,Female,2022-10-05,1,Full Price,0,0,No IEP,94,0.96
4859,13,Casey,Smith,2019-09-09,Other,2024-02-08,1,Free,0,0,No IEP,78,0.93
4860,13,Harper,Smith,2011-06-03,Male,2023-11-17,1,Free,0,0,No IEP,82,0.92
4861,13,Finley,Lee,2010-01-16,Male,2023-04-10,1,Free,0,0,No IEP,62,0.93
4862,13,Bailey,Young,2011-08-12,Other,2024-01-14,1,Free,0,0,Current IEP,95,0.79
4863,13,Jordan,Johnson,2006-07-24,Male,2023-11-21,1,Full Price,0,0,No IEP,50,0.94
4864,13,Finley,White,2013-12-15,Female,2024-04-13,1,Free,0,0,No IEP,87,0.93
4865,13,Eden,Martinez,2009-09-22,Female,2022-08-12,1,Free,0,0,No IEP,73,0.8
4866,13,Jordan,Jones,2017-10-09,Female,2023-10-07,1,Full Price,0,0,No IEP,86,0.92
4867,13,Logan,Jones,2007-10-17,Male,2023-10-01,1,Free,1,1,No IEP,78,0.97
4868,13,Alex,White,2016-09-21,Female,2022-11-27,1,Full Price,0,0,No IEP,43,0.72
4869,13,Eden,Miller,2013-10-14,Female,2023-05-21,1,Reduced,1,0,No IEP,14,0.94
4870,13,Bailey,Johnson,2007-06-05,Male,2023-01-19,1,Reduced,0,1,Evaluation Pending,68,0.95
4871,13,Bailey,White,2008-12-02,Other,2022-08-10,1,Reduced,0,1,No IEP,66,0.91
4872,13,Gabriel,Garcia,2013-05-01,Other,2023-09-05,1,Full Price,0,0,No IEP,35,0.53
4873,13,Noah,White,2014-03-14,Male,2023-09-22,1,Reduced,1,0,No IEP,57,0.93
4874,13,Dakota,Brown,2008-11-25,Female,2023-11-22,1,Free,0,0,No IEP,49,0.78
4875,13,Dakota,Garcia,2018-09-23,Other,2022-11-09,1,Free,0,1,No IEP,61,0.94
4876,13,Parker,Young,2017-01-16,Male,2022-10-31,1,Free,0,0,No IEP,71,0.95
4877,13,Jordan,Johnson,2020-09-14,Male,2023-01-09,0,Full Price,0,0,No IEP,72,0.74
4878,13,Dakota,Davis,2010-02-19,Male,2022-07-14,1,Free,0,0,No IEP,58,0.94
4879,13,Noah,Hall,2009-01-07,Male,2024-04-13,1,Reduced,0,0,No IEP,49,0.68
4880,13,Eden,Miller,2017-05-03,Female,2023-07-09,1,Full Price,0,0,No IEP,78,0.96
4881,13,Parker,Williams,2010-03-07,Male,2022-06-29,1,Reduced,0,1,No IEP,84,0.92
4882,13,Eden,Young,2017-08-21,Male,2024-01-03,1,Full Price,0,0,No IEP,94,0.78
4883,13,Eden,Smith,2006-12-17,Male,2022-06-27,1,Free,0,0,Current IEP,57,0.89
4884,13,Finley,Miller,2012-01-13,Female,2023-02-04,1,Reduced,0,0,No IEP,49,0.72
4885,13,Eden,Allen,2019-03-17,Other,2024-03-09,1,Reduced,0,0,No IEP,78,0.78
4886,13,Logan,Jones,2015-05-03,Female,2023-06-15,1,Full Price,0,0,No IEP,44,0.7
4887,13,Noah,Young,2008-11-07,Male,2023-09-27,1,Full Price,0,0,No IEP,71,0.91
4888,13,Gabriel,Garcia,2019-01-22,Male,2022-08-08,1,Free,0,1,No IEP,72,0.91
4889,13,Dakota,White,2009-04-07,Other,2023-09-30,1,Reduced,0,0,No IEP,81,0.96
4890,13,Bailey,White,2014-08-22,Other,2022-07-14,1,Free,0,0,No IEP,82,0.96
4891,13,Harper,Garcia,2010-04-14,Female,2023-09-29,0,Full Price,0,0,No IEP,34,0.84
4892,13,Finley,Walker,2017-06-22,Male,2024-05-05,1,Reduced,0,0,No IEP,55,0.97
4893,13,Finley,Lee,2020-04-07,Other,2023-06-17,1,Free,0,0,No IEP,73,0.64
4894,13,Gabriel,Smith,2020-01-18,Female,2024-01-03,1,Reduced,0,0,No IEP,83,0.97
4895,13,Morgan,Johnson,2018-10-04,Other,2023-12-03,1,Reduced,0,1,No IEP,62,0.94
4896,13,Oliver,Garcia,2016-07-22,Female,2023-05-20,1,Reduced,0,0,Evaluation Pending,62,0.79
4897,13,Dakota,Johnson,2015-04-28,Other,2023-03-03,1,Full Price,0,1,No IEP,88,0.93
4898,13,Oliver,Miller,2020-12-04,Male,2023-05-19,1,Free,1,0,No IEP,55,0.54
4899,13,Kendrick,Lee,2020-06-10,Female,2023-07-04,1,Free,1,1,No IEP,47,0.66
4900,13,Gabriel,Jones,2013-02-19,Other,2023-05-07,1,Free,0,0,No IEP,53,0.77
4901,13,Gabriel,Davis,2019-03-06,Female,2022-08-19,1,Free,0,1,No IEP,83,0.94
4902,13,Alex,Hall,2007-01-13,Female,2024-04-19,1,Full Price,0,0,No IEP,19,0.56
4903,13,Logan,Young,2010-11-27,Male,2023-01-09,1,Free,0,1,Evaluation Pending,44,0.54
4904,13,Dakota,White,2017-03-17,Female,2023-04-14,1,Full Price,0,1,No IEP,81,0.81
4905,13,Parker,Williams,2007-01-15,Male,2023-08-07,1,Free,0,0,No IEP,71,0.9
4906,13,Oliver,Rodriguez,2020-03-28,Female,2024-02-04,1,Full Price,0,0,No IEP,93,0.89
4907,13,Eden,Jones,2017-01-27,Male,2022-06-29,1,Reduced,0,0,No IEP,27,0.73
4908,13,Gabriel,Walker,2013-12-04,Female,2023-12-11,1,Reduced,1,0,No IEP,104,0.65
4909,13,Harper,Martinez,2013-07-18,Male,2023-09-02,0,Reduced,0,1,No IEP,16,0.58
4910,13,Eden,Young,2018-05-20,Other,2022-08-05,1,Free,0,0,No IEP,64,0.96
4911,13,Jordan,Garcia,2014-01-07,Female,2024-04-23,1,Free,0,1,No IEP,50,0.97
4912,13,Gabriel,Williams,2020-11-08,Female,2023-03-14,1,Free,0,0,No IEP,75,0.9
4913,13,Gabriel,Jones,2016-08-18,Female,2023-01-20,1,Full Price,0,0,No IEP,89,0.9
4914,13,Eden,Smith,2013-03-06,Female,2023-08-15,1,Reduced,0,0,No IEP,77,0.97
4915,13,Logan,Lee,2011-05-07,Other,2024-02-08,1,Free,0,1,No IEP,88,0.85
4916,13,Gabriel,Jones,2011-01-19,Male,2023-11-22,1,Full Price,0,0,No IEP,97,0.88
4917,13,Harper,Brown,2008-10-03,Male,2022-07-18,1,Free,0,0,No IEP,32,0.6
4918,13,Isaiah,Garcia,2007-07-10,Male,2023-07-18,0,Reduced,0,0,No IEP,66,0.98
4919,13,Alex,Miller,2010-02-01,Female,2023-11-17,1,Free,0,0,No IEP,97,0.96
4920,13,Dakota,Davis,2015-07-08,Female,2022-09-10,1,Reduced,0,0,No IEP,86,0.9
4921,13,Parker,Lee,2018-12-08,Other,2023-03-06,1,Free,0,0,No IEP,59,0.61
4922,13,Harper,Walker,2011-09-26,Female,2024-05-22,1,Reduced,0,0,No IEP,64,0.55
4923,13,Morgan,Garcia,2007-06-19,Other,2023-06-17,1,Free,0,0,No IEP,89,0.94
4924,13,Gabriel,Young,2012-07-14,Female,2023-03-28,1,Free,0,0,No IEP,42,0.84
4925,13,Finley,Lee,2009-12-18,Other,2023-09-07,1,Free,0,0,No IEP,78,0.98
4926,13,Casey,Johnson,2007-09-22,Other,2023-10-15,1,Full Price,0,0,No IEP,64,0.69
4927,13,Oliver,Walker,2008-03-23,Female,2022-08-23,1,Full Price,0,0,No IEP,33,0.97
4928,13,Finley,Allen,2013-12-21,Male,2022-12-24,1,Free,0,0,No IEP,75,0.79
4929,13,Kendrick,Hall,2020-12-04,Female,2022-10-23,1,Reduced,0,0,No IEP,82,0.9
4930,13,Oliver,Davis,2014-02-21,Female,2022-10-31,1,Free,0,0,No IEP,97,0.64
4931,13,Logan,Martinez,2016-01-02,Female,2024-04-17,1,Free,0,0,No IEP,58,0.91
4932,13,Logan,Johnson,2014-02-13,Male,2024-02-22,1,Reduced,0,0,No IEP,79,0.93
4933,13,Eden,Miller,2007-08-23,Other,2022-09-06,1,Reduced,0,0,No IEP,78,0.77
4934,13,Dakota,Young,2009-04-26,Male,2023-05-19,1,Free,0,0,No IEP,72,0.96
4935,13,Bailey,Garcia,2010-07-16,Female,2023-03-06,1,Free,1,0,No IEP,70,0.9
4936,13,Noah,Miller,2009-09-28,Male,2024-02-23,1,Reduced,0,0,No IEP,74,0.97
4937,13,Jordan,Martinez,2010-08-24,Male,2022-10-02,1,Reduced,0,0,No IEP,69,0.94
4938,13,Logan,Lee,2010-07-25,Female,2024-05-05,1,Reduced,1,0,No IEP,69,0.83
4939,13,Logan,Walker,2006-11-12,Male,2022-10-04,1,Full Price,1,0,No IEP,9,0.74
4940,13,Oliver,White,2018-01-06,Male,2024-01-05,1,Reduced,0,0,No IEP,51,0.88
4941,13,Casey,Garcia,2006-05-01,Other,2024-01-13,1,Reduced,0,0,No IEP,62,0.91
4942,13,Noah,White,2012-02-13,Male,2022-08-06,1,Free,0,0,No IEP,56,0.93
4943,13,Bailey,Garcia,2019-04-25,Male,2023-07-21,1,Full Price,0,0,No IEP,72,0.95
4944,13,Oliver,Walker,2017-04-08,Female,2022-09-15,1,Reduced,0,0,No IEP,36,0.72
4945,13,Jordan,Young,2008-01-10,Male,2023-12-08,1,Reduced,0,0,No IEP,84,0.71
4946,13,Jordan,Martinez,2009-06-02,Female,2022-11-27,1,Full Price,0,0,No IEP,46,0.83
4947,13,Bailey,Smith,2018-03-17,Other,2024-05-22,1,Reduced,0,0,No IEP,49,0.79
4948,13,Finley,Martinez,2017-02-09,Male,2023-12-07,1,Full Price,0,0,No IEP,73,0.72
4949,13,Morgan,White,2016-05-16,Other,2023-09-04,1,Free,0,0,No IEP,54,0.96
4950,13,Noah,Jones,2007-02-13,Other,2023-07-25,1,Free,0,0,No IEP,81,0.95
4951,13,Isaiah,Smith,2016-09-23,Other,2023-04-26,1,Reduced,1,1,No IEP,82,0.79
4952,13,Parker,Young,2016-12-05,Other,2022-12-29,1,Full Price,0,0,Current IEP,53,0.91
4953,13,Gabriel,Jones,2010-03-08,Female,2023-11-08,1,Free,0,0,No IEP,86,0.9
4954,13,Morgan,Lee,2009-07-26,Male,2023-12-29,1,Free,0,0,No IEP,41,0.94
4955,13,Kendrick,Young,2010-02-28,Male,2022-09-12,1,Free,1,0,Current IEP,55,0.82
4956,13,Dakota,Miller,2017-01-24,Male,2022-08-19,1,Free,1,0,No IEP,43,0.84
4957,13,Parker,Johnson,2016-12-16,Other,2022-10-17,1,Free,0,0,No IEP,48,0.59
4958,13,Kendrick,Johnson,2018-06-08,Female,2023-08-26,1,Full Price,0,0,No IEP,79,0.92
4959,13,Parker,Garcia,2017-06-09,Male,2023-12-05,1,Full Price,0,0,No IEP,79,0.92
4960,13,Eden,Smith,2020-02-11,Other,2022-12-12,1,Reduced,0,0,No IEP,89,0.92
4961,13,Dakota,Rodriguez,2006-10-24,Female,2023-04-04,1,Free,0,0,No IEP,98,0.94
4962,13,Isaiah,Smith,2017-06-21,Other,2022-08-08,1,Reduced,0,0,Evaluation Pending,42,0.82
4963,13,Parker,Johnson,2020-08-28,Other,2022-07-21,1,Free,0,0,No IEP,109,0.96
4964,13,Isaiah,Smith,2010-12-25,Female,2024-03-28,1,Reduced,0,0,No IEP,82,0.89
4965,13,Noah,Garcia,2020-11-10,Female,2024-03-05,1,Reduced,0,0,No IEP,51,0.56
4966,13,Gabriel,Rodriguez,2016-12-22,Female,2023-06-23,1,Reduced,0,0,No IEP,98,0.93
4967,13,Finley,Lee,2015-07-25,Female,2023-12-22,1,Reduced,0,0,No IEP,45,0.97
4968,13,Parker,Lee,2007-08-11,Male,2023-03-13,1,Free,0,0,No IEP,56,0.72
4969,13,Finley,Garcia,2014-05-13,Male,2023-12-22,1,Full Price,1,1,No IEP,48,0.93
4970,13,Harper,Allen,2018-09-15,Male,2022-08-08,1,Reduced,0,0,No IEP,91,0.94
4971,13,Eden,White,2013-05-11,Male,2022-08-10,1,Free,0,0,No IEP,65,0.81
4972,13,Harper,Walker,2014-05-28,Other,2023-08-31,1,Free,0,0,No IEP,51,0.96
4973,13,Jordan,Hall,2018-03-15,Female,2023-03-16,0,Reduced,1,0,Current IEP,60,0.53
4974,13,Casey,Martinez,2006-06-25,Male,2023-04-17,1,Reduced,1,0,No IEP,83,0.89
4975,13,Eden,Jones,2016-04-22,Female,2022-09-05,1,Full Price,0,0,No IEP,61,0.55
4976,13,Alex,Young,2017-02-09,Other,2023-08-01,1,Full Price,0,0,No IEP,75,0.96
4977,13,Gabriel,Smith,2006-07-12,Female,2023-03-15,1,Reduced,0,0,No IEP,32,0.7
4978,13,Oliver,Walker,2006-02-05,Female,2022-08-29,1,Free,0,1,No IEP,99,0.96
4979,13,Eden,Rodriguez,2013-04-17,Male,2023-12-12,1,Reduced,1,0,No IEP,64,0.9
4980,13,Dakota,Miller,2015-03-26,Female,2023-04-19,1,Reduced,0,0,No IEP,76,0.98
4981,13,Oliver,Jones,2014-12-11,Male,2024-03-02,1,Free,1,0,Current IEP,87,0.91
4982,13,Casey,Brown,2018-05-03,Other,2023-08-12,1,Free,1,0,No IEP,68,0.91
4983,13,Logan,Davis,2020-11-12,Female,2023-10-25,1,Reduced,0,0,No IEP,50,0.77
4984,13,Finley,Rodriguez,2018-01-07,Female,2023-09-28,1,Full Price,0,0,No IEP,43,0.9
4985,13,Alex,Hall,2016-08-03,Female,2023-10-14,1,Reduced,0,0,No IEP,59,0.89
4986,13,Eden,White,2007-01-28,Other,2022-09-06,1,Free,0,0,No IEP,91,0.89
4987,13,Morgan,Walker,2020-11-03,Female,2023-09-16,1,Full Price,0,0,No IEP,65,0.9
4988,13,Gabriel,Rodriguez,2007-09-05,Female,2023-03-27,1,Full Price,0,0,No IEP,89,0.92
4989,13,Kendrick,Williams,2006-06-06,Other,2023-06-12,1,Reduced,0,0,No IEP,103,0.93
4990,13,Oliver,Hall,2014-01-26,Male,2024-05-12,1,Full Price,0,0,No IEP,67,0.94
4991,13,Harper,Young,2016-02-04,Female,2023-04-04,1,Full Price,0,0,No IEP,55,0.95
4992,13,Gabriel,White,2011-05-16,Female,2023-09-02,1,Free,0,0,No IEP,82,0.98
4993,13,Logan,Garcia,2013-10-05,Female,2022-08-10,1,Reduced,0,1,No IEP,32,0.79
4994,13,Noah,Lee,2013-06-01,Other,2023-03-21,1,Free,0,1,No IEP,64,0.89
4995,13,Morgan,Martinez,2012-11-13,Female,2023-01-04,1,Reduced,0,0,No IEP,42,0.66
4996,13,Jordan,Young,2020-01-15,Other,2023-04-25,1,Reduced,0,0,No IEP,68,0.9
4997,13,Casey,Martinez,2008-04-02,Other,2023-07-02,1,Free,0,1,No IEP,69,0.92
4998,13,Finley,Young,2018-09-14,Male,2023-12-30,1,Full Price,0,0,No IEP,67,0.73
4999,13,Logan,Williams,2020-04-04,Male,2022-11-19,1,Full Price,0,0,No IEP,101,0.97
5000,13,Parker,Williams,2006-02-23,Male,2023-01-26,1,Reduced,0,0,No IEP,86,0.98
5001,13,Morgan,Lee,2006-02-11,Male,2023-10-02,1,Reduced,1,1,No IEP,76,0.55
5002,13,Bailey,Garcia,2011-10-10,Male,2022-10-18,1,Full Price,0,0,Current IEP,81,0.92
5003,13,Gabriel,Martinez,2014-10-15,Female,2024-01-02,1,Free,0,0,No IEP,80,0.74
5004,13,Morgan,Miller,2008-04-14,Other,2023-05-09,1,Reduced,0,0,No IEP,45,0.78
5005,13,Gabriel,Smith,2020-01-03,Other,2023-07-28,1,Reduced,0,0,No IEP,68,0.89
5006,13,Isaiah,Miller,2006-09-06,Male,2024-04-21,1,Reduced,0,1,No IEP,59,0.97
5007,13,Dakota,Williams,2017-01-19,Male,2023-06-04,1,Free,0,0,No IEP,57,0.91
5008,13,Parker,White,2020-10-28,Male,2023-04-29,1,Free,0,0,No IEP,99,0.84
5009,13,Parker,Brown,2013-09-15,Male,2022-10-02,1,Free,1,0,No IEP,71,0.95
5010,13,Harper,Rodriguez,2009-12-14,Female,2023-01-13,1,Free,0,0,No IEP,57,0.91
5011,13,Dakota,Brown,2011-08-16,Male,2024-02-25,1,Full Price,0,0,No IEP,46,0.83
5012,13,Morgan,Brown,2009-12-07,Female,2023-09-05,1,Free,0,0,No IEP,69,0.74
5013,13,Jordan,Smith,2009-04-16,Male,2024-03-02,1,Free,0,1,No IEP,77,0.97
5014,13,Logan,Brown,2008-09-14,Female,2023-12-17,1,Reduced,0,0,No IEP,60,0.81
5015,13,Oliver,Young,2007-07-22,Other,2023-10-17,1,Free,0,0,No IEP,59,0.82
5016,13,Finley,Walker,2012-12-15,Male,2023-11-30,1,Reduced,0,0,No IEP,39,0.67
5017,13,Isaiah,Miller,2012-08-25,Other,2023-07-01,1,Free,0,0,No IEP,79,0.96
5018,13,Eden,Allen,2020-07-20,Male,2024-02-19,1,Free,0,0,No IEP,64,0.97
5019,13,Eden,Davis,2011-12-27,Male,2022-08-20,1,Reduced,0,0,No IEP,61,0.94
5020,13,Logan,Jones,2007-03-06,Other,2024-04-29,1,Full Price,0,0,No IEP,44,0.97
5021,13,Dakota,Hall,2014-12-17,Female,2023-08-23,1,Full Price,0,0,No IEP,80,0.82
5022,13,Noah,Walker,2015-07-18,Female,2023-02-07,1,Reduced,1,0,No IEP,83,0.88
5023,13,Harper,Johnson,2010-07-17,Male,2023-02-27,1,Free,0,0,No IEP,103,0.84
5024,13,Bailey,Walker,2013-01-16,Other,2024-05-19,1,Full Price,0,0,No IEP,71,0.95
5025,13,Alex,Garcia,2010-02-01,Male,2024-03-15,1,Reduced,0,0,No IEP,52,0.69
5026,13,Finley,Williams,2009-11-15,Other,2023-01-23,1,Reduced,0,0,No IEP,78,0.78
5027,13,Parker,Miller,2013-05-02,Male,2023-06-20,1,Free,0,0,No IEP,92,0.96
5028,13,Logan,Johnson,2012-05-22,Female,2023-06-22,1,Free,1,0,No IEP,46,0.67
5029,13,Finley,Hall,2020-11-19,Other,2022-10-08,1,Full Price,1,0,No IEP,45,0.79
5030,13,Isaiah,Brown,2006-04-03,Other,2024-05-05,1,Reduced,0,0,No IEP,55,0.93
5031,13,Eden,Lee,2007-02-13,Other,2023-08-07,1,Reduced,1,0,Current IEP,102,0.98
5032,13,Casey,Miller,2011-06-26,Female,2023-04-29,1,Free,0,0,No IEP,72,0.91
5033,13,Dakota,Johnson,2019-02-15,Female,2023-09-19,1,Free,0,0,Current IEP,44,0.61
5034,13,Logan,Smith,2020-09-09,Other,2023-01-29,1,Reduced,0,0,No IEP,77,0.95
5035,13,Eden,Young,2015-10-04,Female,2023-04-05,1,Reduced,0,0,No IEP,27,0.7
5036,13,Alex,Smith,2020-10-07,Other,2023-01-02,1,Reduced,0,0,Current IEP,87,0.78
5037,13,Eden,Johnson,2007-05-05,Other,2024-04-17,1,Reduced,0,1,No IEP,64,0.75
5038,13,Jordan,Johnson,2020-08-07,Other,2022-12-15,1,Free,0,0,Evaluation Pending,88,0.69
5039,13,Logan,Smith,2010-04-12,Male,2023-02-10,1,Reduced,0,0,Current IEP,54,0.75
5040,13,Bailey,Young,2018-05-26,Female,2023-11-08,1,Reduced,0,0,No IEP,64,0.94
5041,13,Dakota,Garcia,2016-03-18,Female,2023-02-24,1,Full Price,0,0,No IEP,51,0.94
5042,13,Alex,Jones,2006-04-13,Other,2024-02-24,1,Reduced,0,0,No IEP,89,0.89
5043,13,Casey,Lee,2013-03-03,Female,2022-06-25,1,Free,0,0,No IEP,95,0.79
5044,13,Dakota,Martinez,2015-02-18,Male,2023-12-31,1,Reduced,0,0,No IEP,55,0.9
5045,13,Bailey,Miller,2018-03-15,Female,2022-06-24,1,Free,0,1,No IEP,14,0.91
5046,13,Noah,Jones,2018-06-27,Other,2023-10-05,1,Free,0,0,No IEP,88,0.98
5047,13,Jordan,Martinez,2011-12-10,Other,2023-10-30,1,Full Price,0,0,No IEP,30,0.79
5048,13,Dakota,Rodriguez,2013-05-21,Other,2022-08-12,1,Reduced,1,0,No IEP,59,0.94
5049,13,Oliver,Lee,2013-03-26,Other,2024-01-13,1,Free,0,0,No IEP,51,0.74
5050,13,Harper,Allen,2011-10-12,Other,2023-10-02,1,Full Price,0,0,No IEP,46,0.54
5051,13,Oliver,Davis,2013-01-16,Female,2022-10-03,1,Free,0,0,No IEP,66,0.89
5052,13,Kendrick,Allen,2018-01-17,Other,2024-01-29,1,Free,0,0,No IEP,12,0.67
5053,13,Casey,Hall,2006-02-24,Other,2022-09-28,1,Free,0,0,No IEP,95,0.92
5054,13,Alex,Hall,2018-06-06,Female,2023-10-26,1,Reduced,0,0,No IEP,58,0.93
5055,13,Casey,Brown,2008-08-13,Other,2023-12-26,1,Free,0,0,No IEP,73,0.84
5056,13,Oliver,Jones,2015-03-19,Female,2023-03-20,1,Free,0,0,No IEP,60,0.65
5057,13,Oliver,Davis,2009-02-06,Female,2022-08-18,1,Free,0,0,No IEP,32,0.71
5058,13,Dakota,Young,2017-11-06,Other,2023-10-03,1,Free,0,0,Current IEP,32,0.79
5059,13,Noah,Brown,2019-04-27,Other,2024-01-22,1,Reduced,0,0,Current IEP,99,0.79
5060,13,Gabriel,White,2011-12-26,Female,2023-11-21,1,Free,0,0,No IEP,73,0.94
5061,13,Noah,Allen,2017-06-01,Male,2023-07-21,1,Free,1,0,Current IEP,65,0.84
5062,13,Finley,Lee,2006-10-12,Male,2024-05-15,1,Free,1,0,No IEP,90,0.93
5063,13,Morgan,Garcia,2015-10-17,Other,2024-01-18,1,Reduced,0,0,No IEP,35,0.66
5064,13,Harper,Young,2019-01-09,Other,2023-02-06,1,Free,1,0,No IEP,55,0.8
5065,13,Finley,Allen,2006-06-03,Male,2022-09-17,1,Free,1,0,Current IEP,98,0.95
5066,13,Kendrick,Allen,2011-08-18,Other,2023-02-04,1,Free,0,1,Current IEP,70,0.96
5067,13,Harper,Garcia,2006-11-21,Male,2023-09-17,1,Reduced,0,0,No IEP,102,0.97
5068,13,Finley,Johnson,2010-11-28,Male,2024-05-13,1,Reduced,1,0,Evaluation Pending,98,0.98
5069,13,Isaiah,Martinez,2012-02-13,Other,2022-08-02,1,Reduced,0,0,No IEP,87,0.95
5070,13,Finley,Rodriguez,2016-11-14,Female,2023-04-30,1,Reduced,0,0,No IEP,97,0.94
5071,13,Kendrick,White,2014-01-02,Other,2023-08-19,1,Free,0,0,No IEP,107,0.57
5072,13,Morgan,Young,2008-11-14,Other,2023-11-16,1,Full Price,0,1,No IEP,51,0.75
5073,13,Harper,Hall,2006-07-15,Male,2023-01-19,1,Free,0,0,Current IEP,89,0.9
5074,13,Noah,Allen,2008-02-12,Other,2023-03-26,1,Full Price,1,0,No IEP,51,0.82
5075,13,Noah,Rodriguez,2008-11-17,Female,2023-11-07,0,Reduced,0,0,No IEP,81,0.94
5076,13,Parker,Johnson,2008-09-01,Female,2023-11-08,1,Reduced,0,1,No IEP,57,0.84
5077,13,Dakota,Johnson,2009-03-07,Male,2023-09-02,0,Full Price,0,0,No IEP,83,0.9
5078,13,Eden,Garcia,2016-01-17,Male,2023-04-24,1,Full Price,0,1,No IEP,79,0.91
5079,13,Oliver,Martinez,2012-09-12,Female,2023-11-28,1,Free,0,0,No IEP,81,0.58
5080,13,Gabriel,Jones,2013-02-09,Female,2023-04-17,1,Free,1,0,No IEP,96,0.91
5081,13,Gabriel,Garcia,2007-04-24,Other,2023-10-15,1,Full Price,0,1,No IEP,92,0.83
5082,13,Alex,Brown,2014-12-11,Male,2023-02-02,1,Free,0,0,No IEP,85,0.96
5083,13,Logan,Brown,2008-07-09,Other,2023-06-05,1,Full Price,0,0,No IEP,95,0.7
5084,13,Gabriel,Smith,2010-10-03,Other,2023-02-14,1,Free,0,0,No IEP,99,0.92
5085,13,Gabriel,Davis,2010-12-13,Female,2023-12-23,1,Reduced,0,0,Current IEP,20,0.71
5086,13,Morgan,Garcia,2018-06-03,Male,2022-10-25,1,Free,0,0,No IEP,43,0.96
5087,13,Dakota,Walker,2019-03-02,Male,2023-08-09,0,Full Price,0,0,No IEP,2,0.96
5088,13,Dakota,Garcia,2017-08-28,Female,2022-12-18,1,Reduced,0,0,No IEP,56,0.73
5089,14,Morgan,Jones,2013-03-02,Female,2022-12-14,1,Reduced,0,0,No IEP,105,0.92
5090,14,Oliver,Martinez,2011-07-15,Other,2023-07-27,1,Reduced,0,1,No IEP,80,0.97
5091,14,Bailey,Johnson,2008-06-23,Female,2023-12-27,1,Reduced,0,0,Current IEP,50,0.7
5092,14,Parker,Hall,2019-12-21,Female,2023-05-10,1,Reduced,0,0,No IEP,27,0.82
5093,14,Bailey,Miller,2011-12-28,Female,2024-03-29,1,Full Price,0,0,No IEP,60,0.79
5094,14,Harper,Miller,2020-08-09,Male,2023-02-25,1,Free,0,0,No IEP,94,0.75
5095,14,Eden,Martinez,2012-08-10,Other,2023-08-29,1,Reduced,0,0,No IEP,67,0.93
5096,14,Eden,Hall,2007-12-21,Other,2024-05-23,1,Reduced,0,0,No IEP,33,0.81
5097,14,Logan,Williams,2015-09-10,Female,2022-12-30,1,Reduced,0,1,No IEP,83,0.71
5098,14,Noah,Young,2011-10-03,Other,2023-05-23,1,Full Price,0,0,No IEP,80,0.8
5099,14,Casey,Brown,2019-11-13,Female,2024-03-19,1,Reduced,0,0,Current IEP,86,0.92
5100,14,Noah,Garcia,2007-03-14,Other,2024-02-20,1,Reduced,0,0,No IEP,64,0.95
5101,14,Gabriel,Miller,2017-06-02,Other,2024-04-16,0,Reduced,1,0,No IEP,76,0.74
5102,14,Logan,Lee,2012-08-26,Other,2023-12-03,1,Free,0,0,No IEP,71,0.89
5103,14,Bailey,Miller,2013-10-01,Other,2024-03-30,1,Reduced,0,0,No IEP,81,0.91
5104,14,Parker,Johnson,2019-12-26,Male,2024-02-08,1,Free,0,0,No IEP,80,0.98
5105,14,Harper,Davis,2019-08-24,Female,2024-01-03,1,Free,0,0,Current IEP,85,0.97
5106,14,Gabriel,Martinez,2013-02-08,Male,2023-02-17,1,Free,0,0,No IEP,36,0.63
5107,14,Logan,Hall,2009-04-16,Other,2022-08-10,1,Reduced,1,0,No IEP,79,0.95
5108,14,Finley,Young,2007-06-01,Female,2023-06-02,0,Reduced,0,0,No IEP,49,0.72
5109,14,Finley,Johnson,2015-11-15,Other,2023-11-11,1,Free,0,0,No IEP,61,0.88
5110,14,Dakota,Garcia,2012-03-23,Female,2023-08-18,1,Reduced,0,0,No IEP,41,0.89
5111,14,Eden,Garcia,2017-09-18,Female,2023-03-12,1,Free,0,0,Current IEP,66,0.95
5112,14,Oliver,Johnson,2008-02-07,Male,2022-09-11,1,Reduced,0,0,No IEP,87,0.75
5113,14,Parker,Williams,2016-05-05,Female,2022-07-14,1,Reduced,1,1,No IEP,82,0.98
5114,14,Kendrick,Williams,2008-04-18,Male,2023-03-21,0,Full Price,0,0,No IEP,76,0.91
5115,14,Noah,Martinez,2009-03-18,Other,2023-07-11,1,Reduced,1,0,No IEP,35,0.72
5116,14,Jordan,Garcia,2011-09-15,Female,2024-05-19,1,Free,0,0,No IEP,64,0.92
5117,14,Dakota,Johnson,2019-07-12,Male,2023-08-03,1,Free,0,0,No IEP,102,0.7
5118,14,Harper,Walker,2015-02-14,Female,2023-04-05,1,Free,0,0,No IEP,83,0.74
5119,14,Harper,Garcia,2007-06-01,Other,2023-05-02,0,Free,1,0,No IEP,96,0.93
5120,14,Parker,Brown,2013-06-01,Female,2024-03-05,1,Reduced,1,0,Current IEP,75,0.82
5121,14,Parker,Hall,2008-04-04,Male,2023-07-03,0,Free,0,0,Evaluation Pending,93,0.78
5122,14,Bailey,Jones,2013-05-01,Female,2023-09-25,1,Free,0,0,Current IEP,66,0.74
5123,14,Isaiah,Hall,2019-07-23,Male,2023-12-25,1,Free,0,0,No IEP,61,0.79
5124,14,Parker,Smith,2006-03-08,Male,2023-12-27,1,Reduced,0,0,No IEP,54,0.83
5125,14,Oliver,White,2007-06-01,Female,2023-11-28,1,Reduced,1,0,No IEP,85,0.8
5126,14,Eden,Williams,2013-04-24,Other,2023-09-26,1,Free,0,0,Current IEP,68,0.84
5127,14,Alex,Walker,2013-06-06,Male,2023-11-21,1,Full Price,0,0,No IEP,37,0.68
5128,14,Logan,Jones,2015-09-03,Other,2023-02-14,1,Free,0,0,No IEP,107,0.93
5129,14,Dakota,Garcia,2020-06-13,Other,2023-12-31,1,Free,0,0,No IEP,86,0.74
5130,14,Casey,Walker,2013-12-05,Female,2023-03-29,1,Free,0,1,No IEP,36,0.84
5131,14,Casey,Rodriguez,2014-08-21,Female,2022-09-05,1,Full Price,0,0,No IEP,37,0.67
5132,14,Gabriel,Jones,2015-03-01,Female,2022-07-25,1,Reduced,0,0,No IEP,3,0.84
5133,14,Jordan,Allen,2008-04-17,Female,2024-03-12,1,Full Price,0,0,No IEP,75,0.88
5134,14,Casey,Garcia,2013-03-07,Female,2022-10-16,1,Full Price,0,0,Current IEP,44,0.52
5135,14,Casey,Brown,2015-10-17,Other,2023-01-13,1,Free,0,0,No IEP,76,0.78
5136,14,Harper,Jones,2014-01-09,Female,2022-07-30,1,Free,0,0,No IEP,46,0.6
5137,14,Eden,Hall,2010-12-16,Male,2023-01-12,1,Full Price,0,0,No IEP,58,0.94
5138,14,Gabriel,Miller,2018-07-28,Female,2023-07-12,1,Free,0,1,Current IEP,88,0.91
5139,14,Casey,Martinez,2008-07-28,Other,2023-05-02,1,Full Price,0,0,No IEP,20,0.72
5140,14,Isaiah,White,2012-10-25,Male,2023-09-18,1,Free,0,0,No IEP,40,0.74
5141,14,Eden,Davis,2015-06-27,Other,2024-01-02,1,Reduced,1,0,No IEP,79,0.9
5142,14,Kendrick,Johnson,2020-10-19,Male,2023-10-20,1,Full Price,1,0,No IEP,40,0.82
5143,14,Oliver,Miller,2020-05-06,Male,2023-03-06,1,Free,0,1,No IEP,77,0.88
5144,14,Oliver,Smith,2011-05-17,Other,2024-02-24,1,Free,0,0,No IEP,60,0.8
5145,14,Bailey,White,2017-03-13,Male,2023-09-12,1,Free,1,0,No IEP,103,0.89
5146,14,Gabriel,Young,2011-11-14,Female,2023-07-11,1,Free,0,0,No IEP,84,0.91
5147,14,Bailey,Jones,2008-04-01,Male,2023-06-02,1,Full Price,0,0,Current IEP,86,0.76
5148,14,Jordan,Young,2014-07-04,Female,2022-10-08,1,Free,0,0,No IEP,83,0.98
5149,14,Alex,Martinez,2015-09-06,Male,2022-08-13,1,Free,0,1,No IEP,84,0.97
5150,14,Isaiah,Garcia,2013-07-23,Female,2023-08-14,1,Full Price,0,1,No IEP,93,0.61
5151,14,Casey,Williams,2017-01-26,Female,2022-11-12,1,Reduced,0,0,No IEP,81,0.83
5152,14,Jordan,Smith,2018-10-08,Other,2023-01-26,0,Reduced,0,0,No IEP,48,0.92
5153,14,Eden,Johnson,2017-10-01,Other,2022-12-24,1,Free,0,1,No IEP,44,0.97
5154,14,Bailey,Hall,2007-03-01,Male,2023-08-29,1,Free,0,0,No IEP,82,0.93
5155,14,Parker,Allen,2018-05-01,Female,2023-08-15,1,Free,0,0,No IEP,52,0.71
5156,14,Casey,Miller,2009-01-04,Male,2023-10-18,0,Reduced,1,0,No IEP,85,0.89
5157,14,Casey,Allen,2015-03-05,Male,2022-07-11,1,Reduced,0,0,No IEP,73,0.94
5158,14,Bailey,Lee,2009-11-06,Female,2022-10-18,1,Full Price,0,0,No IEP,98,0.97
5159,14,Casey,Young,2015-06-13,Male,2024-02-18,1,Full Price,0,0,No IEP,82,0.95
5160,14,Kendrick,White,2008-08-08,Male,2024-03-03,1,Full Price,0,0,No IEP,56,0.91
5161,14,Logan,Rodriguez,2008-04-13,Female,2023-08-24,1,Reduced,1,0,No IEP,80,0.95
5162,14,Harper,Allen,2012-01-11,Female,2022-09-06,1,Reduced,0,0,No IEP,46,0.67
5163,14,Noah,Davis,2013-10-09,Female,2022-08-16,1,Free,0,0,No IEP,45,0.96
5164,14,Alex,Williams,2014-08-16,Female,2023-03-31,1,Full Price,0,0,No IEP,66,0.9
5165,14,Dakota,Martinez,2007-07-06,Male,2023-02-23,1,Full Price,0,0,No IEP,36,0.8
5166,14,Gabriel,Allen,2011-02-25,Female,2022-12-31,1,Free,0,0,No IEP,61,0.78
5167,14,Jordan,Allen,2014-01-14,Other,2023-10-21,0,Reduced,0,0,Current IEP,71,0.8
5168,14,Kendrick,Martinez,2016-09-26,Male,2022-09-08,1,Free,0,0,No IEP,17,0.71
5169,14,Kendrick,Lee,2013-06-22,Other,2023-05-27,1,Free,0,0,No IEP,79,0.76
5170,14,Harper,Brown,2018-04-12,Male,2024-01-10,1,Full Price,0,0,No IEP,88,0.93
5171,14,Jordan,Martinez,2009-04-20,Other,2022-07-04,1,Free,0,0,No IEP,51,0.8
5172,14,Parker,Lee,2006-06-01,Female,2023-08-23,1,Free,1,0,No IEP,98,0.93
5173,14,Logan,Lee,2006-07-15,Other,2022-11-16,1,Reduced,1,1,No IEP,53,0.91
5174,14,Logan,Hall,2007-08-12,Other,2023-01-17,0,Reduced,0,0,No IEP,28,0.67
5175,14,Casey,Williams,2006-09-25,Male,2024-03-18,1,Free,0,0,No IEP,49,0.68
5176,14,Bailey,Jones,2010-06-03,Male,2024-05-14,1,Free,0,0,No IEP,64,0.6
5177,14,Alex,White,2007-12-24,Other,2023-11-13,1,Reduced,0,0,No IEP,101,0.89
5178,14,Dakota,Davis,2018-09-15,Other,2024-01-29,1,Free,0,0,No IEP,36,0.63
5179,14,Alex,Rodriguez,2009-08-15,Male,2023-02-18,1,Reduced,0,0,No IEP,60,0.95
5180,14,Kendrick,Johnson,2014-10-18,Other,2023-12-18,1,Reduced,0,0,Current IEP,89,0.94
5181,14,Oliver,White,2020-06-28,Male,2022-09-18,1,Reduced,0,0,Current IEP,85,0.94
5182,14,Dakota,Brown,2010-07-02,Other,2023-10-18,1,Free,0,0,No IEP,88,0.9
5183,14,Finley,Young,2009-02-24,Male,2022-10-07,1,Full Price,0,0,No IEP,85,0.96
5184,14,Dakota,Brown,2020-11-26,Female,2024-01-18,1,Reduced,0,1,No IEP,79,0.69
5185,14,Finley,Brown,2012-10-24,Female,2023-05-09,1,Reduced,0,0,No IEP,88,0.96
5186,14,Parker,Garcia,2011-01-25,Female,2022-11-26,1,Reduced,0,0,No IEP,63,0.71
5187,14,Noah,Smith,2015-09-04,Male,2022-12-23,1,Reduced,0,0,No IEP,53,0.72
5188,14,Oliver,Hall,2006-11-18,Male,2024-04-08,1,Free,0,0,No IEP,64,0.72
5189,14,Eden,Garcia,2019-07-11,Female,2024-05-22,1,Full Price,0,1,No IEP,59,0.89
5190,14,Kendrick,Williams,2018-03-08,Female,2023-08-06,1,Reduced,0,1,No IEP,94,0.98
5191,14,Bailey,Allen,2014-05-16,Female,2023-03-04,1,Free,1,0,No IEP,52,0.91
5192,14,Morgan,Rodriguez,2006-05-22,Male,2022-11-07,1,Free,0,0,No IEP,83,0.92
5193,14,Alex,Walker,2009-08-28,Male,2022-12-06,1,Reduced,0,0,No IEP,99,0.93
5194,14,Gabriel,Brown,2010-09-18,Male,2023-04-06,1,Free,0,0,No IEP,35,0.79
5195,14,Jordan,Garcia,2006-09-14,Other,2022-07-02,1,Reduced,0,0,No IEP,89,0.96
5196,14,Parker,Davis,2020-05-15,Male,2023-07-27,1,Free,0,0,No IEP,96,0.95
5197,14,Eden,Lee,2013-01-24,Other,2022-09-11,1,Free,1,0,Current IEP,54,0.94
5198,14,Gabriel,Martinez,2012-08-06,Male,2023-09-17,1,Reduced,0,0,No IEP,76,0.78
5199,14,Parker,Johnson,2012-04-26,Female,2022-11-16,1,Reduced,0,0,No IEP,82,0.93
5200,14,Bailey,Johnson,2019-10-12,Male,2022-11-09,1,Reduced,0,0,No IEP,75,0.97
5201,14,Jordan,Lee,2013-09-26,Other,2024-03-22,1,Reduced,0,0,No IEP,74,0.89
5202,14,Dakota,Davis,2020-12-04,Male,2024-04-21,0,Free,0,0,No IEP,98,0.98
5203,14,Bailey,Williams,2012-05-17,Other,2024-04-29,1,Reduced,0,0,No IEP,95,0.93
5204,14,Gabriel,Garcia,2015-04-12,Female,2022-10-17,1,Full Price,0,1,No IEP,57,0.92
5205,14,Morgan,Rodriguez,2013-04-15,Other,2023-12-22,1,Full Price,0,0,No IEP,74,0.97
5206,14,Noah,Walker,2012-12-18,Male,2023-08-22,1,Free,0,0,Current IEP,97,0.89
5207,14,Kendrick,Hall,2012-03-08,Male,2024-01-12,1,Free,0,0,No IEP,67,0.83
5208,14,Isaiah,Hall,2008-10-10,Other,2024-01-13,1,Free,0,0,No IEP,87,0.96
5209,14,Noah,Jones,2016-02-28,Other,2022-11-14,1,Reduced,0,0,No IEP,67,0.9
5210,14,Finley,Martinez,2015-06-15,Female,2024-03-07,1,Reduced,0,0,No IEP,61,0.95
5211,14,Jordan,Johnson,2008-06-08,Other,2024-04-11,1,Reduced,0,0,No IEP,96,0.96
5212,14,Jordan,Brown,2007-04-21,Male,2024-05-10,1,Free,0,0,No IEP,91,0.9
5213,14,Finley,Hall,2020-02-06,Male,2023-03-17,1,Reduced,1,0,No IEP,38,0.61
5214,14,Jordan,Davis,2013-01-22,Other,2023-04-23,1,Free,0,0,No IEP,97,0.94
5215,14,Eden,Martinez,2018-05-04,Male,2023-06-15,1,Full Price,0,0,No IEP,73,0.82
5216,14,Logan,Jones,2011-05-21,Other,2023-01-28,1,Full Price,0,0,No IEP,68,0.97
5217,14,Noah,Rodriguez,2009-07-18,Female,2023-11-28,1,Full Price,0,1,Evaluation Pending,1,0.55
5218,14,Bailey,Walker,2014-11-22,Male,2024-01-21,1,Free,0,0,No IEP,53,0.77
5219,14,Morgan,Davis,2006-01-25,Other,2022-09-06,1,Reduced,0,0,No IEP,43,0.71
5220,14,Oliver,Hall,2009-01-07,Female,2023-12-23,1,Reduced,0,0,No IEP,105,0.95
5221,14,Jordan,Williams,2017-09-13,Male,2023-06-01,1,Full Price,0,0,No IEP,96,0.73
5222,14,Harper,Young,2012-02-03,Other,2023-02-06,1,Free,0,0,No IEP,40,0.67
5223,14,Finley,Rodriguez,2013-05-10,Male,2022-10-23,1,Free,0,0,No IEP,23,0.72
5224,14,Jordan,Rodriguez,2008-01-08,Male,2023-03-26,1,Free,0,0,No IEP,76,0.69
5225,14,Alex,Smith,2008-12-13,Other,2024-02-02,1,Full Price,0,1,No IEP,50,0.95
5226,14,Harper,Davis,2006-10-19,Male,2023-08-07,1,Free,0,0,No IEP,82,0.95
5227,14,Eden,Williams,2007-12-22,Male,2022-09-30,1,Full Price,0,0,No IEP,80,0.76
5228,14,Dakota,Hall,2013-04-05,Female,2024-02-26,1,Free,0,0,No IEP,72,0.81
5229,14,Noah,Jones,2011-06-14,Female,2024-01-29,1,Reduced,0,0,Current IEP,60,0.88
5230,14,Alex,Johnson,2016-08-03,Other,2023-06-08,1,Full Price,1,0,No IEP,59,0.96
5231,14,Bailey,Williams,2010-12-19,Male,2022-08-27,1,Reduced,0,0,No IEP,38,0.9
5232,14,Oliver,Martinez,2010-04-04,Female,2023-01-04,1,Reduced,0,0,Evaluation Pending,83,0.97
5233,14,Oliver,White,2018-11-16,Female,2024-03-01,1,Free,0,0,Current IEP,49,0.97
5234,14,Harper,Davis,2017-03-25,Female,2024-05-14,1,Reduced,1,0,Evaluation Pending,97,0.72
5235,14,Kendrick,Miller,2014-09-11,Male,2023-11-08,1,Reduced,0,0,No IEP,22,0.71
5236,14,Oliver,Garcia,2010-01-01,Other,2023-01-07,1,Reduced,0,0,No IEP,79,0.9
5237,14,Parker,Brown,2010-05-12,Other,2024-01-22,1,Full Price,0,0,No IEP,74,0.95
5238,14,Dakota,Johnson,2011-11-18,Female,2022-10-03,1,Free,0,0,Evaluation Pending,56,0.97
5239,14,Bailey,Rodriguez,2016-06-13,Other,2023-03-31,1,Free,0,0,No IEP,94,0.76
5240,14,Morgan,Allen,2013-05-01,Male,2022-07-22,1,Free,0,1,No IEP,32,0.73
5241,14,Morgan,White,2011-07-12,Other,2023-03-08,1,Full Price,0,1,Evaluation Pending,73,0.89
5242,14,Logan,Brown,2015-11-15,Male,2023-04-19,0,Reduced,1,0,No IEP,47,0.84
5243,14,Morgan,Walker,2011-01-03,Other,2023-10-07,0,Full Price,0,0,No IEP,56,0.9
5244,14,Finley,Brown,2016-05-15,Female,2022-09-18,1,Full Price,1,0,No IEP,85,0.92
5245,14,Oliver,Martinez,2019-07-17,Male,2022-12-22,1,Full Price,0,0,No IEP,46,0.62
5246,14,Parker,Martinez,2012-07-11,Male,2023-07-09,1,Full Price,0,0,No IEP,83,0.93
5247,14,Kendrick,White,2016-02-26,Female,2023-06-03,1,Full Price,0,0,No IEP,63,0.9
5248,14,Jordan,Williams,2014-07-25,Other,2023-03-17,1,Free,0,0,No IEP,77,0.97
5249,14,Jordan,Allen,2013-07-13,Female,2023-09-01,1,Free,0,0,No IEP,63,0.94
5250,14,Casey,White,2018-12-06,Female,2022-11-02,1,Free,0,0,No IEP,66,0.84
5251,14,Bailey,Garcia,2016-04-16,Male,2023-11-26,1,Full Price,0,0,No IEP,48,0.59
5252,14,Eden,Miller,2009-05-19,Female,2023-11-01,1,Reduced,0,1,No IEP,67,0.72
5253,14,Kendrick,Garcia,2019-09-19,Female,2022-08-26,1,Reduced,0,0,No IEP,74,0.71
5254,14,Gabriel,Johnson,2017-11-08,Male,2024-02-06,1,Free,0,0,No IEP,44,0.55
5255,14,Harper,Brown,2016-04-02,Male,2024-03-03,1,Reduced,0,0,No IEP,88,0.76
5256,14,Harper,Allen,2011-05-13,Male,2022-09-18,0,Full Price,0,0,No IEP,76,0.84
5257,14,Logan,Allen,2013-01-08,Other,2023-02-09,1,Reduced,0,1,No IEP,95,0.91
5258,14,Parker,Martinez,2010-06-04,Female,2022-06-29,1,Reduced,0,0,No IEP,64,0.76
5259,14,Kendrick,Young,2006-09-13,Other,2022-09-28,1,Free,0,0,No IEP,67,0.97
5260,14,Isaiah,Rodriguez,2012-02-04,Female,2023-09-29,1,Full Price,0,0,No IEP,86,0.71
5261,14,Harper,Williams,2015-11-03,Male,2022-10-03,1,Free,0,0,No IEP,37,0.89
5262,14,Kendrick,Johnson,2010-08-25,Other,2023-05-01,1,Reduced,1,0,No IEP,65,0.91
5263,14,Jordan,Brown,2016-04-26,Male,2023-08-05,1,Full Price,0,0,No IEP,89,0.93
5264,14,Kendrick,Hall,2010-05-24,Other,2023-11-12,1,Free,0,0,No IEP,75,0.94
5265,14,Oliver,Lee,2008-12-25,Male,2024-01-13,1,Free,0,1,No IEP,89,0.97
5266,14,Finley,Johnson,2018-02-23,Female,2023-06-04,1,Free,0,0,No IEP,69,0.79
5267,14,Isaiah,Hall,2006-06-20,Female,2023-11-03,1,Free,0,0,No IEP,76,0.77
5268,14,Parker,Lee,2017-07-21,Male,2023-12-01,1,Free,0,0,No IEP,49,0.91
5269,14,Logan,Lee,2010-05-05,Male,2023-03-01,1,Reduced,0,0,No IEP,66,0.94
5270,14,Jordan,Walker,2013-04-24,Other,2022-11-26,1,Full Price,0,0,Current IEP,94,0.9
5271,14,Casey,Allen,2011-05-04,Female,2023-06-20,1,Free,0,0,No IEP,69,0.83
5272,14,Morgan,Martinez,2014-09-17,Other,2023-05-05,1,Reduced,1,0,No IEP,20,0.55
5273,14,Bailey,White,2007-03-23,Other,2024-04-23,1,Reduced,1,0,Current IEP,101,0.75
5274,14,Harper,Lee,2010-09-12,Male,2023-07-31,1,Free,0,0,No IEP,78,0.88
5275,14,Casey,Hall,2013-04-28,Male,2024-03-15,0,Free,1,0,No IEP,99,0.89
5276,14,Harper,Hall,2015-05-24,Male,2022-07-23,1,Reduced,0,0,No IEP,87,0.97
5277,14,Isaiah,Johnson,2018-08-14,Female,2023-07-06,1,Reduced,0,1,Evaluation Pending,69,0.77
5278,14,Alex,Miller,2019-07-21,Female,2023-01-21,1,Free,1,0,No IEP,67,0.95
5279,14,Finley,Garcia,2020-01-01,Female,2023-09-10,1,Reduced,0,0,No IEP,60,0.88
5280,14,Isaiah,Allen,2014-08-12,Male,2023-08-10,1,Reduced,0,0,Current IEP,69,0.85
5281,14,Gabriel,Davis,2007-05-04,Male,2023-07-10,1,Full Price,0,0,No IEP,49,0.61
5282,14,Alex,Walker,2011-04-17,Other,2023-08-15,1,Free,0,0,No IEP,58,0.95
5283,14,Casey,White,2007-11-20,Other,2022-11-10,1,Full Price,0,0,No IEP,107,0.77
5284,14,Morgan,Martinez,2014-05-06,Male,2023-11-24,1,Free,0,0,No IEP,30,0.83
5285,14,Finley,Martinez,2014-07-02,Female,2024-02-12,1,Free,0,0,No IEP,37,0.79
5286,14,Bailey,Jones,2015-01-24,Other,2024-01-05,1,Full Price,0,1,Evaluation Pending,86,0.93
5287,14,Noah,Brown,2013-07-04,Other,2023-05-06,1,Free,0,0,No IEP,78,0.9
5288,14,Jordan,Lee,2013-01-21,Male,2023-06-22,1,Free,0,0,No IEP,78,0.97
5289,14,Alex,Miller,2007-05-01,Other,2023-04-24,1,Full Price,0,0,No IEP,50,0.77
5290,14,Noah,Garcia,2018-04-15,Male,2023-08-30,1,Full Price,0,0,No IEP,73,0.93
5291,14,Eden,White,2012-05-24,Female,2023-10-13,1,Free,0,0,No IEP,75,0.9
5292,14,Eden,Brown,2011-01-26,Male,2023-03-23,1,Reduced,0,0,No IEP,47,0.74
5293,14,Logan,White,2009-01-10,Male,2023-06-25,0,Free,0,0,No IEP,53,0.8
5294,14,Eden,Brown,2020-07-26,Male,2023-07-24,1,Full Price,0,0,No IEP,54,0.78
5295,14,Gabriel,White,2020-05-14,Other,2023-10-20,1,Reduced,1,0,No IEP,63,0.78
5296,14,Harper,Johnson,2011-10-22,Male,2022-11-29,0,Full Price,0,0,No IEP,92,0.91
5297,14,Harper,White,2009-01-15,Other,2023-08-27,1,Reduced,0,0,Current IEP,61,0.7
5298,14,Parker,Lee,2006-11-15,Male,2022-11-12,1,Free,0,0,No IEP,54,0.95
5299,14,Oliver,Garcia,2011-08-02,Other,2023-11-14,1,Free,0,0,No IEP,85,0.78
5300,14,Jordan,Lee,2011-08-11,Other,2024-02-08,1,Full Price,0,0,No IEP,43,0.82
5301,14,Harper,Williams,2018-09-21,Male,2023-02-02,1,Free,0,0,No IEP,10,0.7
5302,14,Kendrick,Rodriguez,2017-08-07,Other,2022-11-27,1,Reduced,0,0,No IEP,75,0.71
5303,14,Bailey,Brown,2011-11-28,Other,2022-12-03,1,Free,0,0,Evaluation Pending,77,0.9
5304,14,Oliver,Davis,2016-01-05,Male,2022-08-13,1,Full Price,0,0,No IEP,52,0.75
5305,14,Dakota,Davis,2011-04-16,Male,2022-12-30,1,Free,1,1,No IEP,90,0.93
5306,14,Eden,Miller,2006-03-13,Other,2023-07-25,1,Reduced,0,0,No IEP,90,0.91
5307,14,Parker,Rodriguez,2006-07-21,Male,2022-12-02,1,Full Price,0,0,Current IEP,24,0.51
5308,14,Logan,Walker,2006-08-23,Female,2023-10-01,1,Full Price,0,0,No IEP,1,0.56
5309,14,Casey,Martinez,2016-04-04,Male,2024-05-17,0,Free,0,0,No IEP,52,0.93
5310,14,Harper,Brown,2017-09-17,Female,2023-06-12,1,Free,0,0,No IEP,99,0.94
5311,14,Morgan,Garcia,2016-08-03,Female,2023-01-19,1,Free,0,0,No IEP,82,0.91
5312,14,Isaiah,Walker,2019-11-19,Female,2024-02-22,0,Free,0,0,No IEP,60,0.93
5313,14,Casey,Miller,2016-05-20,Other,2023-07-22,1,Free,1,0,No IEP,54,0.88
5314,14,Jordan,Miller,2014-10-06,Other,2023-01-08,1,Full Price,1,0,No IEP,61,0.8
5315,14,Alex,Brown,2020-01-19,Male,2023-10-09,1,Reduced,0,0,No IEP,60,0.91
5316,14,Gabriel,Allen,2017-09-11,Male,2023-01-23,1,Reduced,0,0,No IEP,99,0.88
5317,14,Parker,Johnson,2016-05-18,Male,2022-10-16,1,Reduced,1,0,No IEP,74,0.66
5318,14,Isaiah,Davis,2010-07-21,Female,2023-05-03,1,Full Price,0,0,No IEP,54,0.94
5319,14,Parker,Williams,2007-10-15,Male,2022-12-19,1,Full Price,0,0,No IEP,32,0.8
5320,14,Jordan,Hall,2010-04-25,Female,2024-02-02,1,Reduced,0,0,No IEP,73,0.97
5321,14,Jordan,Davis,2018-10-23,Male,2024-02-17,1,Reduced,1,0,No IEP,88,0.8
5322,14,Parker,Walker,2020-07-27,Male,2022-09-08,1,Reduced,0,0,No IEP,76,0.92
5323,14,Logan,Lee,2018-05-14,Other,2022-07-13,1,Free,0,0,No IEP,50,0.92
5324,14,Morgan,Brown,2015-09-21,Male,2023-03-30,1,Free,1,0,No IEP,92,0.92
5325,14,Gabriel,Smith,2012-03-24,Other,2023-07-15,1,Reduced,0,0,No IEP,78,0.95
5326,14,Dakota,Allen,2013-08-24,Other,2023-03-21,1,Full Price,0,0,No IEP,56,0.9
5327,14,Isaiah,Garcia,2007-11-19,Male,2023-01-20,1,Reduced,0,0,No IEP,65,0.7
5328,14,Harper,Brown,2007-11-01,Male,2023-11-01,1,Free,0,0,No IEP,39,0.68
5329,14,Morgan,Johnson,2006-12-13,Male,2024-02-01,1,Full Price,0,0,No IEP,77,0.95
5330,14,Jordan,Smith,2017-09-21,Female,2023-04-23,1,Free,0,0,No IEP,48,0.98
5331,14,Jordan,Lee,2019-01-12,Other,2024-02-07,0,Reduced,1,0,No IEP,58,0.94
5332,14,Morgan,Davis,2016-08-16,Male,2024-02-26,1,Full Price,0,0,No IEP,50,0.74
5333,14,Dakota,Jones,2018-11-08,Male,2023-02-01,1,Reduced,0,0,No IEP,63,0.69
5334,14,Noah,Miller,2019-04-26,Other,2024-01-16,1,Free,1,1,Current IEP,78,0.57
5335,14,Gabriel,Allen,2009-05-06,Female,2022-07-06,1,Free,0,0,No IEP,42,0.83
5336,14,Jordan,Hall,2019-03-21,Male,2022-12-04,1,Reduced,1,1,No IEP,87,0.69
5337,14,Eden,White,2019-07-21,Other,2022-08-30,1,Free,0,0,No IEP,75,0.92
5338,14,Parker,Young,2018-03-17,Male,2022-12-23,1,Full Price,0,1,No IEP,20,0.73
5339,14,Logan,Lee,2007-04-27,Other,2023-06-04,1,Free,0,0,Evaluation Pending,106,0.98
5340,14,Parker,Rodriguez,2010-12-27,Male,2023-02-28,1,Reduced,0,0,No IEP,98,0.88
5341,14,Alex,Walker,2015-11-08,Other,2023-09-06,1,Reduced,0,0,Current IEP,46,0.71
5342,14,Gabriel,Rodriguez,2013-05-06,Other,2023-05-30,1,Free,0,0,No IEP,79,0.9
5343,14,Morgan,Williams,2019-05-03,Other,2022-07-18,1,Free,0,0,No IEP,72,0.89
5344,14,Kendrick,Hall,2009-08-01,Other,2022-08-08,1,Free,0,0,No IEP,67,0.89
5345,14,Harper,Johnson,2010-07-23,Female,2022-09-13,1,Reduced,0,0,No IEP,78,0.9
5346,14,Kendrick,Smith,2012-06-03,Other,2023-12-06,1,Reduced,0,0,No IEP,99,0.95
5347,14,Parker,Smith,2016-11-12,Other,2024-01-11,1,Full Price,0,0,No IEP,31,0.78
5348,14,Alex,Jones,2010-02-26,Male,2024-03-08,1,Reduced,1,0,No IEP,60,0.92
5349,14,Parker,Smith,2012-01-06,Other,2024-02-12,1,Full Price,0,0,No IEP,66,0.93
5350,14,Casey,Young,2009-07-26,Female,2022-12-20,1,Full Price,0,0,No IEP,51,0.51
5351,14,Bailey,White,2009-04-24,Female,2024-04-22,1,Full Price,0,1,No IEP,77,0.98
5352,14,Kendrick,White,2018-03-14,Male,2023-11-09,1,Free,1,1,No IEP,73,0.89
5353,14,Jordan,Jones,2009-06-02,Other,2023-07-20,1,Reduced,0,0,No IEP,21,0.96
5354,14,Oliver,Williams,2015-01-23,Male,2024-01-28,1,Free,0,0,No IEP,13,0.72
5355,14,Finley,Young,2015-12-19,Other,2022-10-09,1,Reduced,0,0,No IEP,33,0.55
5356,14,Kendrick,Miller,2018-04-26,Female,2024-02-24,1,Free,1,0,Current IEP,72,0.65
5357,14,Logan,Johnson,2015-12-04,Female,2023-03-14,1,Reduced,0,0,No IEP,52,0.96
5358,14,Bailey,Martinez,2007-03-05,Male,2023-07-09,1,Full Price,0,0,No IEP,41,0.78
5359,14,Eden,Lee,2010-05-01,Female,2023-06-16,1,Full Price,0,0,Current IEP,50,0.76
5360,14,Finley,White,2015-01-12,Other,2024-05-24,1,Reduced,0,0,No IEP,85,0.92
5361,14,Dakota,Davis,2017-12-22,Male,2023-03-26,1,Full Price,0,0,No IEP,55,0.84
5362,14,Finley,White,2009-03-16,Female,2023-07-08,1,Free,1,0,No IEP,42,0.8
5363,14,Kendrick,Young,2010-03-21,Male,2024-04-27,1,Free,0,0,No IEP,66,0.85
5364,14,Eden,Smith,2010-04-08,Other,2024-02-24,1,Free,0,0,No IEP,52,0.9
5365,14,Kendrick,White,2012-07-19,Female,2024-05-12,1,Full Price,0,0,No IEP,73,0.81
5366,14,Morgan,Martinez,2018-06-27,Female,2023-05-28,1,Reduced,0,0,No IEP,31,0.52
5367,14,Parker,Young,2010-11-12,Female,2023-08-09,1,Reduced,0,0,No IEP,52,0.95
5368,14,Parker,Miller,2010-06-06,Male,2023-02-19,0,Free,0,0,No IEP,45,0.61
5369,14,Dakota,Walker,2014-01-09,Female,2023-01-30,1,Free,0,0,No IEP,80,0.71
5370,14,Harper,Davis,2013-08-28,Female,2022-08-18,0,Full Price,0,0,No IEP,71,0.82
5371,14,Oliver,Jones,2016-01-24,Male,2022-08-03,1,Reduced,0,0,No IEP,24,0.95
5372,14,Alex,Brown,2007-11-19,Male,2022-07-06,1,Reduced,0,0,No IEP,62,0.94
5373,14,Jordan,Garcia,2015-09-07,Other,2023-07-20,1,Reduced,1,1,No IEP,62,0.73
5374,14,Morgan,Davis,2009-03-03,Male,2023-10-12,1,Reduced,0,0,No IEP,50,0.91
5375,14,Isaiah,Lee,2016-04-16,Female,2023-09-25,1,Reduced,0,0,No IEP,73,0.73
5376,14,Harper,Johnson,2010-08-05,Male,2023-06-08,0,Reduced,0,0,No IEP,109,0.92
5377,14,Kendrick,Davis,2011-05-10,Male,2024-05-17,1,Free,0,0,No IEP,97,0.96
5378,14,Morgan,Jones,2020-05-19,Other,2023-11-15,1,Full Price,0,0,No IEP,49,0.63
5379,14,Dakota,Rodriguez,2009-03-09,Other,2022-10-16,1,Reduced,0,1,No IEP,40,0.8
5380,14,Noah,Johnson,2011-09-12,Male,2023-04-02,1,Free,0,0,No IEP,31,0.76
5381,14,Alex,Hall,2010-06-28,Male,2022-08-08,1,Free,1,0,No IEP,100,0.89
5382,14,Jordan,Hall,2020-10-27,Other,2024-04-22,0,Free,0,0,No IEP,56,0.84
5383,14,Dakota,Young,2015-04-13,Male,2022-10-15,1,Free,0,0,No IEP,33,0.62
5384,14,Kendrick,Rodriguez,2012-03-23,Other,2024-02-27,1,Free,0,0,Evaluation Pending,78,0.77
5385,14,Isaiah,Walker,2011-02-06,Other,2023-04-06,1,Full Price,0,0,No IEP,65,0.74
5386,14,Casey,Martinez,2009-01-07,Female,2023-01-17,1,Reduced,0,0,No IEP,59,0.91
5387,14,Finley,Brown,2012-04-13,Other,2023-06-11,1,Reduced,0,0,No IEP,65,0.83
5388,14,Oliver,Davis,2014-12-03,Other,2023-09-09,1,Free,0,0,No IEP,65,0.94
5389,14,Parker,Young,2012-12-21,Female,2022-06-28,1,Full Price,0,0,Current IEP,44,0.81
5390,14,Logan,Hall,2006-08-21,Male,2023-10-22,1,Free,0,0,No IEP,81,0.92
5391,14,Dakota,Hall,2014-01-09,Other,2022-08-25,1,Full Price,0,0,No IEP,41,0.82
5392,14,Finley,Hall,2018-12-14,Other,2024-05-05,1,Reduced,1,0,No IEP,78,0.67
5393,14,Oliver,Brown,2014-04-25,Other,2023-12-28,1,Full Price,0,0,No IEP,10,0.91
5394,14,Casey,Garcia,2010-01-09,Female,2023-01-28,1,Reduced,0,0,No IEP,69,0.88
5395,14,Eden,Jones,2009-02-22,Other,2022-09-07,0,Reduced,0,0,Current IEP,54,0.88
5396,14,Alex,Martinez,2013-11-20,Female,2022-11-25,1,Free,1,0,No IEP,43,0.81
5397,14,Finley,Young,2014-07-09,Male,2023-09-04,1,Full Price,0,0,No IEP,86,0.95
5398,14,Bailey,Walker,2019-02-03,Female,2024-03-25,1,Full Price,0,0,No IEP,68,0.98
5399,14,Jordan,Jones,2007-06-23,Female,2022-11-25,1,Reduced,0,0,No IEP,55,0.77
5400,14,Harper,Rodriguez,2019-11-03,Other,2024-04-15,1,Reduced,0,0,No IEP,94,0.74
5401,14,Alex,Williams,2007-01-02,Female,2024-04-02,1,Full Price,0,0,No IEP,87,0.91
5402,14,Oliver,Garcia,2012-02-02,Male,2022-12-21,1,Reduced,1,0,No IEP,55,0.74
5403,14,Morgan,Martinez,2019-01-11,Female,2022-09-18,1,Free,1,0,No IEP,67,0.71
5404,14,Oliver,Rodriguez,2012-11-08,Male,2023-07-27,1,Free,1,1,No IEP,79,0.93
5405,14,Jordan,Martinez,2010-11-09,Other,2023-05-30,1,Full Price,1,0,No IEP,76,0.75
5406,14,Noah,Martinez,2006-08-26,Male,2024-01-04,1,Free,1,0,No IEP,2,0.75
5407,14,Dakota,Hall,2011-06-05,Male,2022-08-28,0,Reduced,0,0,No IEP,94,0.78
5408,14,Noah,Smith,2018-07-13,Female,2024-03-22,1,Free,0,0,Current IEP,66,0.77
5409,14,Eden,Garcia,2020-07-12,Other,2022-10-29,1,Free,0,1,No IEP,64,0.92
5410,14,Eden,Lee,2020-07-21,Other,2023-04-07,1,Free,0,0,No IEP,87,0.8
5411,14,Logan,Johnson,2017-07-06,Other,2023-04-05,1,Reduced,0,0,No IEP,82,0.93
5412,14,Isaiah,Davis,2018-07-10,Other,2022-09-07,1,Reduced,0,1,Current IEP,105,0.95
5413,14,Isaiah,White,2012-05-24,Male,2022-11-13,1,Reduced,0,1,No IEP,102,0.97
5414,14,Noah,Johnson,2020-03-07,Female,2023-04-01,1,Free,1,0,No IEP,53,0.65
5415,14,Parker,Brown,2010-04-03,Male,2023-06-04,1,Full Price,0,0,Evaluation Pending,81,0.74
5416,14,Morgan,Allen,2011-08-12,Male,2023-03-10,1,Full Price,0,1,No IEP,83,0.81
5417,14,Isaiah,Jones,2019-12-24,Male,2024-05-22,1,Free,0,0,No IEP,107,0.9
5418,14,Isaiah,Lee,2013-01-18,Male,2023-09-07,1,Reduced,0,0,No IEP,32,0.81
5419,14,Finley,Smith,2018-03-04,Female,2023-06-03,1,Full Price,0,0,No IEP,106,0.97
5420,14,Eden,Davis,2009-05-04,Other,2023-06-20,1,Free,0,0,No IEP,109,0.94
5421,14,Gabriel,Miller,2012-11-17,Other,2022-06-28,1,Full Price,0,0,No IEP,34,0.95
5422,14,Alex,Davis,2013-11-15,Male,2023-02-02,1,Reduced,1,0,No IEP,70,0.61
5423,14,Alex,Hall,2014-12-03,Other,2023-07-16,1,Free,0,0,No IEP,33,0.8
5424,14,Gabriel,Williams,2012-08-02,Female,2023-07-17,1,Reduced,0,0,No IEP,77,0.91
5425,14,Bailey,Williams,2011-01-24,Male,2023-01-12,1,Free,0,0,No IEP,62,0.89
5426,14,Jordan,Hall,2009-09-07,Other,2022-06-26,1,Reduced,0,0,No IEP,57,0.81
5427,14,Harper,Johnson,2010-07-12,Male,2022-11-10,1,Reduced,0,0,No IEP,46,0.96
5428,14,Parker,Williams,2007-05-11,Male,2024-02-26,1,Free,1,0,No IEP,63,0.81
5429,14,Bailey,Brown,2009-08-13,Female,2022-06-30,1,Free,0,0,No IEP,51,0.74
5430,14,Parker,Miller,2017-06-21,Female,2022-08-23,1,Free,1,0,Current IEP,94,0.97
5431,14,Noah,Smith,2010-01-17,Other,2024-01-13,1,Full Price,1,0,No IEP,52,0.94
5432,14,Dakota,Williams,2014-09-18,Female,2023-04-06,1,Reduced,0,0,No IEP,92,0.95
5433,14,Morgan,Davis,2013-04-16,Other,2023-12-16,1,Free,1,0,No IEP,69,0.71
5434,14,Harper,Rodriguez,2018-11-09,Male,2022-10-26,1,Reduced,0,0,No IEP,96,0.9
5435,14,Noah,Martinez,2018-01-20,Female,2022-11-24,1,Reduced,0,0,No IEP,34,0.67
5436,14,Alex,Brown,2010-04-13,Female,2023-11-30,1,Free,0,0,Current IEP,32,0.83
5437,14,Bailey,Lee,2013-02-09,Male,2023-10-23,1,Full Price,0,1,No IEP,75,0.91
5438,14,Eden,Martinez,2017-11-06,Other,2024-02-13,1,Reduced,0,0,No IEP,92,0.79
5439,14,Harper,Miller,2014-02-19,Male,2022-07-24,1,Full Price,0,0,No IEP,56,0.72
5440,14,Eden,Johnson,2013-03-17,Female,2023-04-17,1,Free,0,0,No IEP,72,0.72
5441,14,Parker,Miller,2016-02-27,Female,2022-09-20,1,Full Price,0,0,No IEP,44,0.68
5442,14,Jordan,Davis,2019-06-04,Male,2022-12-11,1,Reduced,0,0,No IEP,80,0.93
5443,14,Alex,Allen,2015-07-01,Other,2022-12-13,1,Reduced,0,0,No IEP,75,0.93
5444,14,Alex,White,2013-05-05,Other,2023-03-15,1,Free,0,0,No IEP,87,0.76
5445,14,Parker,Martinez,2016-01-25,Female,2023-01-22,1,Free,0,0,Current IEP,67,0.88
5446,14,Bailey,Lee,2008-10-03,Other,2023-07-15,1,Reduced,1,0,No IEP,52,0.52
5447,14,Morgan,Jones,2008-07-12,Other,2024-05-11,1,Reduced,0,0,No IEP,36,0.89
5448,14,Dakota,Rodriguez,2009-05-15,Other,2024-03-21,1,Reduced,0,0,No IEP,52,0.91
5449,14,Noah,Williams,2010-09-27,Female,2024-03-19,1,Free,1,0,No IEP,83,0.97
5450,14,Alex,Miller,2011-12-21,Female,2023-03-22,1,Free,0,0,Current IEP,54,0.97
5451,14,Morgan,Davis,2010-02-09,Other,2023-05-04,1,Reduced,0,0,No IEP,63,0.95
5452,14,Oliver,Miller,2007-05-28,Female,2024-05-18,1,Free,0,0,No IEP,93,0.89
5453,14,Dakota,Williams,2007-04-08,Other,2024-04-09,1,Reduced,0,0,No IEP,12,0.61
5454,14,Harper,White,2008-11-11,Female,2023-08-11,1,Full Price,0,0,No IEP,92,0.94
5455,14,Gabriel,Rodriguez,2019-05-16,Other,2023-09-18,1,Full Price,0,0,No IEP,62,0.71
5456,14,Harper,Smith,2015-12-04,Male,2023-06-24,1,Reduced,0,0,No IEP,72,0.73
5457,14,Casey,Williams,2019-04-21,Male,2023-12-05,1,Free,0,0,Current IEP,54,0.92
5458,14,Oliver,Davis,2009-11-14,Female,2023-06-04,1,Reduced,1,0,No IEP,34,0.85
5459,14,Alex,Miller,2015-12-03,Female,2022-07-23,1,Free,0,0,No IEP,50,0.95
5460,14,Isaiah,Walker,2018-08-20,Female,2023-11-29,1,Free,1,0,No IEP,39,0.95
5461,14,Noah,Martinez,2014-02-08,Other,2023-04-16,1,Reduced,0,0,Current IEP,72,0.93
5462,14,Logan,Davis,2013-07-17,Other,2023-06-21,1,Full Price,0,0,Current IEP,84,0.92
5463,14,Noah,Allen,2009-11-13,Other,2024-02-09,1,Reduced,0,0,No IEP,62,0.96
5464,14,Morgan,Williams,2016-09-10,Other,2023-03-13,1,Free,0,0,No IEP,23,0.89
5465,14,Gabriel,Miller,2009-10-17,Other,2024-04-10,1,Full Price,1,0,No IEP,26,0.82
5466,14,Dakota,Young,2017-06-08,Other,2023-04-07,1,Free,0,0,No IEP,11,0.57
5467,14,Bailey,Brown,2020-11-06,Male,2024-04-21,1,Full Price,0,0,No IEP,80,0.88
5468,14,Oliver,Martinez,2015-07-12,Male,2023-12-18,1,Reduced,0,0,No IEP,68,0.98
5469,14,Noah,Miller,2017-07-15,Male,2023-02-26,1,Free,0,0,No IEP,72,0.89
5470,14,Gabriel,White,2010-06-21,Male,2022-07-30,1,Full Price,0,0,No IEP,57,0.93
5471,14,Eden,Davis,2011-08-23,Other,2022-12-04,1,Reduced,0,0,No IEP,60,0.96
5472,14,Noah,Jones,2013-02-14,Female,2023-04-25,1,Reduced,0,0,No IEP,17,0.63
5473,14,Finley,Williams,2014-11-28,Male,2022-10-30,1,Reduced,0,0,No IEP,83,0.96
5474,14,Noah,Lee,2019-01-02,Female,2023-10-10,1,Full Price,0,0,No IEP,82,0.98
5475,14,Eden,Hall,2010-08-03,Female,2023-05-26,1,Full Price,0,0,No IEP,64,0.91
5476,14,Jordan,Martinez,2015-03-08,Other,2023-10-24,0,Reduced,0,0,No IEP,74,0.96
5477,14,Casey,Davis,2008-05-26,Male,2023-03-27,1,Full Price,0,0,No IEP,73,0.94
5478,14,Morgan,Jones,2016-01-06,Other,2022-11-12,1,Free,0,0,No IEP,49,0.68
5479,14,Oliver,Garcia,2015-09-13,Male,2023-04-23,1,Full Price,0,1,No IEP,58,0.95
5480,14,Dakota,Miller,2017-04-16,Other,2023-11-09,1,Reduced,0,1,No IEP,79,0.96
5481,14,Harper,White,2009-12-12,Other,2024-02-09,1,Free,0,0,No IEP,69,0.72
5482,14,Eden,Martinez,2013-09-25,Female,2024-03-10,1,Reduced,0,0,No IEP,65,0.96
5483,14,Isaiah,Williams,2010-07-19,Other,2024-05-23,1,Full Price,0,0,No IEP,65,0.96
5484,14,Dakota,Williams,2010-09-09,Male,2023-07-28,1,Full Price,0,0,No IEP,61,0.95
5485,14,Oliver,Williams,2008-11-10,Female,2023-08-08,1,Reduced,0,0,No IEP,67,0.73
5486,14,Logan,Rodriguez,2013-01-11,Other,2023-11-12,1,Free,0,0,No IEP,50,0.91
5487,14,Parker,Allen,2007-06-24,Other,2023-10-26,1,Free,0,0,No IEP,42,0.96
5488,14,Casey,Walker,2017-09-03,Other,2024-04-23,1,Free,0,0,No IEP,88,0.95
5489,14,Casey,Young,2006-11-22,Other,2023-01-21,1,Full Price,0,1,No IEP,25,0.84
5490,14,Noah,Walker,2008-01-26,Other,2024-05-20,1,Reduced,0,0,No IEP,65,0.88
5491,14,Kendrick,Miller,2016-05-22,Other,2022-12-27,1,Reduced,0,0,No IEP,84,0.88
5492,14,Morgan,Walker,2020-02-28,Male,2023-04-05,1,Reduced,0,0,No IEP,104,0.98
5493,14,Eden,Rodriguez,2011-04-01,Female,2023-07-17,1,Full Price,0,0,No IEP,52,0.75
5494,14,Casey,Lee,2009-04-10,Female,2023-09-23,1,Full Price,0,0,No IEP,107,0.73
5495,14,Alex,Lee,2009-07-22,Other,2022-07-06,1,Full Price,0,0,No IEP,63,0.89
5496,14,Dakota,Hall,2020-11-04,Male,2023-12-26,1,Full Price,1,0,No IEP,102,0.85
5497,14,Finley,Williams,2009-05-13,Female,2023-01-30,1,Reduced,0,0,No IEP,12,0.69
5498,14,Eden,Martinez,2020-01-19,Other,2023-02-16,1,Free,0,0,No IEP,11,0.82
5499,14,Noah,Allen,2010-08-14,Male,2022-10-11,1,Free,0,0,Evaluation Pending,24,0.75
5500,15,Bailey,White,2013-07-24,Male,2023-09-02,1,Reduced,0,0,No IEP,32,0.76
5501,15,Alex,Walker,2008-12-01,Female,2023-02-08,1,Free,1,1,No IEP,82,0.92
5502,15,Finley,Brown,2019-01-17,Female,2024-02-02,1,Free,0,0,No IEP,43,0.73
5503,15,Gabriel,Smith,2011-04-03,Female,2022-08-31,1,Full Price,1,0,No IEP,76,0.74
5504,15,Casey,Lee,2010-10-17,Male,2023-12-24,1,Reduced,0,0,Current IEP,83,0.89
5505,15,Parker,Williams,2016-04-01,Other,2023-07-22,1,Free,0,0,No IEP,87,0.81
5506,15,Finley,White,2018-11-03,Female,2022-11-02,1,Reduced,0,0,Evaluation Pending,101,0.96
5507,15,Finley,Hall,2012-10-05,Female,2023-06-12,1,Full Price,0,0,No IEP,74,0.76
5508,15,Morgan,Davis,2015-04-01,Other,2024-04-19,1,Free,0,0,No IEP,67,0.91
5509,15,Parker,Miller,2007-12-17,Other,2024-03-23,1,Reduced,0,0,No IEP,99,0.95
5510,15,Oliver,Walker,2008-10-06,Male,2023-01-06,1,Full Price,0,0,No IEP,64,0.71
5511,15,Noah,Young,2008-01-18,Female,2024-03-29,1,Reduced,0,0,No IEP,49,0.9
5512,15,Isaiah,Walker,2013-06-02,Female,2024-02-08,1,Full Price,0,1,Current IEP,78,0.93
5513,15,Morgan,White,2012-03-17,Female,2023-07-05,1,Full Price,0,0,No IEP,64,0.76
5514,15,Noah,Martinez,2018-08-15,Male,2023-09-14,1,Reduced,1,1,Current IEP,70,0.82
5515,15,Parker,Lee,2018-03-22,Other,2023-10-17,1,Reduced,0,0,No IEP,54,0.77
5516,15,Kendrick,Brown,2012-11-04,Male,2023-08-29,1,Free,0,1,No IEP,43,0.77
5517,15,Dakota,Davis,2017-04-17,Male,2023-01-06,1,Free,0,0,No IEP,24,0.63
5518,15,Logan,Allen,2010-01-05,Female,2022-11-24,1,Free,0,0,No IEP,37,0.59
5519,15,Kendrick,Brown,2011-09-20,Male,2023-11-16,1,Reduced,0,0,No IEP,28,0.53
5520,15,Casey,Walker,2015-12-19,Male,2023-09-23,1,Reduced,0,0,No IEP,92,0.93
5521,15,Dakota,White,2019-08-23,Male,2022-06-25,1,Reduced,0,0,No IEP,40,0.93
5522,15,Isaiah,Rodriguez,2011-11-04,Male,2023-08-20,1,Free,1,0,No IEP,18,0.89
5523,15,Bailey,Johnson,2006-04-13,Female,2023-04-01,1,Full Price,0,0,No IEP,86,0.77
5524,15,Gabriel,Martinez,2012-05-24,Female,2023-08-13,1,Full Price,0,0,No IEP,51,0.78
5525,15,Bailey,Rodriguez,2012-08-22,Female,2023-10-15,1,Reduced,0,0,No IEP,71,0.91
5526,15,Morgan,Martinez,2017-08-14,Other,2022-06-29,1,Free,0,0,No IEP,58,0.94
5527,15,Alex,Jones,2019-06-23,Other,2023-07-14,1,Full Price,0,0,No IEP,102,0.92
5528,15,Morgan,White,2013-05-21,Female,2022-11-05,1,Free,0,0,No IEP,74,0.92
5529,15,Casey,Williams,2014-05-07,Other,2024-01-01,1,Reduced,0,0,Current IEP,72,0.81
5530,15,Eden,Young,2011-04-26,Female,2023-12-06,1,Free,0,0,No IEP,70,0.97
5531,15,Alex,Lee,2011-05-13,Female,2024-03-27,1,Free,0,0,No IEP,73,0.72
5532,15,Harper,White,2017-04-16,Female,2023-06-24,1,Reduced,0,0,No IEP,65,0.74
5533,15,Morgan,Garcia,2011-08-12,Female,2023-12-12,1,Free,0,0,No IEP,64,0.95
5534,15,Finley,Hall,2013-02-28,Other,2023-01-10,1,Free,0,0,Current IEP,79,0.75
5535,15,Dakota,Jones,2007-01-27,Other,2023-07-27,1,Reduced,1,0,No IEP,63,0.88
5536,15,Harper,Davis,2013-10-04,Other,2023-02-05,0,Free,0,1,No IEP,101,0.9
5537,15,Finley,Williams,2015-06-21,Male,2024-04-05,1,Reduced,0,0,No IEP,50,0.54
5538,15,Gabriel,Allen,2006-12-07,Male,2024-03-05,1,Free,0,0,No IEP,62,0.93
5539,15,Noah,Jones,2015-05-14,Male,2022-12-19,1,Free,0,0,No IEP,49,0.77
5540,15,Jordan,Brown,2012-03-11,Female,2022-12-18,1,Free,0,0,No IEP,48,0.75
5541,15,Bailey,Allen,2017-06-01,Other,2024-05-04,1,Reduced,0,0,Current IEP,66,0.8
5542,15,Jordan,Miller,2011-09-08,Other,2022-06-24,1,Full Price,1,1,No IEP,94,0.89
5543,15,Kendrick,Jones,2012-06-07,Other,2022-11-23,1,Full Price,1,1,No IEP,36,0.53
5544,15,Parker,Lee,2007-10-17,Other,2023-08-09,1,Free,0,0,No IEP,88,0.94
5545,15,Gabriel,Young,2015-10-04,Female,2022-10-13,1,Full Price,0,0,No IEP,106,0.92
5546,15,Logan,Williams,2007-10-03,Male,2024-04-16,1,Free,0,0,No IEP,76,0.94
5547,15,Parker,White,2016-04-21,Male,2023-02-15,1,Reduced,0,0,No IEP,72,0.94
5548,15,Dakota,Hall,2020-03-24,Female,2022-08-02,1,Free,0,0,Evaluation Pending,61,0.78
5549,15,Gabriel,Miller,2018-10-09,Other,2023-04-30,1,Full Price,0,0,No IEP,61,0.89
5550,15,Oliver,Hall,2012-01-28,Other,2023-01-28,1,Reduced,0,0,No IEP,34,0.97
5551,15,Morgan,Garcia,2018-09-14,Male,2024-05-02,1,Full Price,0,0,No IEP,67,0.79
5552,15,Finley,Martinez,2008-03-20,Other,2022-08-24,1,Free,0,0,Current IEP,59,0.94
5553,15,Finley,Walker,2016-02-24,Female,2023-08-21,1,Free,0,0,No IEP,52,0.84
5554,15,Harper,Davis,2016-05-06,Male,2022-10-02,1,Free,0,0,No IEP,94,0.91
5555,15,Jordan,White,2014-10-19,Other,2022-12-21,1,Reduced,0,0,No IEP,101,0.95
5556,15,Isaiah,Brown,2010-04-16,Male,2023-05-31,1,Reduced,0,1,No IEP,67,0.73
5557,15,Dakota,Hall,2008-08-08,Female,2024-02-08,1,Full Price,0,0,No IEP,48,0.6
5558,15,Kendrick,Garcia,2014-01-17,Other,2024-04-08,1,Reduced,1,0,No IEP,84,0.81
5559,15,Morgan,Smith,2008-07-17,Female,2023-04-14,1,Free,0,0,No IEP,98,0.93
5560,15,Dakota,Rodriguez,2017-02-17,Male,2023-12-25,1,Full Price,0,0,No IEP,83,0.84
5561,15,Harper,Davis,2019-08-26,Male,2023-01-10,1,Full Price,1,0,No IEP,66,0.9
5562,15,Eden,Walker,2018-05-06,Other,2023-04-30,1,Reduced,0,0,No IEP,55,0.82
5563,15,Harper,Allen,2015-01-10,Male,2022-12-30,1,Reduced,0,0,Evaluation Pending,65,0.95
5564,15,Noah,Miller,2015-10-06,Male,2022-08-13,1,Free,0,0,No IEP,90,0.96
5565,15,Jordan,Brown,2015-02-18,Male,2023-07-24,1,Full Price,0,0,No IEP,84,0.9
5566,15,Gabriel,Lee,2011-07-15,Female,2022-07-17,1,Free,0,0,No IEP,44,0.52
5567,15,Parker,Johnson,2007-05-02,Female,2023-08-22,1,Reduced,0,0,Current IEP,37,0.7
5568,15,Gabriel,Young,2008-01-25,Female,2024-03-16,1,Free,0,1,No IEP,67,0.76
5569,15,Dakota,Walker,2006-05-06,Female,2023-08-31,1,Free,0,0,No IEP,35,0.75
5570,15,Parker,Williams,2020-01-25,Other,2023-07-31,1,Full Price,0,0,Current IEP,77,0.93
5571,15,Kendrick,Jones,2008-08-20,Male,2023-08-25,1,Free,0,0,No IEP,45,0.91
5572,15,Harper,White,2020-01-07,Male,2023-11-25,1,Reduced,0,0,Evaluation Pending,35,0.92
5573,15,Isaiah,Smith,2014-01-11,Female,2022-10-11,1,Reduced,0,1,No IEP,32,0.65
5574,15,Kendrick,Young,2015-06-14,Male,2023-01-30,1,Full Price,0,0,No IEP,43,0.95
5575,15,Alex,Jones,2020-04-08,Male,2023-02-10,1,Full Price,0,0,No IEP,91,0.91
5576,15,Dakota,White,2016-02-12,Female,2022-12-14,1,Free,0,0,No IEP,79,0.91
5577,15,Jordan,Smith,2008-03-17,Male,2023-05-13,1,Free,0,0,No IEP,63,0.7
5578,15,Alex,Hall,2016-05-03,Other,2023-03-12,1,Free,0,0,No IEP,31,0.54
5579,15,Noah,Jones,2013-05-10,Male,2023-11-19,1,Free,0,0,No IEP,74,0.97
5580,15,Casey,Martinez,2016-10-07,Other,2022-12-16,0,Reduced,0,1,No IEP,52,0.63
5581,15,Morgan,Brown,2012-01-12,Other,2023-03-29,1,Full Price,0,0,No IEP,6,0.67
5582,15,Bailey,Allen,2010-04-16,Other,2024-04-14,1,Free,0,0,No IEP,35,0.93
5583,15,Jordan,White,2013-04-09,Female,2023-04-24,0,Full Price,0,0,No IEP,77,0.89
5584,15,Logan,Johnson,2009-04-11,Other,2023-08-27,1,Free,0,0,No IEP,83,0.54
5585,15,Eden,Garcia,2011-06-25,Other,2022-12-19,1,Free,0,0,No IEP,61,0.74
5586,15,Alex,Lee,2016-06-21,Female,2022-10-19,1,Free,0,0,No IEP,76,0.95
5587,15,Finley,Johnson,2014-10-15,Other,2022-11-21,1,Reduced,1,0,No IEP,87,0.77
5588,15,Gabriel,Young,2009-08-19,Male,2023-07-02,1,Free,0,1,No IEP,82,0.93
5589,15,Kendrick,Young,2015-09-25,Male,2024-05-15,1,Reduced,0,0,No IEP,80,0.82
5590,15,Jordan,Garcia,2009-01-10,Male,2024-05-19,1,Full Price,0,0,No IEP,85,0.92
5591,15,Morgan,White,2020-03-28,Male,2023-08-04,1,Full Price,1,0,No IEP,29,0.83
5592,15,Gabriel,Jones,2016-06-02,Male,2023-06-18,1,Free,0,0,No IEP,91,0.89
5593,15,Eden,Johnson,2006-03-11,Female,2022-09-29,1,Free,0,0,No IEP,66,0.79
5594,15,Isaiah,Brown,2008-07-12,Other,2022-10-12,1,Reduced,0,0,No IEP,75,0.78
5595,15,Parker,Allen,2009-04-25,Female,2023-11-22,1,Reduced,0,0,No IEP,62,0.94
5596,15,Casey,Johnson,2011-10-07,Female,2023-01-07,0,Free,0,1,No IEP,54,0.96
5597,15,Noah,Allen,2012-05-15,Male,2024-03-11,0,Reduced,0,0,No IEP,38,0.7
5598,15,Dakota,Martinez,2009-05-11,Female,2024-02-20,1,Reduced,0,0,No IEP,66,0.77
5599,15,Oliver,Williams,2011-05-06,Male,2022-12-24,1,Free,0,1,No IEP,102,0.91
5600,15,Gabriel,Johnson,2006-07-18,Male,2022-09-14,1,Free,0,0,No IEP,58,0.91
5601,15,Parker,Rodriguez,2014-08-20,Other,2022-11-26,1,Full Price,0,0,No IEP,86,0.97
5602,15,Kendrick,White,2017-05-09,Male,2023-11-25,0,Reduced,0,0,No IEP,53,0.82
5603,15,Kendrick,Garcia,2014-05-05,Female,2023-02-28,1,Free,1,0,No IEP,47,0.84
5604,15,Eden,White,2016-08-19,Other,2023-05-29,1,Full Price,1,0,No IEP,84,0.73
5605,15,Gabriel,Jones,2010-05-24,Male,2022-09-06,1,Full Price,0,0,No IEP,57,0.74
5606,15,Isaiah,Williams,2008-04-21,Other,2024-05-22,1,Reduced,0,0,No IEP,76,0.93
5607,15,Eden,Hall,2012-03-12,Other,2023-03-25,1,Reduced,0,0,No IEP,66,0.79
5608,15,Parker,Jones,2010-11-05,Male,2023-07-12,1,Reduced,0,0,No IEP,49,0.52
5609,15,Dakota,Davis,2020-05-13,Other,2023-07-02,1,Free,0,0,No IEP,78,0.78
5610,15,Casey,Allen,2013-04-04,Female,2023-11-29,1,Full Price,0,1,No IEP,48,0.79
5611,15,Parker,Rodriguez,2011-06-04,Male,2023-10-12,1,Full Price,0,0,No IEP,78,0.93
5612,15,Gabriel,Walker,2010-07-04,Other,2023-02-27,1,Full Price,0,0,No IEP,90,0.96
5613,15,Gabriel,Lee,2015-08-01,Male,2023-06-20,1,Reduced,0,0,No IEP,73,0.7
5614,15,Noah,Johnson,2009-02-16,Female,2023-07-22,1,Free,0,0,No IEP,66,0.96
5615,15,Finley,Miller,2019-01-23,Male,2024-01-19,1,Reduced,0,0,No IEP,56,0.96
5616,15,Eden,Jones,2006-12-06,Male,2023-04-14,1,Free,0,0,No IEP,32,0.53
5617,15,Jordan,Smith,2010-09-09,Male,2022-09-26,1,Free,0,0,No IEP,95,0.9
5618,15,Dakota,Johnson,2016-07-18,Female,2022-08-23,1,Reduced,0,1,No IEP,73,0.91
5619,15,Alex,Martinez,2007-02-25,Male,2022-08-05,1,Free,0,0,No IEP,77,0.88
5620,15,Morgan,Allen,2011-12-15,Male,2023-12-24,1,Free,0,0,No IEP,64,0.6
5621,15,Oliver,Brown,2012-04-09,Female,2024-04-22,1,Full Price,0,1,No IEP,77,0.98
5622,15,Bailey,Walker,2016-11-25,Other,2023-07-12,1,Reduced,1,0,No IEP,36,0.63
5623,15,Gabriel,Martinez,2020-08-27,Male,2023-05-06,1,Reduced,0,0,No IEP,91,0.77
5624,15,Bailey,Miller,2015-04-10,Male,2024-05-02,1,Full Price,0,0,No IEP,78,0.8
5625,15,Eden,Rodriguez,2017-07-23,Male,2022-11-02,1,Full Price,0,0,No IEP,84,0.7
5626,15,Morgan,Johnson,2011-02-08,Female,2023-10-27,1,Free,0,0,No IEP,84,0.8
5627,15,Isaiah,Davis,2007-07-10,Female,2022-12-02,1,Reduced,0,0,No IEP,77,0.88
5628,15,Dakota,Johnson,2014-12-02,Other,2024-01-19,1,Free,0,0,No IEP,64,0.77
5629,15,Gabriel,Miller,2018-06-24,Other,2024-02-18,1,Free,1,0,No IEP,58,0.9
5630,15,Noah,Martinez,2010-03-02,Male,2024-01-29,1,Free,0,0,No IEP,83,0.82
5631,15,Kendrick,Martinez,2012-12-12,Female,2022-10-08,1,Free,0,0,No IEP,102,0.77
5632,15,Casey,Lee,2013-12-21,Other,2023-04-16,1,Free,1,0,No IEP,80,0.98
5633,15,Finley,Williams,2014-09-08,Male,2023-04-12,1,Full Price,0,0,No IEP,79,0.88
5634,15,Finley,Smith,2014-09-17,Male,2024-02-28,1,Free,0,0,No IEP,41,0.81
5635,15,Noah,Johnson,2015-07-24,Female,2022-10-31,1,Reduced,0,0,No IEP,95,0.91
5636,15,Morgan,Davis,2011-06-12,Other,2022-09-28,1,Full Price,1,0,No IEP,56,0.84
5637,15,Casey,Jones,2016-06-01,Female,2022-08-20,1,Full Price,0,0,No IEP,76,0.62
5638,15,Jordan,Williams,2017-11-11,Male,2022-12-31,1,Free,0,0,No IEP,54,0.73
5639,15,Isaiah,Jones,2015-09-17,Male,2024-04-05,1,Reduced,1,0,No IEP,103,0.89
5640,15,Morgan,Johnson,2017-01-11,Male,2023-06-13,0,Free,0,0,No IEP,19,0.68
5641,15,Jordan,Smith,2009-10-26,Female,2023-11-17,1,Reduced,0,0,No IEP,45,0.59
5642,15,Finley,Walker,2016-02-19,Male,2023-04-15,1,Full Price,0,0,No IEP,58,0.78
5643,15,Harper,Allen,2018-04-20,Male,2023-04-04,1,Full Price,0,0,No IEP,44,0.54
5644,15,Alex,Young,2015-04-18,Other,2023-10-13,1,Reduced,0,1,Current IEP,52,0.82
5645,15,Noah,Johnson,2019-01-16,Male,2023-02-28,1,Free,1,0,No IEP,83,0.98
5646,15,Dakota,Garcia,2019-07-21,Male,2023-05-04,1,Free,0,0,No IEP,78,0.97
5647,15,Bailey,Brown,2020-05-10,Other,2022-07-06,1,Full Price,0,0,No IEP,57,0.96
5648,15,Jordan,Rodriguez,2015-10-02,Other,2023-10-08,1,Reduced,0,0,No IEP,66,0.96
5649,15,Kendrick,Garcia,2010-08-08,Other,2024-04-29,1,Free,0,0,No IEP,68,0.67
5650,15,Eden,Walker,2011-04-09,Female,2023-04-19,1,Reduced,0,0,No IEP,80,0.81
5651,15,Dakota,Young,2008-11-17,Female,2022-06-24,1,Free,0,0,No IEP,85,0.96
5652,15,Finley,Brown,2008-08-27,Other,2023-07-03,1,Reduced,0,0,No IEP,70,0.83
5653,15,Morgan,Allen,2011-08-07,Female,2022-10-13,1,Reduced,0,0,No IEP,96,0.75
5654,15,Parker,Allen,2006-08-18,Male,2023-08-14,1,Reduced,0,0,No IEP,87,0.95
5655,15,Oliver,Davis,2013-07-08,Male,2023-03-17,1,Full Price,1,0,No IEP,87,0.93
5656,15,Jordan,Johnson,2015-01-01,Male,2024-03-10,1,Free,1,0,No IEP,54,0.8
5657,15,Finley,Hall,2013-06-04,Female,2023-10-15,1,Full Price,0,0,No IEP,15,0.79
5658,15,Oliver,Brown,2020-04-04,Male,2022-07-28,0,Reduced,0,0,Evaluation Pending,51,0.89
5659,15,Alex,Lee,2016-06-20,Other,2023-03-15,1,Free,0,0,No IEP,90,0.96
5660,15,Noah,Davis,2010-06-03,Female,2023-12-31,1,Reduced,0,1,No IEP,7,0.55
5661,15,Logan,Lee,2014-04-12,Female,2023-08-05,1,Reduced,0,0,No IEP,82,0.97
5662,15,Bailey,Smith,2008-03-11,Male,2023-09-12,1,Full Price,0,0,No IEP,46,0.78
5663,15,Gabriel,Young,2015-08-06,Male,2023-05-12,1,Full Price,0,0,No IEP,76,0.71
5664,15,Oliver,Jones,2006-06-17,Other,2023-01-24,1,Reduced,0,0,No IEP,28,0.52
5665,15,Alex,Brown,2010-09-09,Other,2023-10-17,1,Free,0,0,No IEP,76,0.74
5666,15,Dakota,Martinez,2015-06-08,Female,2024-03-16,1,Full Price,0,0,No IEP,48,0.62
5667,15,Morgan,Johnson,2016-03-13,Other,2024-03-29,1,Free,0,0,No IEP,54,0.83
5668,15,Dakota,Walker,2019-10-23,Other,2023-11-02,1,Full Price,0,0,No IEP,67,0.78
5669,15,Bailey,Lee,2012-08-23,Other,2023-06-17,1,Full Price,0,0,No IEP,58,0.8
5670,15,Gabriel,Johnson,2006-12-08,Other,2023-06-23,1,Reduced,0,0,No IEP,52,0.88
5671,15,Casey,Rodriguez,2009-02-18,Female,2023-05-23,1,Free,0,0,No IEP,64,0.54
5672,15,Parker,Johnson,2008-07-22,Female,2023-02-18,1,Free,0,0,No IEP,55,0.76
5673,15,Kendrick,Lee,2013-12-15,Other,2022-10-22,1,Reduced,0,0,No IEP,73,0.92
5674,15,Dakota,Davis,2020-04-17,Male,2023-03-05,1,Reduced,0,0,No IEP,80,0.7
5675,15,Casey,Lee,2020-01-07,Female,2022-11-06,1,Free,0,0,No IEP,106,0.96
5676,15,Eden,Young,2014-05-03,Other,2023-08-26,1,Reduced,1,0,No IEP,94,0.89
5677,15,Casey,Davis,2017-05-20,Other,2023-12-10,1,Full Price,0,0,No IEP,105,0.96
5678,15,Kendrick,Johnson,2012-04-21,Male,2023-06-11,1,Full Price,0,1,Current IEP,34,0.55
5679,15,Finley,Davis,2011-09-22,Male,2024-04-16,1,Free,1,0,Current IEP,79,0.9
5680,15,Gabriel,Allen,2011-02-13,Other,2022-09-09,1,Free,0,0,No IEP,32,0.7
5681,15,Eden,Young,2012-12-20,Male,2022-12-27,1,Free,1,1,No IEP,81,0.88
5682,15,Noah,Garcia,2018-11-11,Female,2023-01-27,1,Full Price,1,0,No IEP,47,0.68
5683,15,Isaiah,Brown,2013-04-23,Female,2024-03-02,1,Free,0,0,Current IEP,79,0.5
5684,15,Parker,Walker,2011-07-13,Other,2023-10-11,1,Full Price,0,1,No IEP,85,0.97
5685,15,Harper,Miller,2007-02-25,Female,2023-06-28,1,Free,0,0,Current IEP,73,0.51
5686,15,Jordan,Miller,2019-12-06,Female,2023-08-28,1,Free,0,0,Current IEP,64,0.89
5687,15,Finley,Allen,2012-02-04,Male,2023-03-02,1,Free,0,0,Evaluation Pending,51,0.9
5688,15,Harper,Martinez,2015-12-18,Female,2022-09-27,1,Reduced,0,0,Evaluation Pending,13,0.55
5689,15,Harper,Garcia,2020-01-11,Male,2023-08-15,1,Reduced,0,0,No IEP,64,0.72
5690,15,Gabriel,Miller,2020-05-20,Male,2023-04-07,1,Reduced,0,0,No IEP,100,0.98
5691,15,Bailey,Brown,2015-08-10,Other,2022-10-09,1,Reduced,1,0,Evaluation Pending,58,0.7
5692,15,Dakota,Jones,2011-12-12,Male,2024-04-13,1,Free,0,0,Current IEP,98,0.91
5693,15,Oliver,White,2020-01-14,Female,2022-12-23,1,Full Price,1,0,No IEP,56,0.9
5694,15,Casey,Brown,2006-12-01,Other,2023-03-13,1,Free,1,0,No IEP,72,0.77
5695,15,Harper,Young,2019-03-12,Female,2022-12-03,1,Full Price,0,0,No IEP,53,0.77
5696,15,Casey,Smith,2009-11-02,Male,2022-11-11,1,Free,0,0,No IEP,70,0.95
5697,15,Isaiah,Rodriguez,2010-09-05,Male,2024-04-04,1,Full Price,0,0,No IEP,71,0.77
5698,15,Casey,Martinez,2010-03-05,Male,2024-03-03,1,Full Price,0,0,No IEP,48,0.97
5699,15,Finley,Johnson,2010-12-17,Other,2023-09-15,1,Full Price,0,0,Current IEP,55,0.95
5700,15,Kendrick,Martinez,2010-12-05,Female,2023-07-28,1,Reduced,0,0,No IEP,40,0.6
5701,15,Harper,Allen,2017-11-13,Male,2024-03-06,1,Reduced,0,0,No IEP,59,0.93
5702,15,Finley,Williams,2008-08-10,Female,2024-03-04,1,Full Price,0,0,Current IEP,73,0.9
5703,15,Parker,Rodriguez,2018-03-14,Male,2024-02-24,1,Free,1,0,No IEP,50,0.74
5704,15,Harper,Garcia,2017-07-18,Female,2023-05-24,1,Reduced,0,0,No IEP,97,0.95
5705,15,Noah,Davis,2014-06-02,Male,2023-02-09,1,Reduced,1,0,No IEP,93,0.95
5706,15,Logan,Allen,2017-05-01,Female,2023-09-05,1,Reduced,0,0,No IEP,95,0.8
5707,15,Noah,Rodriguez,2006-07-15,Other,2023-04-29,1,Reduced,0,0,No IEP,96,0.7
5708,15,Parker,Walker,2018-01-18,Male,2023-11-23,1,Reduced,0,0,No IEP,53,0.92
5709,15,Finley,Williams,2007-03-20,Other,2023-11-11,1,Reduced,0,0,No IEP,44,0.69
5710,15,Noah,Martinez,2018-08-03,Female,2023-09-14,1,Free,0,0,No IEP,62,0.97
5711,15,Eden,Williams,2017-01-09,Female,2023-06-18,1,Reduced,0,0,No IEP,34,0.63
5712,15,Bailey,Young,2006-02-15,Male,2023-06-24,1,Free,0,0,No IEP,79,0.73
5713,15,Morgan,Walker,2008-02-04,Other,2023-09-11,1,Reduced,0,1,No IEP,71,0.82
5714,15,Isaiah,Davis,2008-09-22,Other,2023-09-08,1,Free,0,0,No IEP,40,0.77
5715,15,Morgan,Davis,2017-01-21,Female,2023-11-17,1,Free,0,0,No IEP,29,0.89
5716,15,Jordan,Davis,2017-03-28,Female,2023-09-05,1,Free,0,0,No IEP,15,0.76
5717,15,Morgan,Williams,2007-12-21,Other,2023-09-01,1,Full Price,0,0,No IEP,79,0.97
5718,15,Logan,Rodriguez,2018-07-20,Female,2022-11-10,0,Free,1,0,No IEP,63,0.83
5719,15,Logan,Allen,2017-11-21,Male,2022-08-22,1,Reduced,1,0,No IEP,74,0.92
5720,15,Harper,Hall,2018-07-13,Female,2022-08-17,1,Reduced,0,0,No IEP,40,0.6
5721,15,Parker,Williams,2012-02-25,Other,2022-08-13,1,Free,0,0,No IEP,72,0.75
5722,15,Finley,Smith,2015-10-21,Female,2023-11-30,1,Reduced,0,0,No IEP,35,0.8
5723,15,Eden,Young,2009-07-01,Other,2022-12-08,1,Reduced,0,0,No IEP,89,0.9
5724,15,Logan,Smith,2010-03-26,Female,2022-10-07,1,Full Price,0,0,No IEP,105,0.71
5725,15,Kendrick,Davis,2019-10-09,Female,2023-08-04,1,Full Price,0,0,No IEP,51,0.97
5726,15,Noah,Walker,2014-11-02,Female,2023-07-16,1,Reduced,0,0,No IEP,89,0.95
5727,15,Logan,Rodriguez,2018-12-23,Female,2023-10-14,1,Full Price,0,1,No IEP,109,0.53
5728,15,Gabriel,Brown,2015-10-05,Other,2023-01-11,1,Full Price,0,0,No IEP,68,0.71
5729,15,Gabriel,Brown,2011-06-21,Male,2023-01-06,1,Free,1,0,No IEP,74,0.71
5730,15,Noah,Garcia,2017-10-09,Male,2024-02-29,1,Free,0,0,No IEP,99,0.92
5731,15,Jordan,Lee,2006-12-07,Other,2023-10-26,1,Free,1,0,No IEP,70,0.97
5732,15,Parker,Lee,2013-12-27,Other,2023-10-12,1,Free,0,1,No IEP,50,0.73
5733,15,Logan,Smith,2011-01-13,Male,2022-08-13,1,Free,0,0,No IEP,85,0.81
5734,15,Logan,Jones,2019-10-23,Female,2023-03-19,1,Reduced,0,0,No IEP,56,0.9
5735,15,Harper,Rodriguez,2018-06-24,Male,2022-11-19,1,Free,0,0,No IEP,93,0.96
5736,15,Isaiah,Allen,2014-09-23,Female,2023-09-30,1,Free,0,0,No IEP,99,0.94
5737,15,Parker,Young,2006-06-15,Female,2023-03-05,1,Free,1,0,No IEP,72,0.89
5738,15,Morgan,Martinez,2017-01-28,Other,2022-12-04,1,Free,0,0,No IEP,39,0.66
5739,15,Bailey,Jones,2011-06-27,Female,2024-05-15,1,Reduced,0,0,No IEP,98,0.91
5740,15,Dakota,Martinez,2013-02-10,Female,2024-02-27,1,Free,0,0,No IEP,61,0.78
5741,15,Harper,Walker,2008-10-05,Other,2023-11-05,1,Reduced,0,1,No IEP,12,0.52
5742,15,Isaiah,White,2006-10-14,Female,2022-10-10,1,Free,0,0,No IEP,52,0.94
5743,15,Alex,Miller,2012-03-22,Other,2024-02-01,1,Full Price,0,1,No IEP,41,0.92
5744,15,Alex,White,2014-03-06,Male,2022-08-21,1,Reduced,0,0,No IEP,96,0.79
5745,15,Kendrick,Walker,2017-07-16,Male,2022-08-09,1,Free,0,0,Current IEP,64,0.92
5746,15,Dakota,Young,2020-11-12,Female,2023-05-01,1,Reduced,1,1,No IEP,51,0.73
5747,15,Gabriel,Jones,2006-05-25,Female,2022-11-10,1,Free,0,0,No IEP,8,0.71
5748,15,Dakota,Smith,2014-02-20,Other,2023-03-16,1,Full Price,0,0,No IEP,93,0.76
5749,15,Morgan,Miller,2016-03-27,Other,2023-02-09,0,Reduced,0,0,No IEP,88,0.83
5750,15,Harper,Davis,2008-08-19,Female,2023-11-03,1,Reduced,0,0,No IEP,61,0.85
5751,15,Parker,Young,2016-07-20,Other,2022-12-30,1,Free,0,0,No IEP,82,0.72
5752,15,Noah,Miller,2020-12-16,Male,2023-07-04,1,Full Price,0,0,No IEP,51,0.97
5753,15,Morgan,Hall,2017-03-26,Other,2024-03-22,1,Reduced,0,0,No IEP,76,0.96
5754,15,Kendrick,Garcia,2011-09-05,Other,2022-12-05,1,Free,0,0,Current IEP,50,0.97
5755,15,Isaiah,Martinez,2007-01-16,Female,2024-04-17,1,Reduced,1,0,No IEP,104,0.82
5756,15,Oliver,Smith,2010-02-16,Male,2023-08-09,1,Free,0,0,No IEP,86,0.68
5757,15,Alex,Davis,2014-08-12,Other,2022-07-18,1,Free,1,0,No IEP,68,0.94
5758,15,Alex,Miller,2020-08-06,Male,2023-02-03,1,Free,1,0,No IEP,73,0.83
5759,15,Kendrick,Johnson,2007-09-15,Other,2023-11-08,1,Free,0,0,No IEP,109,0.75
5760,15,Parker,Walker,2014-06-12,Other,2023-02-17,1,Full Price,0,0,No IEP,100,0.71
5761,15,Casey,Williams,2009-04-20,Male,2022-11-01,1,Reduced,0,1,No IEP,55,0.92
5762,15,Bailey,Smith,2006-06-08,Other,2023-11-16,1,Free,0,0,No IEP,80,0.95
5763,15,Gabriel,Martinez,2014-08-08,Female,2022-10-05,1,Free,1,0,No IEP,39,0.95
5764,15,Noah,Walker,2015-12-05,Female,2023-09-23,1,Free,0,0,No IEP,72,0.93
5765,15,Oliver,Johnson,2010-01-05,Female,2022-11-16,1,Reduced,0,0,No IEP,68,0.8
5766,15,Gabriel,Allen,2016-02-20,Male,2023-10-02,1,Full Price,1,0,No IEP,59,0.84
5767,15,Finley,White,2016-12-12,Male,2022-10-13,1,Reduced,0,0,No IEP,33,0.74
5768,15,Morgan,Brown,2016-03-24,Other,2024-04-28,1,Full Price,0,0,No IEP,58,0.96
5769,15,Noah,Johnson,2009-09-09,Other,2024-01-03,1,Full Price,1,0,No IEP,35,0.71
5770,15,Oliver,Brown,2012-12-22,Male,2023-05-03,1,Full Price,0,0,No IEP,52,0.5
5771,15,Harper,Young,2006-06-26,Male,2023-08-09,1,Reduced,0,0,Current IEP,51,0.53
5772,15,Parker,Smith,2009-02-21,Male,2024-03-02,1,Full Price,0,0,No IEP,64,0.93
5773,15,Jordan,Davis,2009-07-05,Female,2023-10-06,1,Full Price,0,0,No IEP,65,0.71
5774,15,Kendrick,Young,2019-12-12,Female,2024-03-28,1,Free,1,1,No IEP,46,0.81
5775,15,Dakota,Davis,2010-05-17,Male,2023-07-18,1,Free,0,1,No IEP,80,0.9
5776,15,Casey,Garcia,2007-01-02,Male,2024-01-12,1,Free,0,0,No IEP,69,0.82
5777,15,Dakota,Rodriguez,2006-07-22,Female,2022-11-29,1,Free,1,0,No IEP,85,0.73
5778,15,Kendrick,Brown,2015-02-25,Male,2022-09-06,1,Free,1,0,No IEP,45,0.69
5779,15,Oliver,Walker,2020-03-04,Other,2023-06-20,1,Full Price,0,0,No IEP,68,0.92
5780,15,Casey,White,2010-09-18,Other,2024-01-21,1,Free,0,1,No IEP,59,0.9
5781,15,Noah,Miller,2020-04-17,Other,2023-07-19,1,Free,0,0,No IEP,76,0.76
5782,15,Jordan,Jones,2010-12-07,Female,2023-10-21,1,Free,0,0,No IEP,95,0.8
5783,15,Kendrick,Williams,2010-01-16,Other,2024-04-21,1,Free,0,0,No IEP,20,0.72
5784,15,Dakota,Garcia,2008-02-12,Male,2023-08-14,1,Full Price,0,0,No IEP,84,0.97
5785,15,Harper,Walker,2008-01-25,Other,2022-07-27,1,Free,0,0,No IEP,56,0.97
5786,15,Finley,Williams,2007-11-07,Female,2022-07-08,1,Free,0,0,No IEP,38,0.68
5787,15,Bailey,Garcia,2006-01-27,Other,2023-10-13,1,Reduced,0,0,No IEP,68,0.96
5788,15,Eden,Rodriguez,2012-12-20,Female,2022-12-25,1,Reduced,0,0,No IEP,89,0.88
5789,15,Gabriel,Hall,2006-07-24,Male,2024-03-31,1,Free,0,0,No IEP,31,0.57
5790,15,Kendrick,Jones,2007-10-16,Other,2023-11-06,1,Free,0,0,No IEP,72,0.95
5791,15,Kendrick,Rodriguez,2006-06-13,Other,2023-05-12,1,Reduced,0,1,No IEP,63,0.91
5792,15,Isaiah,Lee,2017-09-27,Other,2024-01-13,1,Full Price,1,0,No IEP,6,0.81
5793,15,Casey,Johnson,2007-11-10,Other,2023-02-11,1,Free,0,0,No IEP,71,0.91
5794,15,Logan,Davis,2016-01-26,Male,2023-08-12,1,Reduced,0,1,No IEP,47,0.93
5795,15,Casey,Walker,2020-04-17,Female,2023-11-17,1,Full Price,0,0,No IEP,92,0.82
5796,15,Harper,Brown,2013-09-10,Female,2023-04-22,1,Free,0,0,No IEP,66,0.97
5797,15,Harper,Smith,2007-05-21,Other,2022-09-02,1,Reduced,0,0,No IEP,67,0.92
5798,15,Dakota,Johnson,2016-09-18,Other,2024-01-23,1,Reduced,0,0,No IEP,91,0.8
5799,15,Bailey,Smith,2016-06-05,Male,2022-11-24,1,Free,0,0,No IEP,71,0.89
5800,15,Eden,Allen,2014-08-04,Female,2024-01-27,1,Free,0,0,No IEP,36,0.67
5801,15,Kendrick,Garcia,2018-05-26,Male,2022-07-27,1,Full Price,0,0,No IEP,72,0.56
5802,15,Jordan,Johnson,2018-06-23,Male,2023-10-30,1,Free,0,0,No IEP,23,0.73
5803,15,Isaiah,Allen,2015-12-25,Other,2024-05-15,1,Full Price,0,0,No IEP,77,0.85
5804,15,Noah,Garcia,2013-07-18,Female,2024-01-07,1,Reduced,0,0,No IEP,75,0.93
5805,15,Parker,Williams,2019-08-15,Male,2022-07-09,1,Reduced,0,0,Current IEP,68,0.82
5806,15,Eden,Lee,2008-09-16,Female,2024-05-15,1,Free,0,1,Evaluation Pending,60,0.72
5807,15,Gabriel,Martinez,2015-07-08,Other,2023-01-02,1,Free,0,0,No IEP,89,0.58
5808,15,Finley,Martinez,2012-07-12,Male,2022-07-17,1,Reduced,0,0,No IEP,45,0.55
5809,15,Morgan,Lee,2016-01-08,Other,2024-05-18,1,Reduced,0,0,No IEP,82,0.97
5810,15,Logan,Garcia,2012-05-16,Female,2023-02-12,1,Free,0,1,No IEP,48,0.72
5811,15,Casey,Martinez,2016-02-10,Male,2022-11-17,1,Full Price,0,0,No IEP,75,0.95
5812,15,Alex,Martinez,2014-12-07,Female,2023-06-01,1,Free,1,0,No IEP,43,0.55
5813,15,Morgan,Jones,2013-06-22,Male,2024-03-30,1,Reduced,0,0,No IEP,70,0.77
5814,15,Alex,Young,2010-07-20,Female,2023-11-29,1,Full Price,1,0,Current IEP,72,0.9
5815,15,Oliver,Miller,2015-11-19,Female,2023-09-17,1,Full Price,1,0,No IEP,53,0.66
5816,15,Kendrick,Rodriguez,2009-08-09,Other,2022-11-05,1,Reduced,0,0,No IEP,17,0.82
5817,15,Isaiah,Miller,2016-04-05,Other,2024-05-03,1,Reduced,0,0,No IEP,63,0.97
5818,15,Bailey,Young,2019-12-08,Other,2023-12-05,1,Reduced,0,1,No IEP,70,0.88
5819,15,Finley,Allen,2020-08-07,Male,2024-01-02,1,Full Price,0,0,No IEP,99,0.55
5820,15,Finley,Johnson,2017-10-09,Male,2022-10-23,1,Full Price,0,0,No IEP,78,0.89
5821,15,Casey,Rodriguez,2011-01-08,Other,2023-01-01,1,Full Price,0,1,No IEP,94,0.88
5822,15,Dakota,Rodriguez,2016-06-16,Male,2023-01-24,1,Free,0,0,Current IEP,65,0.75
5823,15,Morgan,Martinez,2014-08-19,Male,2023-01-07,1,Full Price,1,1,No IEP,60,0.93
5824,15,Finley,Martinez,2019-08-03,Male,2022-12-02,1,Reduced,0,0,No IEP,95,0.89
5825,15,Logan,Williams,2008-09-08,Female,2024-04-24,1,Reduced,0,0,No IEP,77,0.9
5826,15,Casey,Walker,2011-07-16,Male,2022-08-16,1,Free,0,0,No IEP,34,0.55
5827,15,Isaiah,Allen,2009-10-09,Female,2023-11-27,1,Free,0,0,No IEP,52,0.93
5828,15,Eden,Jones,2018-05-07,Female,2024-01-16,1,Reduced,0,0,No IEP,88,0.62
5829,15,Bailey,Rodriguez,2010-01-10,Female,2022-10-16,1,Reduced,0,0,No IEP,87,0.94
5830,15,Noah,Jones,2015-02-28,Female,2022-11-10,1,Free,0,0,No IEP,37,0.55
5831,15,Alex,Young,2017-04-14,Male,2023-10-08,1,Free,0,0,No IEP,50,0.91
5832,15,Noah,Hall,2017-10-14,Male,2022-12-29,1,Free,0,0,No IEP,43,0.88
5833,15,Casey,Williams,2019-07-07,Male,2024-02-15,1,Full Price,0,0,Current IEP,56,0.91
5834,15,Logan,Brown,2016-01-25,Female,2023-09-26,0,Free,0,0,No IEP,93,0.98
5835,15,Casey,Smith,2010-04-18,Other,2023-07-20,1,Free,0,1,No IEP,47,0.66
5836,15,Eden,Lee,2019-03-20,Female,2023-01-09,1,Reduced,1,0,Current IEP,59,0.83
5837,15,Bailey,Rodriguez,2014-03-05,Female,2023-10-09,1,Full Price,1,0,No IEP,72,0.85
5838,15,Oliver,Lee,2008-04-23,Female,2022-07-27,1,Reduced,0,0,No IEP,86,0.88
5839,15,Alex,Davis,2007-10-28,Male,2023-01-01,1,Free,0,0,No IEP,46,0.66
5840,15,Kendrick,Young,2010-06-19,Female,2022-12-29,1,Reduced,0,0,No IEP,36,0.69
5841,15,Parker,Brown,2012-02-22,Other,2023-02-19,1,Free,0,0,No IEP,70,0.89
5842,15,Noah,Williams,2018-11-07,Female,2023-07-21,1,Full Price,1,1,No IEP,41,0.93
5843,15,Noah,Rodriguez,2019-11-07,Male,2023-10-06,1,Reduced,0,0,No IEP,60,0.9
5844,15,Jordan,Walker,2011-02-24,Other,2023-10-31,1,Free,0,0,No IEP,68,0.71
5845,15,Parker,Walker,2011-05-17,Female,2024-01-02,1,Free,0,0,No IEP,24,0.58
5846,15,Parker,Walker,2014-07-22,Other,2022-12-08,1,Free,0,0,No IEP,63,0.96
5847,15,Logan,Walker,2017-02-01,Other,2023-02-09,1,Free,0,0,No IEP,88,0.94
5848,15,Harper,Hall,2008-08-03,Other,2023-12-16,1,Reduced,0,0,Evaluation Pending,84,0.94
5849,15,Kendrick,Rodriguez,2019-02-17,Female,2023-02-02,1,Full Price,0,0,Current IEP,106,0.97
5850,15,Harper,Martinez,2012-12-20,Male,2023-07-12,1,Free,0,0,No IEP,60,0.89
5851,15,Noah,Williams,2018-07-27,Other,2022-07-19,1,Reduced,0,1,No IEP,54,0.98
5852,15,Logan,Brown,2010-03-22,Female,2023-04-15,1,Free,0,0,No IEP,80,0.76
5853,15,Finley,Brown,2006-02-27,Other,2022-07-10,0,Free,0,0,No IEP,58,0.6
5854,15,Noah,Davis,2012-10-22,Other,2023-02-16,1,Reduced,0,0,No IEP,66,0.98
5855,15,Oliver,White,2011-01-04,Female,2022-07-09,1,Reduced,1,0,No IEP,96,0.95
5856,15,Gabriel,Hall,2010-05-13,Male,2023-03-04,1,Full Price,0,0,No IEP,72,0.89
5857,15,Harper,Allen,2013-10-25,Female,2022-09-12,1,Free,1,0,Current IEP,70,0.73
5858,15,Parker,Miller,2013-04-20,Male,2024-04-29,1,Full Price,0,0,Current IEP,29,0.76
5859,15,Eden,Johnson,2015-02-28,Other,2023-07-31,1,Full Price,0,0,No IEP,79,0.81
5860,15,Gabriel,Smith,2007-03-07,Male,2023-01-06,1,Free,0,0,No IEP,75,0.67
5861,15,Finley,Young,2018-11-09,Other,2022-12-06,1,Free,0,1,No IEP,73,0.98
5862,15,Harper,Brown,2019-06-09,Other,2022-07-17,1,Free,0,0,No IEP,33,0.59
5863,15,Logan,White,2014-01-18,Female,2023-07-19,1,Reduced,0,0,No IEP,84,0.75
5864,15,Kendrick,Johnson,2013-10-06,Other,2024-03-29,1,Reduced,0,0,No IEP,48,0.79
5865,15,Logan,Jones,2009-04-12,Female,2023-11-05,1,Reduced,0,0,Current IEP,58,0.8
5866,15,Noah,White,2017-08-13,Other,2023-02-14,1,Free,0,0,No IEP,74,0.78
5867,15,Jordan,Brown,2020-11-16,Female,2023-02-10,1,Full Price,0,0,No IEP,44,0.94
5868,15,Morgan,Miller,2014-12-28,Other,2024-02-21,1,Free,0,0,No IEP,60,0.96
5869,15,Noah,Davis,2016-01-24,Male,2024-02-08,1,Full Price,0,0,No IEP,78,0.91
5870,15,Casey,Johnson,2012-03-07,Male,2023-05-03,1,Reduced,0,0,No IEP,74,0.96
5871,15,Isaiah,Johnson,2011-05-06,Other,2023-06-10,1,Full Price,0,0,No IEP,86,0.89
5872,15,Dakota,Brown,2016-04-21,Male,2023-10-10,1,Full Price,0,0,No IEP,57,0.81
5873,15,Finley,Smith,2012-11-07,Other,2023-06-21,1,Free,0,0,No IEP,93,0.97
5874,15,Morgan,Walker,2020-01-08,Male,2023-07-08,1,Reduced,0,0,Current IEP,93,0.97
5875,15,Eden,Miller,2007-06-20,Female,2023-03-08,1,Free,1,0,No IEP,50,0.85
5876,15,Casey,Miller,2014-01-27,Female,2023-12-29,1,Free,0,0,No IEP,79,0.93
5877,15,Eden,Jones,2010-10-26,Male,2024-01-28,1,Full Price,0,0,No IEP,29,0.91
5878,15,Casey,Davis,2012-05-27,Female,2022-09-14,1,Full Price,0,0,No IEP,100,0.5
5879,15,Gabriel,Williams,2015-09-06,Female,2022-12-04,1,Free,1,1,No IEP,84,0.91
5880,15,Morgan,Smith,2015-04-24,Male,2022-12-15,1,Free,0,0,No IEP,81,0.95
5881,15,Morgan,Walker,2007-04-02,Female,2023-05-15,1,Reduced,0,0,No IEP,72,0.93
5882,15,Eden,Davis,2009-11-13,Female,2024-02-03,1,Reduced,1,0,No IEP,58,0.76
5883,15,Isaiah,Smith,2010-10-21,Female,2023-08-19,1,Free,0,0,No IEP,63,0.9
5884,15,Isaiah,Johnson,2007-06-09,Male,2023-04-17,0,Reduced,0,0,No IEP,71,0.93
5885,15,Parker,White,2009-11-07,Other,2024-01-08,1,Free,0,0,No IEP,78,0.78
5886,15,Logan,White,2008-03-25,Other,2022-10-09,1,Reduced,0,1,No IEP,57,0.73
5887,15,Noah,Lee,2010-06-13,Male,2022-10-11,1,Free,0,0,No IEP,18,0.82
5888,15,Gabriel,Lee,2006-01-22,Female,2022-11-05,1,Full Price,0,1,No IEP,86,0.73
5889,15,Logan,Lee,2019-12-15,Male,2022-07-03,1,Full Price,0,0,No IEP,40,0.53
5890,15,Logan,Allen,2017-02-20,Female,2024-01-25,1,Full Price,0,0,No IEP,75,0.94
5891,15,Parker,Allen,2012-03-13,Female,2023-12-31,1,Full Price,0,0,No IEP,41,0.95
5892,15,Bailey,Johnson,2014-05-07,Male,2022-06-27,1,Reduced,0,0,No IEP,64,0.92
5893,15,Parker,Young,2016-09-09,Female,2023-02-19,1,Free,0,0,No IEP,48,0.89
5894,15,Bailey,Martinez,2020-07-21,Female,2024-03-04,0,Reduced,0,0,No IEP,52,0.95
5895,15,Oliver,White,2014-12-13,Other,2024-01-25,1,Full Price,0,0,No IEP,104,0.96
5896,15,Harper,Rodriguez,2019-04-25,Female,2022-06-26,1,Reduced,0,0,No IEP,53,0.95
5897,15,Gabriel,Lee,2019-11-18,Other,2024-02-17,1,Free,0,1,No IEP,63,0.77
5898,15,Eden,Brown,2015-06-15,Female,2023-11-04,1,Free,0,0,No IEP,91,0.77
5899,15,Parker,Jones,2006-05-05,Female,2023-06-20,0,Free,0,1,No IEP,34,0.78
5900,15,Bailey,Walker,2015-05-25,Male,2023-08-11,1,Full Price,0,0,Current IEP,76,0.81
5901,15,Finley,Hall,2016-12-03,Female,2022-07-10,1,Reduced,0,0,No IEP,45,0.83
5902,15,Bailey,Hall,2015-08-05,Other,2023-03-08,1,Free,1,0,No IEP,83,0.88
5903,15,Finley,Lee,2018-09-04,Other,2023-12-23,1,Free,0,1,No IEP,93,0.98
5904,15,Logan,Jones,2017-12-26,Female,2023-02-09,1,Free,0,0,Current IEP,41,0.67
5905,15,Casey,Garcia,2006-09-26,Other,2024-04-24,1,Free,0,0,No IEP,47,0.78
5906,15,Bailey,Brown,2017-12-13,Male,2022-12-19,1,Free,1,0,No IEP,68,0.97
5907,15,Casey,Martinez,2007-07-07,Female,2023-06-16,1,Full Price,0,1,No IEP,77,0.81
5908,15,Finley,Rodriguez,2019-08-01,Male,2023-01-29,1,Reduced,0,0,No IEP,34,0.66
5909,15,Bailey,Johnson,2006-05-28,Male,2023-10-28,1,Reduced,0,0,No IEP,24,0.55
5910,15,Morgan,Jones,2009-02-08,Male,2024-02-15,1,Free,0,0,No IEP,83,0.89
5911,15,Oliver,Hall,2017-02-21,Female,2023-01-11,0,Full Price,0,0,No IEP,42,0.89
5912,15,Harper,White,2006-06-23,Male,2022-11-22,1,Full Price,0,0,No IEP,97,0.93
5913,15,Bailey,Martinez,2016-08-10,Female,2023-01-31,1,Reduced,0,0,No IEP,51,0.72
5914,15,Bailey,Allen,2020-09-05,Male,2023-08-06,0,Free,0,0,No IEP,92,0.94
5915,15,Morgan,Miller,2008-01-11,Female,2024-03-21,1,Free,1,0,No IEP,63,0.82
5916,15,Isaiah,Rodriguez,2013-06-14,Male,2023-03-31,1,Reduced,0,0,No IEP,44,0.84
5917,15,Harper,Rodriguez,2011-07-21,Other,2024-02-14,1,Reduced,0,1,Current IEP,82,0.75
5918,15,Casey,Martinez,2008-04-13,Female,2022-07-08,1,Free,0,0,No IEP,100,0.7
5919,16,Oliver,Miller,2017-08-11,Female,2023-04-28,1,Full Price,0,0,No IEP,72,0.72
5920,16,Finley,Walker,2019-04-21,Male,2024-04-23,0,Free,1,1,No IEP,56,0.77
5921,16,Alex,Brown,2009-12-09,Male,2022-09-12,1,Full Price,1,0,No IEP,61,0.79
5922,16,Casey,Garcia,2020-04-03,Male,2023-06-04,1,Reduced,0,0,Current IEP,87,0.65
5923,16,Noah,White,2016-06-22,Female,2023-04-21,1,Full Price,0,0,No IEP,56,0.72
5924,16,Casey,Jones,2019-04-09,Female,2023-12-27,1,Free,0,0,No IEP,47,0.69
5925,16,Oliver,Garcia,2020-06-19,Other,2022-06-27,1,Full Price,0,0,No IEP,89,0.91
5926,16,Logan,Jones,2014-01-07,Other,2024-04-03,1,Free,0,0,No IEP,63,0.91
5927,16,Oliver,Young,2019-06-24,Female,2022-11-03,1,Full Price,0,0,No IEP,42,0.81
5928,16,Alex,Hall,2011-04-02,Other,2023-04-26,1,Free,0,0,No IEP,84,0.91
5929,16,Parker,Walker,2007-10-10,Other,2024-04-30,1,Reduced,1,1,No IEP,71,0.59
5930,16,Kendrick,Smith,2006-04-07,Other,2023-10-08,1,Reduced,0,0,No IEP,52,0.51
5931,16,Casey,Brown,2010-04-04,Other,2024-05-10,1,Free,0,0,No IEP,14,0.61
5932,16,Gabriel,Garcia,2018-05-14,Other,2023-02-18,1,Full Price,0,0,No IEP,82,0.95
5933,16,Dakota,Smith,2006-10-02,Other,2023-07-17,1,Full Price,0,0,Current IEP,60,0.94
5934,16,Noah,White,2007-03-16,Other,2022-11-13,1,Free,0,0,No IEP,57,0.75
5935,16,Finley,Rodriguez,2006-03-15,Other,2022-08-27,1,Free,0,0,No IEP,85,0.9
5936,16,Logan,Brown,2012-02-23,Other,2022-08-03,1,Reduced,1,0,No IEP,101,0.98
5937,16,Jordan,White,2013-07-16,Other,2023-07-06,1,Full Price,0,0,Evaluation Pending,90,0.98
5938,16,Eden,Young,2019-04-04,Male,2024-02-29,1,Reduced,1,0,Current IEP,77,0.95
5939,16,Oliver,Walker,2007-09-17,Male,2022-11-07,1,Full Price,0,0,No IEP,55,0.79
5940,16,Jordan,Walker,2019-12-28,Female,2022-07-06,0,Reduced,1,0,Current IEP,37,0.6
5941,16,Bailey,Davis,2009-11-15,Other,2022-11-27,1,Free,0,0,No IEP,85,0.89
5942,16,Dakota,Smith,2008-09-18,Female,2022-10-02,1,Free,0,0,No IEP,56,0.96
5943,16,Dakota,Jones,2006-01-19,Other,2022-08-16,1,Reduced,0,0,No IEP,65,0.73
5944,16,Jordan,Davis,2019-09-25,Other,2022-08-19,1,Free,0,0,No IEP,44,0.89
5945,16,Finley,Miller,2018-11-21,Other,2022-12-01,1,Full Price,0,0,No IEP,66,0.89
5946,16,Kendrick,Walker,2013-12-17,Other,2023-08-01,1,Full Price,1,1,No IEP,88,0.51
5947,16,Jordan,Rodriguez,2016-06-14,Other,2024-02-07,1,Reduced,0,0,No IEP,68,0.81
5948,16,Dakota,Allen,2018-01-09,Male,2022-11-18,1,Reduced,0,0,No IEP,97,0.95
5949,16,Dakota,Miller,2016-03-16,Other,2023-04-16,1,Reduced,0,0,No IEP,68,0.91
5950,16,Logan,Brown,2008-07-24,Male,2022-11-29,1,Free,0,0,No IEP,43,0.78
5951,16,Harper,Brown,2008-04-14,Female,2023-10-19,1,Full Price,0,0,No IEP,60,0.9
5952,16,Parker,Young,2014-03-10,Female,2023-01-20,1,Reduced,0,1,No IEP,79,0.9
5953,16,Bailey,Brown,2010-04-15,Male,2023-03-01,1,Full Price,0,0,No IEP,49,0.96
5954,16,Alex,Miller,2011-12-04,Female,2023-03-07,1,Reduced,0,0,No IEP,32,0.77
5955,16,Logan,Allen,2015-02-16,Male,2023-06-09,1,Reduced,0,0,Current IEP,68,0.91
5956,16,Gabriel,Martinez,2016-01-11,Male,2023-01-13,1,Free,0,0,No IEP,86,0.74
5957,16,Morgan,Jones,2016-11-24,Female,2023-01-02,1,Free,0,0,No IEP,76,0.93
5958,16,Morgan,Young,2012-06-08,Female,2023-08-08,1,Free,0,0,No IEP,83,0.7
5959,16,Isaiah,Jones,2019-08-15,Other,2022-08-13,1,Free,0,0,No IEP,77,0.88
5960,16,Isaiah,Martinez,2010-10-05,Male,2024-05-15,1,Full Price,0,1,No IEP,54,0.9
5961,16,Eden,Williams,2016-08-09,Female,2022-11-30,1,Free,0,0,No IEP,31,0.62
5962,16,Gabriel,Brown,2016-03-15,Male,2023-11-20,1,Reduced,0,0,Evaluation Pending,104,0.9
5963,16,Bailey,Smith,2007-10-04,Other,2023-07-02,1,Free,0,0,No IEP,63,0.79
5964,16,Oliver,Walker,2011-05-12,Other,2024-03-20,1,Reduced,0,0,No IEP,46,0.84
5965,16,Isaiah,Walker,2014-09-20,Other,2023-12-10,1,Full Price,0,0,No IEP,22,0.93
5966,16,Finley,Smith,2017-02-02,Female,2023-11-02,1,Free,0,0,No IEP,68,0.98
5967,16,Jordan,Williams,2007-01-08,Male,2022-07-06,1,Reduced,0,1,No IEP,65,0.96
5968,16,Bailey,Brown,2006-02-19,Female,2023-08-08,1,Reduced,0,0,No IEP,66,0.74
5969,16,Bailey,Johnson,2017-06-19,Female,2023-12-21,1,Full Price,1,0,No IEP,30,0.8
5970,16,Casey,Young,2015-01-14,Female,2023-10-11,1,Free,0,0,Current IEP,64,0.95
5971,16,Finley,White,2017-12-05,Female,2023-02-08,1,Full Price,0,0,No IEP,78,0.89
5972,16,Isaiah,Garcia,2017-12-11,Female,2022-08-27,1,Reduced,0,0,Current IEP,47,0.52
5973,16,Dakota,Martinez,2013-07-14,Male,2022-11-26,1,Full Price,0,0,No IEP,83,0.53
5974,16,Parker,Davis,2012-11-01,Male,2023-03-19,1,Free,0,0,No IEP,46,0.6
5975,16,Morgan,Lee,2010-01-22,Female,2023-08-24,1,Full Price,0,0,No IEP,47,0.72
5976,16,Casey,Rodriguez,2012-12-24,Male,2023-12-27,1,Reduced,0,0,No IEP,51,0.9
5977,16,Alex,Garcia,2014-05-25,Male,2023-08-09,1,Reduced,0,0,No IEP,77,0.94
5978,16,Alex,Allen,2020-03-11,Other,2022-07-21,1,Free,0,0,No IEP,66,0.72
5979,16,Kendrick,Miller,2020-02-17,Other,2022-07-20,1,Full Price,0,0,Evaluation Pending,70,0.51
5980,16,Alex,Williams,2019-11-03,Female,2023-02-06,1,Free,0,0,No IEP,35,0.83
5981,16,Eden,Allen,2010-10-26,Other,2023-12-07,1,Free,1,0,No IEP,84,0.96
5982,16,Eden,Williams,2008-04-12,Female,2024-04-12,1,Free,0,0,No IEP,89,0.95
5983,16,Morgan,Brown,2008-12-10,Male,2022-06-30,1,Full Price,0,0,No IEP,83,0.98
5984,16,Parker,Rodriguez,2019-01-17,Male,2024-02-24,0,Reduced,0,0,No IEP,49,0.68
5985,16,Kendrick,Lee,2008-10-22,Other,2023-08-04,1,Free,0,1,No IEP,81,0.94
5986,16,Noah,Williams,2012-02-21,Other,2022-11-16,1,Reduced,0,0,No IEP,56,0.97
5987,16,Finley,Williams,2006-12-20,Female,2022-10-06,1,Reduced,0,0,No IEP,81,0.95
5988,16,Isaiah,Garcia,2017-04-06,Male,2023-06-08,1,Full Price,0,0,No IEP,24,0.6
5989,16,Logan,Miller,2008-01-22,Female,2023-08-07,1,Full Price,0,0,No IEP,40,0.54
5990,16,Finley,Martinez,2006-04-13,Female,2024-05-02,1,Free,1,0,Current IEP,45,0.81
5991,16,Bailey,Brown,2017-06-22,Female,2023-06-04,1,Reduced,0,0,Evaluation Pending,61,0.98
5992,16,Gabriel,Davis,2015-01-07,Other,2024-03-15,1,Free,0,1,No IEP,81,0.96
5993,16,Logan,Martinez,2007-10-01,Male,2023-01-21,1,Reduced,0,0,Current IEP,54,0.71
5994,16,Noah,Garcia,2008-06-17,Male,2023-05-16,1,Full Price,0,0,No IEP,14,0.65
5995,16,Harper,Lee,2014-10-28,Other,2022-10-20,0,Free,0,0,No IEP,82,0.9
5996,16,Finley,Davis,2011-01-25,Male,2023-12-29,0,Reduced,0,1,No IEP,3,0.84
5997,16,Dakota,Miller,2007-09-25,Male,2022-12-19,1,Full Price,1,0,No IEP,61,0.79
5998,16,Noah,Smith,2016-09-08,Other,2024-01-29,1,Full Price,0,0,No IEP,91,0.92
5999,16,Isaiah,Lee,2008-02-24,Other,2022-12-08,1,Full Price,1,0,No IEP,44,0.79
6000,16,Harper,Young,2020-12-12,Male,2023-01-15,1,Full Price,1,0,No IEP,106,0.98
6001,16,Dakota,Jones,2019-06-21,Male,2024-05-08,1,Full Price,0,0,No IEP,76,0.89
6002,16,Bailey,Brown,2007-09-02,Female,2024-02-23,1,Reduced,0,0,No IEP,21,0.85
6003,16,Bailey,Garcia,2011-09-12,Male,2022-07-26,1,Free,0,0,No IEP,71,0.97
6004,16,Oliver,Rodriguez,2015-10-13,Other,2024-02-19,1,Free,0,0,No IEP,78,0.9
6005,16,Alex,Miller,2011-04-09,Other,2023-01-05,1,Free,0,0,No IEP,33,0.78
6006,16,Dakota,Johnson,2017-12-13,Male,2022-09-09,1,Free,0,0,No IEP,81,0.93
6007,16,Parker,Martinez,2014-04-24,Other,2023-03-27,1,Free,0,0,No IEP,9,0.89
6008,16,Dakota,Walker,2008-11-17,Male,2023-05-17,1,Reduced,1,0,No IEP,54,0.78
6009,16,Alex,Martinez,2010-06-18,Male,2023-05-19,1,Free,0,1,Current IEP,68,0.78
6010,16,Dakota,Brown,2019-03-17,Male,2023-12-15,1,Full Price,0,0,No IEP,77,0.79
6011,16,Oliver,Davis,2010-09-09,Other,2023-03-01,1,Free,0,1,No IEP,96,0.94
6012,16,Finley,White,2011-05-22,Other,2022-10-14,1,Reduced,1,0,No IEP,65,0.73
6013,16,Gabriel,Williams,2017-09-18,Male,2023-05-21,1,Full Price,0,0,No IEP,60,0.83
6014,16,Morgan,Lee,2006-07-12,Female,2023-08-30,1,Free,0,1,No IEP,54,0.98
6015,16,Dakota,Smith,2007-08-02,Female,2023-04-19,1,Reduced,0,0,No IEP,33,0.5
6016,16,Oliver,Brown,2017-08-24,Male,2023-02-26,1,Full Price,1,0,No IEP,74,0.73
6017,16,Casey,Walker,2013-04-21,Other,2023-08-07,1,Full Price,0,0,No IEP,40,0.57
6018,16,Oliver,Williams,2009-03-04,Male,2024-02-20,1,Free,0,0,No IEP,61,0.91
6019,16,Parker,Allen,2007-03-15,Female,2023-02-08,1,Free,0,0,No IEP,78,0.89
6020,16,Dakota,Williams,2009-04-16,Female,2024-01-22,1,Free,0,0,No IEP,66,0.92
6021,16,Alex,Brown,2009-05-27,Other,2023-07-11,1,Full Price,1,0,No IEP,89,0.9
6022,16,Bailey,Allen,2017-02-10,Male,2022-07-11,1,Full Price,0,0,No IEP,42,0.61
6023,16,Noah,Davis,2019-09-11,Other,2023-03-22,1,Reduced,0,0,No IEP,81,0.89
6024,16,Harper,Brown,2016-01-26,Female,2022-11-01,1,Free,0,0,No IEP,85,0.91
6025,16,Dakota,Garcia,2018-03-27,Female,2024-01-11,1,Reduced,0,0,No IEP,79,0.91
6026,16,Oliver,Rodriguez,2008-03-22,Male,2023-06-17,1,Free,1,0,No IEP,34,0.71
6027,16,Gabriel,Davis,2014-08-19,Female,2022-09-30,1,Full Price,0,0,No IEP,66,0.77
6028,16,Alex,Miller,2008-05-25,Female,2024-03-01,1,Full Price,0,0,No IEP,43,0.62
6029,16,Gabriel,Davis,2015-07-03,Male,2023-04-23,1,Reduced,0,0,No IEP,109,0.91
6030,16,Parker,Smith,2016-11-01,Male,2023-06-14,1,Free,0,0,Current IEP,75,0.62
6031,16,Kendrick,Smith,2010-10-25,Male,2023-09-20,1,Reduced,0,0,No IEP,32,0.91
6032,16,Parker,Smith,2020-05-12,Female,2023-02-25,1,Reduced,0,0,No IEP,67,0.95
6033,16,Alex,Young,2011-04-22,Female,2023-02-15,1,Free,0,0,No IEP,68,0.92
6034,16,Isaiah,Garcia,2014-08-06,Male,2022-12-17,1,Free,0,1,No IEP,65,0.77
6035,16,Gabriel,Walker,2015-05-12,Other,2022-11-09,1,Full Price,0,0,No IEP,21,0.63
6036,16,Noah,Johnson,2019-09-10,Other,2023-08-02,1,Free,0,0,No IEP,45,0.77
6037,16,Bailey,Garcia,2012-08-12,Other,2023-12-24,1,Full Price,0,1,No IEP,48,0.56
6038,16,Eden,White,2007-01-17,Other,2022-09-16,1,Full Price,0,0,No IEP,86,0.88
6039,16,Bailey,Garcia,2018-09-24,Male,2024-01-17,1,Reduced,1,1,No IEP,25,0.95
6040,16,Logan,Brown,2008-10-20,Female,2023-12-16,1,Reduced,0,1,No IEP,107,0.94
6041,16,Jordan,Hall,2006-11-08,Other,2022-07-03,1,Full Price,0,0,No IEP,87,0.9
6042,16,Morgan,Smith,2007-05-12,Female,2023-09-09,1,Free,1,0,No IEP,89,0.89
6043,16,Harper,Smith,2008-09-17,Female,2022-10-04,1,Reduced,0,0,No IEP,51,0.98
6044,16,Parker,Johnson,2008-09-23,Female,2023-08-16,1,Full Price,0,0,No IEP,74,0.56
6045,16,Noah,Rodriguez,2014-06-05,Male,2023-10-14,1,Free,0,1,No IEP,69,0.69
6046,16,Harper,Jones,2020-03-26,Female,2023-01-13,1,Free,0,0,No IEP,88,0.95
6047,16,Alex,Martinez,2012-11-27,Other,2024-04-17,1,Reduced,0,0,No IEP,73,0.67
6048,16,Noah,Martinez,2008-09-16,Male,2023-01-17,1,Reduced,1,0,No IEP,97,0.9
6049,16,Alex,Martinez,2014-11-15,Other,2023-08-29,1,Reduced,0,0,No IEP,44,0.56
6050,16,Isaiah,Johnson,2017-11-22,Other,2023-02-15,1,Free,0,1,No IEP,62,0.98
6051,16,Dakota,Garcia,2008-02-28,Other,2023-09-03,1,Reduced,0,0,No IEP,56,0.65
6052,16,Kendrick,Walker,2009-12-21,Male,2023-12-26,1,Reduced,0,0,No IEP,52,0.78
6053,16,Noah,Walker,2008-11-23,Other,2024-03-03,1,Reduced,0,0,No IEP,73,0.58
6054,16,Finley,Miller,2006-05-18,Other,2024-03-20,1,Free,0,1,No IEP,52,0.97
6055,16,Dakota,Davis,2014-12-09,Female,2022-12-11,1,Free,1,1,No IEP,60,0.93
6056,16,Isaiah,Lee,2014-07-13,Male,2024-04-26,1,Reduced,0,0,Current IEP,76,0.63
6057,16,Eden,Hall,2006-03-18,Other,2022-11-12,1,Free,0,0,No IEP,76,0.75
6058,16,Bailey,Garcia,2013-03-20,Other,2023-02-28,1,Free,0,1,No IEP,87,0.96
6059,16,Jordan,Miller,2016-04-21,Male,2024-02-26,1,Free,0,1,No IEP,64,0.94
6060,16,Kendrick,White,2016-11-09,Female,2024-04-16,1,Reduced,1,1,No IEP,69,0.78
6061,16,Casey,Lee,2013-07-12,Female,2024-05-24,1,Reduced,0,0,No IEP,79,0.9
6062,16,Gabriel,Jones,2009-07-27,Male,2022-12-28,1,Reduced,0,0,No IEP,49,0.52
6063,16,Alex,White,2009-05-28,Other,2023-08-03,1,Full Price,0,1,No IEP,84,0.97
6064,16,Jordan,Walker,2012-08-18,Other,2023-02-02,0,Free,0,0,No IEP,71,0.76
6065,16,Bailey,Lee,2013-10-04,Female,2022-07-15,1,Free,0,0,No IEP,56,0.77
6066,16,Kendrick,Hall,2008-08-28,Female,2023-09-10,1,Reduced,0,0,No IEP,77,0.92
6067,16,Isaiah,Smith,2014-06-03,Female,2023-06-07,1,Reduced,1,1,No IEP,42,0.72
6068,16,Finley,Jones,2019-10-16,Male,2022-12-11,1,Free,0,0,No IEP,87,0.94
6069,16,Gabriel,Smith,2009-05-15,Other,2023-10-25,1,Reduced,0,0,No IEP,58,0.92
6070,16,Bailey,Martinez,2015-02-12,Male,2023-10-15,1,Full Price,0,0,No IEP,89,0.83
6071,16,Kendrick,Garcia,2008-02-11,Female,2023-01-13,1,Full Price,0,0,No IEP,79,0.96
6072,16,Casey,Young,2015-12-17,Other,2022-08-21,1,Full Price,0,0,No IEP,96,0.69
6073,16,Bailey,Smith,2020-02-14,Other,2023-12-16,0,Reduced,0,0,No IEP,54,0.88
6074,16,Finley,Davis,2012-05-15,Male,2023-02-10,1,Free,0,0,No IEP,36,0.73
6075,16,Oliver,Lee,2008-10-02,Male,2023-08-01,1,Reduced,0,0,No IEP,49,0.6
6076,16,Gabriel,Jones,2012-09-13,Other,2024-04-24,1,Full Price,0,0,Evaluation Pending,71,0.73
6077,16,Isaiah,White,2010-08-07,Female,2024-05-01,1,Reduced,0,0,No IEP,82,0.9
6078,16,Kendrick,Hall,2011-10-05,Male,2022-12-25,1,Full Price,1,0,No IEP,41,0.89
6079,16,Casey,Williams,2017-01-07,Male,2023-11-09,1,Reduced,0,0,No IEP,64,0.89
6080,16,Harper,Hall,2019-11-06,Female,2023-11-02,1,Full Price,1,1,No IEP,75,0.73
6081,16,Oliver,Lee,2013-08-07,Male,2024-03-13,1,Reduced,0,0,No IEP,81,0.98
6082,16,Alex,Hall,2020-05-02,Male,2023-06-08,1,Reduced,0,1,No IEP,83,0.89
6083,16,Jordan,Garcia,2014-06-18,Male,2022-10-13,1,Free,0,0,No IEP,60,0.9
6084,16,Dakota,Davis,2017-08-02,Male,2022-07-15,1,Free,0,0,No IEP,94,0.92
6085,16,Harper,Allen,2007-09-10,Male,2022-09-03,1,Full Price,0,0,No IEP,36,0.96
6086,16,Harper,Rodriguez,2020-05-15,Other,2023-07-20,1,Full Price,0,0,No IEP,98,0.78
6087,16,Casey,Hall,2007-06-15,Other,2022-12-24,1,Reduced,0,0,No IEP,85,0.91
6088,16,Morgan,Brown,2009-11-05,Other,2023-03-12,1,Full Price,1,0,No IEP,57,0.91
6089,16,Alex,Young,2010-05-28,Other,2024-02-13,1,Full Price,0,0,No IEP,71,0.91
6090,16,Harper,Martinez,2017-06-12,Female,2023-11-25,1,Reduced,0,0,No IEP,61,0.94
6091,16,Bailey,Williams,2017-03-18,Other,2022-07-13,1,Free,0,0,No IEP,82,0.91
6092,16,Logan,Johnson,2017-09-20,Other,2023-11-09,1,Reduced,0,0,No IEP,86,0.95
6093,16,Finley,Lee,2018-10-18,Male,2022-11-07,1,Free,0,0,No IEP,0,0.94
6094,16,Gabriel,White,2017-11-22,Female,2024-04-18,1,Reduced,1,0,No IEP,62,0.94
6095,16,Isaiah,Jones,2017-06-04,Female,2023-07-31,1,Free,1,0,No IEP,49,0.77
6096,16,Oliver,Young,2011-09-11,Female,2024-02-05,1,Full Price,0,0,No IEP,89,0.91
6097,16,Alex,Johnson,2016-05-19,Male,2023-11-16,1,Free,0,0,No IEP,72,0.84
6098,16,Harper,White,2019-10-07,Female,2024-01-03,1,Reduced,0,0,No IEP,11,0.57
6099,16,Dakota,Walker,2020-03-13,Male,2024-04-03,1,Free,1,0,No IEP,63,0.85
6100,16,Gabriel,Jones,2018-03-21,Male,2022-12-07,1,Free,1,1,Evaluation Pending,74,0.58
6101,16,Finley,White,2010-02-27,Male,2022-12-19,1,Free,1,0,Current IEP,61,0.94
6102,16,Logan,Hall,2006-07-22,Male,2023-07-22,1,Reduced,0,0,No IEP,62,0.91
6103,16,Harper,Davis,2013-07-21,Female,2023-06-18,1,Free,0,0,Evaluation Pending,53,0.79
6104,16,Morgan,Martinez,2006-10-03,Other,2023-02-18,1,Reduced,0,0,No IEP,79,0.9
6105,16,Gabriel,Williams,2012-06-07,Male,2022-10-19,1,Full Price,0,0,No IEP,79,0.93
6106,16,Morgan,Hall,2013-10-20,Other,2023-04-09,1,Full Price,1,0,No IEP,77,0.93
6107,16,Isaiah,White,2018-06-17,Male,2024-05-13,1,Free,1,0,No IEP,63,0.84
6108,16,Parker,Miller,2006-03-14,Other,2023-09-27,1,Free,0,1,No IEP,83,0.91
6109,16,Finley,Jones,2008-08-23,Male,2023-07-20,0,Free,0,0,No IEP,84,0.96
6110,16,Eden,Hall,2019-09-19,Female,2022-07-21,1,Reduced,0,0,No IEP,74,0.59
6111,16,Isaiah,Martinez,2020-05-11,Other,2022-07-08,1,Free,0,0,No IEP,56,0.7
6112,16,Finley,Brown,2009-11-05,Male,2022-09-28,1,Reduced,0,0,No IEP,50,0.92
6113,16,Alex,Williams,2014-05-24,Male,2023-07-16,1,Reduced,0,0,No IEP,63,0.72
6114,16,Dakota,White,2006-11-09,Female,2022-11-11,1,Full Price,0,0,No IEP,72,0.9
6115,16,Finley,White,2006-09-08,Female,2022-11-27,1,Reduced,0,0,No IEP,62,0.71
6116,16,Isaiah,Allen,2013-01-03,Other,2022-11-06,1,Reduced,0,0,No IEP,89,0.94
6117,16,Gabriel,Miller,2013-09-24,Female,2024-05-01,1,Reduced,0,0,No IEP,74,0.98
6118,16,Bailey,Miller,2008-01-10,Male,2022-07-22,1,Free,0,0,No IEP,66,0.97
6119,16,Finley,White,2014-05-21,Male,2023-09-11,1,Full Price,0,0,No IEP,33,0.79
6120,16,Parker,Miller,2014-11-23,Male,2024-02-14,1,Free,0,0,No IEP,60,0.95
6121,16,Logan,Williams,2007-09-12,Other,2022-11-26,1,Full Price,0,0,Current IEP,13,0.68
6122,16,Morgan,White,2007-08-10,Other,2022-07-01,1,Free,0,0,No IEP,82,0.81
6123,16,Noah,Williams,2010-01-19,Male,2024-04-19,0,Full Price,0,0,No IEP,31,0.72
6124,16,Isaiah,Davis,2014-09-25,Male,2024-03-23,1,Full Price,1,1,No IEP,91,0.76
6125,16,Oliver,White,2011-11-26,Other,2024-02-03,1,Reduced,0,0,Evaluation Pending,80,0.92
6126,16,Bailey,Lee,2015-03-13,Male,2023-04-02,1,Reduced,0,0,Current IEP,100,0.82
6127,16,Morgan,Davis,2007-04-03,Other,2022-10-29,1,Reduced,0,0,No IEP,34,0.54
6128,16,Noah,Allen,2006-11-22,Other,2022-08-28,1,Free,0,0,No IEP,77,0.97
6129,16,Harper,Williams,2020-12-19,Male,2024-02-23,1,Full Price,0,0,No IEP,49,0.92
6130,16,Noah,Miller,2009-08-17,Female,2023-03-13,1,Free,0,0,No IEP,54,0.92
6131,16,Bailey,Rodriguez,2012-08-05,Female,2023-11-03,1,Full Price,0,0,No IEP,76,0.96
6132,16,Harper,Young,2008-09-13,Female,2023-12-10,1,Free,0,0,No IEP,87,0.93
6133,16,Oliver,White,2019-06-07,Female,2024-03-05,1,Full Price,0,0,No IEP,32,0.7
6134,16,Logan,Johnson,2018-05-21,Male,2023-08-08,1,Reduced,0,0,No IEP,24,0.96
6135,16,Oliver,Walker,2011-01-05,Female,2022-10-07,1,Free,0,0,No IEP,99,0.79
6136,16,Harper,Rodriguez,2020-09-25,Male,2023-08-11,1,Reduced,0,0,No IEP,70,0.98
6137,16,Noah,Brown,2006-04-02,Female,2023-11-13,1,Reduced,0,1,Current IEP,67,0.9
6138,16,Noah,Rodriguez,2020-02-06,Male,2023-08-04,1,Free,0,0,No IEP,3,0.52
6139,16,Jordan,Allen,2017-03-02,Other,2023-10-10,1,Free,0,0,No IEP,95,0.92
6140,16,Kendrick,Smith,2020-02-18,Other,2022-11-30,1,Full Price,1,0,No IEP,45,0.97
6141,16,Finley,White,2006-05-15,Female,2023-05-07,1,Full Price,0,0,Current IEP,73,0.9
6142,16,Jordan,Rodriguez,2017-01-10,Other,2023-03-25,1,Free,0,0,No IEP,81,0.94
6143,16,Dakota,Allen,2014-05-03,Male,2023-10-29,1,Full Price,0,0,No IEP,61,0.77
6144,16,Casey,Davis,2011-01-11,Female,2022-07-10,1,Reduced,0,0,No IEP,71,0.92
6145,16,Parker,Lee,2013-08-10,Other,2023-07-02,1,Free,0,1,No IEP,77,0.89
6146,16,Logan,Garcia,2011-07-14,Female,2024-01-22,1,Free,0,0,No IEP,52,0.95
6147,16,Bailey,White,2006-02-05,Male,2023-10-01,1,Full Price,0,0,No IEP,68,0.93
6148,16,Casey,Allen,2009-05-19,Female,2023-09-18,1,Reduced,0,0,No IEP,84,0.95
6149,16,Jordan,Brown,2007-05-26,Other,2022-08-04,1,Full Price,0,0,No IEP,83,0.89
6150,16,Dakota,Lee,2014-01-17,Male,2023-05-02,1,Full Price,1,0,No IEP,23,0.62
6151,16,Oliver,Walker,2006-06-22,Other,2023-03-03,1,Free,0,0,No IEP,53,0.78
6152,16,Noah,Williams,2008-03-10,Male,2023-10-18,1,Full Price,0,0,No IEP,77,0.91
6153,16,Jordan,Jones,2007-05-10,Other,2023-03-22,1,Full Price,0,0,No IEP,92,0.71
6154,16,Alex,White,2018-05-21,Other,2023-05-15,1,Free,0,0,Current IEP,71,0.63
6155,16,Oliver,White,2007-04-12,Male,2023-02-26,1,Free,1,0,No IEP,95,0.91
6156,16,Eden,Young,2011-04-07,Male,2024-03-10,1,Reduced,0,0,No IEP,93,0.89
6157,16,Parker,Allen,2012-10-27,Other,2022-09-01,1,Free,0,0,Current IEP,79,0.79
6158,16,Bailey,Lee,2020-12-12,Male,2023-01-16,1,Full Price,0,0,No IEP,58,0.76
6159,16,Noah,Lee,2012-03-10,Other,2023-07-08,1,Free,0,0,No IEP,97,0.95
6160,16,Eden,Johnson,2013-11-19,Male,2023-07-07,0,Reduced,0,0,No IEP,66,0.8
6161,16,Gabriel,Walker,2013-02-24,Other,2023-01-31,1,Free,0,0,No IEP,74,0.96
6162,16,Oliver,Hall,2015-05-06,Other,2024-05-23,1,Free,0,0,No IEP,22,0.72
6163,16,Parker,Williams,2013-04-20,Female,2022-10-21,1,Full Price,0,0,No IEP,57,0.77
6164,16,Harper,Young,2008-10-22,Male,2024-02-07,1,Full Price,0,0,No IEP,49,0.56
6165,16,Harper,White,2009-02-04,Male,2023-02-25,1,Free,0,0,No IEP,74,0.89
6166,16,Logan,Hall,2020-04-23,Male,2023-11-07,1,Free,0,1,No IEP,10,0.77
6167,16,Gabriel,Johnson,2012-04-14,Other,2023-05-10,1,Reduced,0,0,Current IEP,1,0.74
6168,16,Logan,White,2011-01-10,Female,2022-11-26,1,Free,0,0,No IEP,82,0.93
6169,16,Bailey,Williams,2014-07-05,Other,2024-04-02,1,Reduced,0,0,No IEP,35,0.9
6170,16,Alex,Smith,2006-10-14,Female,2022-06-25,1,Free,0,1,No IEP,17,0.76
6171,16,Morgan,Smith,2011-02-14,Male,2023-04-21,1,Reduced,0,0,No IEP,54,0.92
6172,16,Morgan,Allen,2020-03-17,Other,2023-10-25,1,Reduced,0,0,No IEP,51,0.5
6173,16,Finley,Lee,2016-08-15,Other,2024-03-25,1,Reduced,0,1,No IEP,79,0.94
6174,16,Casey,Walker,2012-04-03,Other,2023-05-29,1,Reduced,0,0,No IEP,77,0.88
6175,16,Kendrick,Smith,2015-08-11,Female,2023-07-18,1,Full Price,0,0,Current IEP,66,0.5
6176,16,Finley,Williams,2006-08-13,Male,2023-04-02,1,Free,1,0,No IEP,45,0.78
6177,16,Oliver,Martinez,2006-02-02,Female,2023-12-14,1,Reduced,0,0,Evaluation Pending,50,0.77
6178,16,Dakota,Johnson,2012-06-26,Male,2024-05-23,1,Reduced,1,1,No IEP,29,0.91
6179,16,Harper,Miller,2015-11-04,Female,2024-02-02,1,Reduced,1,0,No IEP,60,0.97
6180,16,Dakota,Allen,2015-03-21,Other,2023-10-16,1,Free,0,0,No IEP,16,0.68
6181,16,Bailey,Rodriguez,2008-06-11,Female,2022-06-25,1,Full Price,0,0,No IEP,64,0.77
6182,16,Finley,Walker,2006-11-16,Female,2023-06-14,1,Full Price,0,1,No IEP,106,0.9
6183,16,Parker,Rodriguez,2011-03-11,Male,2023-03-27,1,Reduced,0,0,No IEP,49,0.76
6184,16,Dakota,Williams,2009-05-20,Male,2022-07-01,1,Full Price,0,0,Current IEP,96,0.9
6185,16,Finley,Garcia,2015-08-22,Male,2023-02-07,0,Reduced,1,0,No IEP,70,0.95
6186,16,Isaiah,Lee,2010-12-10,Male,2024-05-12,1,Reduced,0,0,Current IEP,69,0.95
6187,16,Isaiah,Young,2009-04-08,Other,2024-02-11,1,Free,0,0,Current IEP,40,0.64
6188,16,Isaiah,Miller,2018-09-21,Female,2024-03-03,1,Free,0,0,Current IEP,86,0.9
6189,16,Harper,Johnson,2012-01-08,Other,2024-04-20,1,Reduced,0,0,No IEP,33,0.75
6190,16,Isaiah,Martinez,2013-07-12,Female,2023-03-26,1,Free,0,1,No IEP,20,0.92
6191,16,Casey,Hall,2010-10-09,Female,2022-07-15,1,Reduced,1,0,No IEP,74,0.98
6192,16,Dakota,Smith,2006-04-17,Male,2022-11-05,1,Reduced,0,0,No IEP,95,0.79
6193,16,Dakota,Young,2019-06-17,Female,2022-12-16,1,Reduced,0,1,No IEP,23,0.75
6194,16,Kendrick,Martinez,2014-05-02,Male,2023-02-22,1,Free,0,0,No IEP,58,0.92
6195,16,Morgan,Smith,2010-11-11,Female,2022-11-04,1,Free,0,0,Current IEP,54,0.93
6196,16,Kendrick,Brown,2016-01-28,Female,2023-12-25,1,Reduced,0,1,Evaluation Pending,79,0.53
6197,16,Oliver,Young,2017-03-25,Other,2024-03-25,1,Reduced,1,0,No IEP,12,0.53
6198,16,Harper,Brown,2009-04-25,Male,2023-03-21,1,Reduced,0,0,No IEP,78,0.78
6199,16,Gabriel,Johnson,2020-11-10,Male,2023-07-10,0,Full Price,0,0,No IEP,48,0.71
6200,16,Morgan,Miller,2010-11-01,Male,2024-01-06,1,Free,0,0,No IEP,28,0.92
6201,16,Harper,Allen,2013-03-17,Other,2023-12-16,1,Reduced,1,0,No IEP,62,0.75
6202,16,Logan,Smith,2017-08-02,Male,2023-01-17,1,Reduced,0,0,No IEP,78,0.74
6203,16,Morgan,Smith,2011-09-11,Female,2023-05-24,1,Free,0,0,No IEP,74,0.94
6204,16,Kendrick,White,2013-03-14,Female,2023-07-05,1,Free,0,0,No IEP,17,0.75
6205,16,Noah,Garcia,2016-04-01,Other,2023-05-14,1,Free,0,0,No IEP,84,0.95
6206,16,Finley,Brown,2013-06-12,Female,2022-10-25,1,Full Price,1,0,No IEP,22,0.7
6207,16,Eden,Martinez,2017-01-03,Male,2024-03-23,1,Free,0,0,No IEP,63,0.72
6208,16,Morgan,Young,2019-09-03,Other,2023-07-19,1,Reduced,0,0,No IEP,74,0.75
6209,16,Gabriel,Walker,2018-04-14,Female,2023-01-16,1,Reduced,0,0,No IEP,51,0.7
6210,16,Logan,Allen,2008-05-19,Female,2024-04-26,1,Reduced,1,0,No IEP,52,0.98
6211,16,Kendrick,Allen,2008-01-20,Male,2022-11-22,1,Free,0,0,No IEP,82,0.84
6212,16,Finley,Lee,2011-04-06,Other,2024-04-30,1,Reduced,0,0,No IEP,82,0.93
6213,16,Alex,Young,2017-02-23,Male,2022-12-17,1,Reduced,1,0,No IEP,54,0.93
6214,16,Logan,White,2009-11-20,Other,2023-11-18,1,Reduced,0,0,No IEP,20,0.77
6215,16,Finley,Walker,2019-06-24,Male,2024-05-19,1,Free,0,0,Current IEP,51,0.93
6216,16,Dakota,Williams,2016-06-10,Male,2023-08-23,1,Free,0,0,No IEP,97,0.9
6217,16,Casey,Garcia,2011-09-04,Male,2023-07-20,1,Free,0,0,No IEP,80,0.89
6218,16,Finley,Williams,2013-11-06,Female,2024-02-19,1,Reduced,0,0,No IEP,94,0.95
6219,16,Oliver,Davis,2009-03-23,Other,2023-06-17,1,Reduced,0,1,No IEP,46,0.8
6220,16,Oliver,Young,2019-01-24,Other,2023-02-24,1,Reduced,0,0,No IEP,59,0.76
6221,16,Dakota,Brown,2006-08-10,Male,2023-01-23,1,Full Price,0,0,No IEP,69,0.92
6222,16,Morgan,Smith,2016-06-06,Other,2022-10-13,1,Free,1,0,Current IEP,54,0.73
6223,16,Harper,Hall,2007-06-28,Male,2024-02-12,1,Free,0,0,No IEP,76,0.81
6224,16,Eden,Garcia,2010-01-01,Male,2024-01-11,1,Reduced,0,0,No IEP,29,0.64
6225,16,Noah,White,2013-03-07,Other,2022-09-24,1,Full Price,0,0,No IEP,53,0.73
6226,16,Harper,Davis,2007-09-23,Male,2023-08-12,1,Free,0,0,No IEP,28,0.52
6227,16,Finley,Brown,2017-07-25,Other,2023-11-08,1,Reduced,1,0,No IEP,80,0.88
6228,16,Dakota,White,2009-09-05,Male,2022-12-05,1,Free,0,0,No IEP,64,0.98
6229,16,Parker,White,2016-05-26,Other,2023-10-08,1,Reduced,0,0,No IEP,77,0.89
6230,16,Gabriel,Lee,2006-05-13,Other,2023-05-10,1,Free,0,0,No IEP,82,0.88
6231,16,Bailey,Davis,2013-05-12,Other,2022-09-22,1,Reduced,0,0,No IEP,70,0.83
6232,16,Oliver,Smith,2010-03-28,Male,2023-07-23,1,Free,0,0,No IEP,59,0.82
6233,16,Dakota,Williams,2014-02-21,Other,2023-08-21,1,Full Price,0,0,No IEP,37,0.88
6234,16,Gabriel,White,2017-11-14,Other,2023-08-29,1,Full Price,0,0,No IEP,80,0.91
6235,16,Logan,Hall,2014-03-27,Male,2023-09-09,1,Reduced,0,0,No IEP,99,0.89
6236,16,Parker,Allen,2013-05-13,Other,2024-04-26,1,Reduced,1,0,No IEP,76,0.97
6237,16,Gabriel,Walker,2017-08-06,Other,2023-01-24,1,Reduced,0,0,No IEP,97,0.85
6238,16,Oliver,Miller,2013-09-07,Other,2022-09-11,1,Reduced,0,0,No IEP,87,0.84
6239,16,Gabriel,Martinez,2016-10-09,Male,2024-03-15,1,Reduced,0,0,No IEP,56,0.84
6240,16,Casey,Martinez,2008-02-20,Male,2023-02-19,1,Reduced,0,0,No IEP,45,0.83
6241,16,Harper,Allen,2015-06-24,Male,2023-10-17,1,Free,0,0,No IEP,85,0.9
6242,16,Dakota,Smith,2014-01-22,Male,2022-08-31,1,Full Price,0,0,No IEP,99,0.91
6243,16,Morgan,Smith,2006-11-22,Female,2024-01-02,1,Reduced,0,0,Current IEP,77,0.9
6244,16,Kendrick,Walker,2014-05-24,Female,2022-09-14,1,Free,0,1,Current IEP,58,0.65
6245,16,Eden,Williams,2012-06-08,Other,2023-06-19,1,Reduced,0,0,No IEP,73,0.97
6246,16,Noah,Johnson,2017-01-21,Other,2023-05-14,1,Free,0,0,No IEP,96,0.94
6247,16,Noah,Martinez,2016-10-16,Female,2022-07-28,1,Full Price,0,0,No IEP,68,0.85
6248,16,Casey,Johnson,2018-04-26,Other,2023-09-04,1,Reduced,0,0,No IEP,89,0.79
6249,16,Casey,Martinez,2008-08-04,Female,2023-07-06,1,Reduced,0,0,No IEP,62,0.93
6250,16,Isaiah,Jones,2008-03-17,Male,2023-11-12,1,Reduced,0,0,No IEP,79,0.93
6251,16,Gabriel,Brown,2008-06-08,Other,2022-11-06,1,Full Price,0,1,No IEP,42,0.66
6252,16,Casey,Williams,2007-04-25,Other,2022-09-05,1,Reduced,0,0,No IEP,97,0.95
6253,16,Jordan,Jones,2010-02-05,Male,2024-01-23,1,Free,0,0,No IEP,39,0.59
6254,16,Dakota,Lee,2006-12-26,Female,2024-03-16,1,Reduced,0,0,No IEP,76,0.94
6255,16,Jordan,Rodriguez,2009-12-08,Female,2022-10-18,1,Reduced,0,0,No IEP,73,0.97
6256,16,Alex,Lee,2012-01-10,Female,2022-08-21,1,Reduced,0,0,No IEP,76,0.91
6257,16,Casey,Williams,2014-06-01,Female,2023-03-25,1,Free,0,0,No IEP,52,0.93
6258,16,Alex,Miller,2019-04-26,Other,2023-07-15,1,Reduced,0,0,Current IEP,54,0.97
6259,16,Finley,Lee,2019-09-20,Other,2023-05-08,1,Reduced,0,0,No IEP,79,0.88
6260,16,Noah,Walker,2018-10-17,Female,2022-11-07,1,Full Price,0,0,No IEP,63,0.52
6261,16,Isaiah,Rodriguez,2018-01-26,Female,2022-11-06,1,Free,0,0,No IEP,67,0.83
6262,16,Finley,Hall,2020-09-09,Male,2024-03-15,1,Reduced,0,0,No IEP,53,0.82
6263,16,Finley,White,2019-08-26,Female,2023-09-06,1,Free,0,0,No IEP,76,0.9
6264,16,Eden,Young,2011-03-04,Other,2024-03-02,1,Free,1,0,No IEP,88,0.96
6265,16,Bailey,White,2011-10-09,Other,2022-08-28,1,Free,0,1,No IEP,59,0.79
6266,16,Dakota,Brown,2009-08-02,Other,2024-05-16,1,Full Price,0,0,No IEP,73,0.9
6267,16,Logan,Williams,2013-07-21,Male,2024-02-02,1,Full Price,0,0,No IEP,61,0.94
6268,16,Gabriel,Rodriguez,2018-01-13,Female,2023-01-23,1,Reduced,0,0,No IEP,57,0.94
6269,16,Gabriel,Brown,2007-01-05,Other,2023-01-02,1,Full Price,0,0,No IEP,55,0.85
6270,16,Alex,Walker,2020-10-14,Female,2023-11-08,1,Reduced,0,0,No IEP,77,0.97
6271,16,Jordan,Johnson,2013-12-09,Female,2023-06-05,1,Reduced,1,0,Current IEP,56,0.95
6272,16,Oliver,Hall,2015-02-25,Other,2023-05-02,1,Reduced,0,0,No IEP,74,0.96
6273,16,Morgan,Johnson,2012-01-10,Male,2023-11-07,1,Free,0,0,No IEP,21,0.84
6274,16,Morgan,Walker,2008-06-24,Male,2024-03-30,1,Reduced,0,0,No IEP,87,0.93
6275,16,Isaiah,Williams,2011-05-06,Other,2023-05-31,0,Free,0,0,No IEP,77,0.92
6276,16,Kendrick,White,2017-11-23,Male,2022-11-03,1,Reduced,0,0,No IEP,27,0.72
6277,16,Isaiah,Williams,2006-05-02,Other,2024-05-08,1,Full Price,1,0,No IEP,103,0.93
6278,16,Parker,Brown,2006-11-28,Female,2022-09-09,1,Free,0,0,No IEP,17,0.76
6279,16,Harper,Young,2017-04-10,Male,2023-06-09,1,Reduced,0,0,No IEP,64,0.76
6280,16,Oliver,Rodriguez,2011-06-16,Male,2024-01-15,1,Full Price,0,0,No IEP,37,0.51
6281,16,Gabriel,Jones,2020-01-25,Male,2024-01-15,1,Reduced,0,0,No IEP,87,0.79
6282,16,Jordan,Martinez,2010-06-01,Male,2024-02-15,1,Free,0,0,No IEP,46,0.93
6283,16,Morgan,Allen,2016-03-20,Other,2023-02-11,1,Reduced,0,0,No IEP,58,0.68
6284,16,Bailey,Rodriguez,2019-12-11,Male,2023-10-12,1,Full Price,0,0,No IEP,86,0.89
6285,16,Finley,White,2010-06-27,Other,2023-06-17,1,Free,1,0,No IEP,72,0.9
6286,16,Harper,Young,2006-02-01,Female,2022-07-11,1,Full Price,1,0,No IEP,65,0.82
6287,16,Morgan,Lee,2013-06-23,Female,2023-05-08,1,Free,0,0,No IEP,37,0.58
6288,16,Isaiah,Brown,2020-09-10,Female,2023-06-17,1,Reduced,0,0,No IEP,73,0.73
6289,16,Harper,Allen,2011-10-12,Male,2024-03-01,1,Free,0,0,No IEP,83,0.88
6290,16,Kendrick,Walker,2012-01-07,Male,2024-03-17,1,Reduced,0,0,No IEP,72,0.78
6291,16,Eden,Smith,2014-07-01,Male,2024-01-25,1,Full Price,0,0,Evaluation Pending,75,0.92
6292,16,Dakota,Garcia,2015-08-05,Female,2024-05-14,1,Free,0,0,No IEP,57,0.62
6293,16,Noah,Martinez,2009-05-05,Other,2022-11-03,1,Free,0,0,No IEP,85,0.94
6294,16,Eden,Hall,2011-02-04,Female,2022-11-24,1,Reduced,1,0,Current IEP,63,0.89
6295,16,Dakota,Jones,2007-07-02,Male,2023-01-03,1,Free,0,0,No IEP,76,0.98
6296,16,Gabriel,Brown,2017-10-14,Male,2022-07-20,0,Reduced,0,0,No IEP,83,0.89
6297,16,Oliver,Young,2018-01-03,Female,2024-02-22,1,Full Price,0,0,No IEP,45,0.73
6298,16,Casey,Young,2013-02-22,Female,2023-12-24,1,Full Price,0,0,No IEP,34,0.69
6299,16,Finley,Young,2010-05-28,Female,2023-09-21,1,Reduced,0,1,Current IEP,58,0.52
6300,16,Noah,Lee,2015-02-11,Other,2024-03-22,1,Full Price,1,1,No IEP,68,0.81
6301,16,Noah,Allen,2013-12-22,Other,2024-02-21,1,Free,0,0,No IEP,57,0.95
6302,16,Isaiah,Miller,2014-05-17,Other,2023-09-24,1,Free,0,0,No IEP,69,0.89
6303,16,Finley,Smith,2015-03-04,Other,2024-03-05,1,Reduced,0,0,No IEP,76,0.92
6304,16,Morgan,Lee,2011-11-19,Female,2023-01-19,1,Full Price,0,0,No IEP,62,0.74
6305,16,Dakota,Martinez,2013-10-13,Male,2023-01-17,1,Free,1,0,No IEP,49,0.74
6306,16,Kendrick,Martinez,2011-05-17,Female,2023-07-26,1,Free,0,0,No IEP,61,0.95
6307,16,Alex,Martinez,2020-06-06,Male,2023-05-09,1,Free,0,0,No IEP,42,0.72
6308,16,Isaiah,Garcia,2014-06-05,Male,2023-02-01,1,Free,0,0,No IEP,58,0.74
6309,16,Noah,Brown,2019-01-14,Male,2022-10-19,1,Reduced,0,0,No IEP,84,0.92
6310,16,Parker,Walker,2012-11-15,Other,2023-10-13,1,Full Price,1,0,No IEP,65,0.73
6311,16,Finley,Williams,2010-01-03,Other,2022-06-27,1,Reduced,0,0,No IEP,87,0.91
6312,16,Bailey,Walker,2008-08-16,Other,2022-11-22,1,Free,0,0,No IEP,83,0.92
6313,16,Noah,Williams,2016-12-02,Female,2024-01-07,1,Free,0,0,No IEP,75,0.89
6314,16,Finley,Garcia,2020-07-12,Other,2022-06-24,1,Reduced,1,0,No IEP,38,0.58
6315,16,Jordan,Allen,2017-10-07,Male,2024-01-16,1,Reduced,0,0,No IEP,73,0.97
6316,16,Dakota,Williams,2017-03-11,Other,2023-01-29,1,Free,1,1,No IEP,53,0.98
6317,16,Harper,Rodriguez,2017-05-18,Other,2023-09-23,1,Free,0,0,No IEP,68,0.9
6318,16,Harper,White,2016-02-07,Male,2024-05-24,1,Full Price,0,0,No IEP,56,0.92
6319,16,Dakota,Walker,2007-09-23,Male,2024-04-05,1,Reduced,0,0,No IEP,50,0.68
6320,16,Parker,Jones,2011-11-07,Other,2024-02-11,1,Free,0,0,No IEP,68,0.97
6321,16,Finley,Allen,2013-09-09,Female,2023-05-01,1,Free,0,0,Current IEP,94,0.81
6322,16,Parker,Johnson,2014-03-07,Female,2023-11-07,1,Reduced,0,0,Current IEP,44,0.59
6323,16,Harper,Jones,2018-09-12,Other,2022-10-17,1,Full Price,0,0,Current IEP,51,0.74
6324,16,Bailey,Lee,2014-05-15,Other,2023-08-08,0,Reduced,0,0,No IEP,76,0.96
6325,16,Casey,Williams,2013-06-02,Male,2024-05-20,1,Free,1,0,No IEP,60,0.75
6326,16,Bailey,Lee,2008-11-26,Female,2022-08-03,1,Reduced,0,0,No IEP,37,0.7
6327,16,Morgan,Williams,2006-10-26,Female,2023-06-09,1,Free,0,0,No IEP,69,0.9
6328,16,Jordan,Garcia,2011-12-07,Female,2022-08-03,1,Full Price,0,0,Current IEP,105,0.92
6329,16,Logan,Allen,2013-06-06,Other,2022-07-20,1,Free,0,1,No IEP,75,0.95
6330,16,Bailey,Smith,2012-09-06,Male,2022-12-28,1,Free,0,0,No IEP,88,0.85
6331,16,Harper,Johnson,2014-04-23,Male,2022-07-23,1,Reduced,0,0,No IEP,98,0.69
6332,16,Dakota,Rodriguez,2007-06-25,Other,2023-01-31,1,Reduced,0,0,No IEP,55,0.75
6333,16,Bailey,Davis,2017-10-02,Other,2024-02-12,1,Full Price,0,0,No IEP,85,0.95
6334,16,Casey,Martinez,2020-01-16,Other,2023-11-28,1,Reduced,0,0,No IEP,77,0.79
6335,16,Alex,Rodriguez,2006-10-21,Other,2022-08-08,1,Reduced,0,0,No IEP,87,0.89
6336,16,Logan,Walker,2008-01-26,Female,2022-07-02,1,Full Price,0,0,No IEP,74,0.5
6337,16,Alex,Smith,2018-06-11,Female,2023-11-28,1,Reduced,0,0,No IEP,67,0.62
6338,16,Oliver,Lee,2008-08-21,Female,2023-07-28,1,Full Price,1,1,No IEP,92,0.97
6339,16,Morgan,Williams,2008-04-28,Male,2022-11-21,1,Free,0,0,No IEP,63,0.91
6340,16,Harper,Martinez,2014-08-03,Female,2024-03-17,1,Full Price,0,0,No IEP,80,0.98
6341,16,Finley,Williams,2014-08-13,Male,2023-04-10,1,Reduced,0,0,No IEP,72,0.73
6342,16,Finley,Smith,2007-11-04,Male,2024-01-27,1,Full Price,0,0,No IEP,66,0.95
6343,16,Gabriel,Brown,2009-09-03,Male,2024-02-27,1,Full Price,0,0,No IEP,70,0.94
6344,16,Gabriel,Allen,2014-02-08,Other,2023-04-25,1,Free,0,0,No IEP,41,0.73
6345,16,Jordan,Jones,2015-01-10,Male,2024-02-27,1,Full Price,0,0,Evaluation Pending,42,0.63
6346,16,Casey,Martinez,2017-09-11,Female,2023-07-24,1,Free,0,0,No IEP,45,0.61
6347,16,Bailey,White,2019-04-06,Other,2022-12-16,1,Reduced,0,0,No IEP,52,0.56
6348,16,Bailey,Johnson,2009-01-25,Other,2023-11-25,0,Free,0,1,No IEP,73,0.57
6349,16,Alex,Rodriguez,2009-03-14,Female,2023-05-23,1,Free,0,1,No IEP,77,0.93
6350,16,Finley,Martinez,2010-12-09,Other,2024-05-22,1,Full Price,0,0,No IEP,19,0.54
6351,16,Finley,Lee,2007-12-20,Male,2023-03-25,0,Reduced,0,0,No IEP,104,0.88
6352,16,Parker,Young,2007-07-12,Male,2023-07-24,1,Reduced,0,1,No IEP,44,0.84
6353,16,Dakota,White,2016-08-05,Female,2023-12-15,0,Full Price,0,0,No IEP,89,0.92
6354,16,Eden,Rodriguez,2012-06-17,Male,2024-03-17,1,Full Price,0,0,No IEP,70,0.92
6355,16,Bailey,Hall,2016-09-08,Other,2024-03-14,1,Free,0,0,No IEP,52,0.57
6356,16,Logan,Hall,2008-07-14,Female,2023-01-15,1,Free,0,1,No IEP,64,0.89
6357,16,Gabriel,Young,2008-02-21,Female,2022-09-22,1,Free,0,0,No IEP,42,0.74
6358,16,Harper,Jones,2006-01-09,Other,2023-05-13,1,Free,0,0,No IEP,7,0.91
6359,16,Casey,White,2010-12-23,Other,2022-09-24,1,Reduced,0,0,Evaluation Pending,72,0.79
6360,16,Noah,Allen,2020-12-01,Male,2023-11-20,1,Reduced,0,1,No IEP,82,0.75
6361,16,Eden,Smith,2015-12-25,Male,2022-09-12,1,Full Price,0,0,No IEP,59,0.81
6362,16,Bailey,White,2007-06-25,Other,2024-01-03,1,Full Price,0,0,No IEP,65,0.9
6363,16,Eden,Smith,2014-05-13,Male,2023-03-05,1,Full Price,0,0,No IEP,58,0.89
6364,16,Noah,Lee,2015-05-12,Female,2023-11-29,1,Free,0,0,No IEP,71,0.91
6365,16,Noah,White,2020-07-17,Other,2023-04-10,1,Full Price,0,0,No IEP,73,0.89
6366,16,Eden,Walker,2012-01-09,Female,2023-05-26,1,Full Price,0,0,Current IEP,73,0.95
6367,16,Kendrick,Young,2016-03-20,Other,2023-02-08,1,Free,1,0,No IEP,47,0.67
6368,16,Morgan,Jones,2015-11-17,Other,2023-12-14,1,Reduced,1,0,No IEP,32,0.58
6369,16,Eden,Lee,2010-10-03,Female,2023-09-28,1,Reduced,0,0,No IEP,40,0.81
6370,16,Oliver,Davis,2017-10-02,Male,2024-03-25,1,Full Price,0,0,No IEP,31,0.84
6371,16,Parker,Allen,2017-07-14,Male,2022-12-16,1,Free,0,0,No IEP,97,0.8
6372,16,Morgan,Brown,2014-06-18,Female,2023-11-13,1,Full Price,0,0,No IEP,14,0.59
6373,16,Finley,Johnson,2016-05-21,Female,2022-10-18,1,Free,0,0,No IEP,69,0.55
6374,16,Logan,Allen,2013-05-21,Male,2024-02-25,1,Full Price,0,0,No IEP,35,0.85
6375,16,Isaiah,Brown,2018-09-13,Male,2024-04-22,1,Reduced,0,0,No IEP,45,0.56
6376,16,Morgan,Smith,2015-11-24,Male,2023-08-17,1,Reduced,0,0,No IEP,71,0.89
6377,16,Oliver,Miller,2015-04-02,Female,2023-08-09,1,Full Price,0,1,Current IEP,55,0.95
6378,16,Morgan,Miller,2013-05-26,Other,2023-05-29,1,Full Price,0,0,No IEP,52,0.84
6379,16,Eden,Hall,2019-12-05,Other,2024-03-17,1,Reduced,0,0,No IEP,30,0.79
6380,16,Parker,Jones,2012-10-21,Other,2024-02-26,0,Reduced,0,0,Current IEP,57,0.97
6381,16,Eden,Davis,2006-11-14,Female,2022-09-01,1,Free,1,0,No IEP,57,0.96
6382,16,Finley,White,2019-06-09,Other,2023-07-18,1,Free,0,0,No IEP,22,0.68
6383,16,Logan,Martinez,2017-05-11,Male,2023-01-26,0,Free,1,0,No IEP,75,0.95
6384,16,Oliver,Miller,2015-02-12,Other,2023-02-26,0,Full Price,0,1,No IEP,75,0.9
6385,16,Casey,Garcia,2011-06-26,Other,2023-05-08,1,Free,0,0,Evaluation Pending,62,0.85
6386,16,Alex,Walker,2010-06-04,Female,2024-02-26,1,Free,0,0,No IEP,10,0.92
6387,16,Parker,Jones,2008-02-12,Female,2022-12-03,1,Free,0,1,No IEP,38,0.59
6388,16,Kendrick,White,2016-09-04,Female,2023-11-15,1,Reduced,0,0,No IEP,109,0.9
6389,16,Dakota,Garcia,2018-11-20,Male,2022-09-28,1,Reduced,0,0,No IEP,89,0.97
6390,16,Kendrick,Brown,2020-05-07,Male,2023-09-02,1,Full Price,1,0,No IEP,75,0.7
6391,16,Alex,Davis,2009-08-11,Female,2024-05-01,0,Full Price,0,0,No IEP,23,0.52
6392,16,Harper,Garcia,2013-11-14,Other,2022-11-07,1,Free,0,0,No IEP,45,0.52
6393,16,Casey,Johnson,2011-04-03,Male,2022-09-04,1,Reduced,0,0,No IEP,69,0.93
6394,16,Logan,White,2019-02-13,Female,2023-09-09,1,Full Price,0,0,No IEP,74,0.75
6395,16,Kendrick,Davis,2020-02-09,Male,2022-09-18,1,Free,0,0,No IEP,55,0.81
6396,16,Casey,Williams,2015-10-28,Other,2024-01-21,1,Free,0,0,No IEP,76,0.89
6397,16,Alex,Davis,2007-03-21,Female,2024-03-21,1,Reduced,0,0,No IEP,59,0.51
6398,16,Oliver,Lee,2011-01-26,Male,2024-01-31,1,Free,0,0,No IEP,70,0.93
6399,16,Noah,Williams,2012-04-03,Male,2023-05-20,1,Full Price,0,0,No IEP,15,0.75
6400,16,Bailey,Young,2006-12-26,Other,2023-11-30,1,Free,0,0,No IEP,63,0.93
6401,16,Oliver,Walker,2020-11-09,Other,2023-05-10,1,Free,0,0,No IEP,98,0.96
6402,16,Casey,Williams,2013-10-19,Other,2023-06-17,1,Free,1,0,No IEP,74,0.71
6403,16,Alex,Miller,2012-05-21,Male,2024-01-28,1,Reduced,0,1,No IEP,58,0.84
6404,16,Logan,Walker,2007-07-23,Female,2023-12-05,1,Full Price,0,0,No IEP,83,0.8
6405,16,Gabriel,Martinez,2015-10-28,Male,2023-12-13,1,Free,0,0,No IEP,43,0.94
6406,16,Dakota,Walker,2009-05-12,Other,2024-03-05,1,Free,0,0,No IEP,68,0.92
6407,16,Bailey,Lee,2016-05-07,Female,2023-02-01,1,Free,0,0,No IEP,59,0.75
6408,16,Jordan,White,2020-11-18,Female,2024-05-22,1,Reduced,0,0,No IEP,73,0.73
6409,16,Dakota,Allen,2008-04-09,Male,2022-11-29,1,Full Price,1,0,No IEP,51,0.97
6410,16,Logan,Martinez,2020-06-10,Male,2022-11-01,1,Free,1,0,No IEP,41,0.75
6411,16,Parker,Hall,2013-04-05,Other,2023-05-05,1,Free,0,0,No IEP,59,0.74
6412,16,Jordan,Williams,2007-07-23,Female,2022-09-12,1,Free,0,0,No IEP,75,0.89
6413,16,Eden,Williams,2013-02-11,Female,2022-09-03,1,Full Price,0,1,No IEP,56,0.8
6414,16,Morgan,Allen,2009-04-28,Male,2024-04-14,1,Free,0,0,No IEP,69,0.97
6415,16,Parker,Johnson,2015-09-01,Male,2023-01-02,1,Free,0,0,Current IEP,79,0.89
6416,16,Kendrick,Davis,2010-02-26,Female,2024-05-11,1,Reduced,0,0,No IEP,60,0.78
6417,16,Harper,Walker,2006-11-16,Other,2023-10-16,1,Reduced,0,0,No IEP,99,0.93
6418,16,Morgan,Miller,2020-04-19,Male,2023-08-21,1,Full Price,0,0,No IEP,42,0.73
6419,16,Morgan,Smith,2013-06-04,Other,2023-02-03,1,Reduced,0,0,No IEP,88,0.91
6420,16,Harper,Walker,2015-04-20,Other,2023-11-08,1,Free,1,0,No IEP,89,0.91
6421,16,Kendrick,Smith,2017-04-07,Female,2022-09-28,1,Full Price,0,0,No IEP,87,0.83
6422,16,Eden,Martinez,2012-04-09,Other,2022-11-06,1,Free,1,0,No IEP,97,0.96
6423,16,Parker,Martinez,2007-12-17,Other,2023-05-20,1,Reduced,0,0,No IEP,62,0.92
6424,16,Oliver,Lee,2015-09-28,Male,2023-02-03,1,Reduced,0,0,No IEP,65,0.84
6425,16,Harper,Walker,2020-08-08,Other,2024-01-16,1,Reduced,0,0,No IEP,71,0.95
6426,16,Logan,Johnson,2014-01-11,Female,2023-08-17,1,Reduced,1,0,No IEP,88,0.91
6427,16,Kendrick,Garcia,2009-04-20,Other,2022-10-06,1,Reduced,0,0,No IEP,71,0.98
6428,16,Finley,Garcia,2011-01-03,Male,2023-01-05,1,Free,0,0,No IEP,76,0.93
6429,16,Bailey,Walker,2018-02-01,Female,2023-07-20,1,Free,0,0,No IEP,69,0.81
6430,16,Eden,Walker,2007-07-21,Other,2022-09-20,1,Free,1,0,No IEP,73,0.9
6431,16,Noah,Hall,2016-06-13,Female,2023-11-02,1,Full Price,0,0,No IEP,44,0.75
6432,16,Oliver,Young,2013-03-26,Other,2023-08-21,1,Reduced,0,0,No IEP,93,0.85
6433,16,Jordan,Rodriguez,2014-08-26,Female,2024-05-03,0,Free,0,0,No IEP,46,0.81
6434,16,Oliver,Davis,2018-07-24,Female,2023-06-20,1,Reduced,1,0,Current IEP,60,0.97
6435,16,Parker,Williams,2013-07-08,Male,2023-09-22,1,Full Price,1,0,No IEP,45,0.6
6436,16,Oliver,Brown,2009-12-07,Female,2022-11-17,1,Free,0,0,No IEP,49,0.77
6437,16,Jordan,Brown,2009-08-19,Male,2022-07-26,1,Free,0,0,No IEP,61,0.93
6438,16,Casey,Jones,2016-08-03,Male,2024-03-26,1,Free,0,0,Current IEP,78,0.92
6439,16,Gabriel,Lee,2007-02-27,Female,2022-08-08,1,Free,0,0,No IEP,88,0.81
6440,16,Bailey,Johnson,2020-11-12,Male,2023-06-08,1,Free,0,0,No IEP,79,0.81
6441,16,Finley,Johnson,2008-12-08,Male,2022-10-02,1,Reduced,0,0,No IEP,60,0.57
6442,16,Eden,Lee,2014-12-12,Female,2022-07-25,1,Free,0,0,No IEP,65,0.82
6443,16,Casey,Davis,2015-12-17,Female,2023-08-23,1,Reduced,0,0,Current IEP,19,0.52
6444,16,Kendrick,Walker,2019-08-25,Male,2023-03-19,1,Full Price,0,0,No IEP,53,0.78
6445,16,Jordan,Young,2016-11-15,Male,2022-11-27,1,Reduced,0,0,No IEP,90,0.93
6446,16,Kendrick,Allen,2020-05-03,Other,2023-04-16,1,Free,1,0,No IEP,44,0.85
6447,16,Dakota,Martinez,2014-04-25,Female,2023-03-04,1,Reduced,0,0,No IEP,104,0.73
6448,16,Bailey,Young,2011-12-14,Female,2023-03-28,1,Free,0,0,No IEP,58,0.55
6449,16,Harper,Rodriguez,2008-10-16,Male,2023-02-05,1,Reduced,0,0,No IEP,22,0.84
6450,16,Kendrick,Jones,2011-03-05,Female,2024-02-19,1,Full Price,0,0,No IEP,60,0.89
6451,16,Logan,Brown,2010-06-11,Female,2022-10-21,1,Free,0,0,No IEP,46,0.79
6452,16,Isaiah,Williams,2017-07-23,Other,2022-07-07,1,Reduced,1,0,No IEP,69,0.59
6453,16,Gabriel,Allen,2007-08-06,Other,2023-09-10,1,Free,1,0,Evaluation Pending,36,0.85
6454,16,Eden,Martinez,2017-09-23,Female,2022-08-15,1,Free,0,0,No IEP,51,0.92
6455,16,Bailey,Lee,2010-12-12,Female,2023-07-05,1,Free,0,0,No IEP,42,0.76
6456,16,Alex,Brown,2016-11-10,Female,2022-08-29,1,Full Price,1,1,No IEP,99,0.73
6457,16,Noah,Hall,2013-06-04,Male,2022-11-11,1,Free,0,0,No IEP,42,0.94
6458,16,Dakota,White,2011-01-04,Other,2023-02-16,1,Free,0,0,No IEP,54,0.95
6459,16,Alex,Allen,2016-12-18,Other,2024-04-15,1,Free,1,0,No IEP,99,0.68
6460,16,Parker,Jones,2013-11-05,Other,2023-09-06,1,Full Price,1,0,No IEP,75,0.79
6461,16,Dakota,Smith,2011-12-20,Male,2022-08-22,1,Full Price,1,0,Evaluation Pending,83,0.62
6462,16,Alex,Martinez,2006-05-11,Male,2022-09-02,1,Free,0,0,No IEP,85,0.96
6463,16,Eden,Rodriguez,2020-06-06,Female,2022-11-03,1,Reduced,1,0,No IEP,93,0.94
6464,16,Noah,Brown,2019-02-19,Female,2023-11-26,1,Reduced,0,0,No IEP,98,0.81
6465,16,Isaiah,Jones,2015-09-14,Male,2024-01-19,1,Free,0,1,No IEP,108,0.88
6466,16,Parker,Hall,2014-01-08,Other,2023-09-18,1,Reduced,0,0,No IEP,69,0.71
6467,16,Kendrick,Smith,2013-05-05,Female,2023-02-15,1,Free,0,0,No IEP,89,0.92
6468,16,Parker,Allen,2017-06-17,Female,2023-06-03,1,Full Price,1,0,No IEP,21,0.79
6469,16,Bailey,Young,2010-06-23,Male,2024-05-09,1,Free,0,0,No IEP,26,0.96
6470,16,Kendrick,Jones,2013-04-28,Female,2023-05-16,1,Reduced,0,0,No IEP,70,0.9
6471,16,Dakota,Hall,2011-07-14,Other,2022-08-19,1,Reduced,0,0,No IEP,104,0.88
6472,16,Logan,Rodriguez,2019-12-22,Male,2022-10-09,1,Free,0,0,No IEP,30,0.64
6473,16,Bailey,Allen,2007-07-25,Male,2023-11-08,1,Free,1,0,No IEP,38,0.77
6474,16,Oliver,White,2006-08-09,Female,2022-10-22,1,Full Price,0,1,No IEP,66,0.72
6475,16,Morgan,Rodriguez,2009-10-21,Other,2024-01-23,1,Free,0,0,No IEP,61,0.74
6476,16,Kendrick,Rodriguez,2011-03-19,Other,2023-09-20,1,Free,0,0,No IEP,62,0.83
6477,17,Dakota,Lee,2013-02-27,Other,2022-08-24,1,Free,0,0,No IEP,69,0.82
6478,17,Harper,Rodriguez,2018-02-16,Female,2023-09-22,1,Reduced,0,0,No IEP,98,0.92
6479,17,Casey,Rodriguez,2009-08-18,Male,2024-04-08,1,Free,0,0,No IEP,40,0.97
6480,17,Bailey,Martinez,2007-04-15,Male,2022-12-19,1,Full Price,1,0,No IEP,33,0.83
6481,17,Jordan,White,2019-08-26,Other,2024-02-11,1,Free,0,0,No IEP,10,0.96
6482,17,Jordan,Hall,2014-04-23,Male,2023-06-13,1,Free,0,0,No IEP,68,0.82
6483,17,Gabriel,Young,2016-05-25,Female,2022-12-04,1,Reduced,0,0,No IEP,56,0.94
6484,17,Casey,Martinez,2018-02-17,Other,2023-04-28,1,Reduced,0,0,No IEP,92,0.88
6485,17,Parker,Williams,2019-06-07,Female,2023-07-31,1,Full Price,0,0,No IEP,26,0.95
6486,17,Bailey,Johnson,2011-05-02,Male,2024-01-01,1,Reduced,0,0,No IEP,40,0.65
6487,17,Parker,Johnson,2013-05-24,Female,2023-02-28,1,Reduced,1,0,No IEP,65,0.77
6488,17,Parker,Hall,2012-05-15,Female,2022-11-06,1,Reduced,0,0,No IEP,109,0.95
6489,17,Bailey,Miller,2017-03-02,Other,2023-02-26,1,Reduced,0,0,No IEP,97,0.93
6490,17,Noah,Young,2014-04-14,Male,2022-12-14,1,Free,0,0,Current IEP,23,0.57
6491,17,Jordan,Williams,2017-04-12,Male,2023-10-18,1,Reduced,1,0,Current IEP,106,0.68
6492,17,Harper,Garcia,2012-03-26,Female,2024-05-20,1,Free,0,0,No IEP,62,0.93
6493,17,Noah,Smith,2010-04-26,Other,2024-04-03,1,Free,0,0,No IEP,95,0.61
6494,17,Kendrick,Allen,2006-09-06,Female,2023-09-22,1,Free,0,0,No IEP,28,0.9
6495,17,Casey,Davis,2015-08-05,Male,2023-11-19,1,Full Price,1,0,No IEP,103,0.93
6496,17,Isaiah,Garcia,2016-10-03,Male,2022-11-30,1,Full Price,1,0,No IEP,74,0.78
6497,17,Eden,Davis,2018-11-26,Female,2024-04-22,1,Reduced,0,1,No IEP,85,0.85
6498,17,Jordan,Allen,2018-04-06,Male,2023-11-28,1,Free,0,0,No IEP,87,0.97
6499,17,Logan,White,2009-11-06,Female,2023-08-23,1,Full Price,0,0,No IEP,73,0.94
6500,17,Logan,Young,2017-01-17,Other,2023-04-29,1,Free,0,0,No IEP,62,0.89
6501,17,Logan,Allen,2007-04-24,Female,2023-03-23,1,Free,0,0,No IEP,52,0.97
6502,17,Kendrick,Johnson,2020-08-10,Male,2023-11-27,1,Free,1,0,No IEP,64,0.72
6503,17,Noah,Williams,2013-08-22,Other,2023-11-19,1,Reduced,0,0,No IEP,64,0.94
6504,17,Parker,Rodriguez,2011-10-15,Other,2022-08-07,0,Reduced,0,0,No IEP,42,0.72
6505,17,Finley,Hall,2020-04-19,Female,2022-07-10,1,Free,0,0,No IEP,68,0.96
6506,17,Morgan,Jones,2016-06-24,Other,2022-10-14,0,Free,0,1,No IEP,78,0.82
6507,17,Morgan,White,2019-12-18,Male,2024-03-11,1,Full Price,0,1,No IEP,53,0.82
6508,17,Jordan,Martinez,2008-08-26,Male,2022-08-26,1,Reduced,0,0,No IEP,76,0.94
6509,17,Isaiah,Williams,2018-07-07,Other,2022-09-01,1,Reduced,0,1,No IEP,61,0.78
6510,17,Gabriel,Miller,2017-08-12,Female,2022-12-05,1,Full Price,0,0,No IEP,51,0.98
6511,17,Gabriel,Lee,2007-10-05,Other,2023-06-05,1,Reduced,0,0,No IEP,48,0.58
6512,17,Jordan,Lee,2016-05-28,Male,2023-11-06,1,Full Price,0,1,Current IEP,76,0.95
6513,17,Morgan,Johnson,2007-10-12,Female,2023-02-01,1,Free,0,0,No IEP,62,0.9
6514,17,Gabriel,Williams,2009-07-09,Male,2023-05-16,1,Full Price,1,0,No IEP,82,0.95
6515,17,Morgan,Rodriguez,2010-02-21,Female,2022-12-17,1,Full Price,0,0,Current IEP,101,0.89
6516,17,Isaiah,Miller,2015-08-16,Female,2023-09-03,1,Free,0,0,No IEP,53,0.73
6517,17,Casey,Williams,2019-11-15,Male,2024-01-07,1,Free,0,1,No IEP,45,0.6
6518,17,Harper,Young,2011-10-24,Female,2023-03-01,1,Full Price,0,0,No IEP,69,0.82
6519,17,Logan,Brown,2007-01-16,Female,2023-10-22,1,Reduced,0,0,No IEP,35,0.63
6520,17,Dakota,Lee,2019-09-23,Male,2022-08-07,1,Reduced,0,0,No IEP,66,0.84
6521,17,Noah,Walker,2019-01-21,Other,2024-05-15,1,Free,0,0,No IEP,40,0.85
6522,17,Isaiah,White,2011-02-13,Female,2022-10-29,1,Reduced,0,0,Evaluation Pending,58,0.83
6523,17,Logan,Hall,2012-10-07,Other,2022-08-20,1,Free,0,0,No IEP,40,0.5
6524,17,Harper,Johnson,2019-02-08,Female,2024-02-14,1,Full Price,0,0,No IEP,52,0.82
6525,17,Parker,Smith,2016-07-13,Male,2023-07-09,1,Full Price,0,0,No IEP,68,0.78
6526,17,Logan,Rodriguez,2011-01-21,Male,2023-07-27,1,Free,0,0,No IEP,85,0.95
6527,17,Bailey,Brown,2016-08-07,Other,2024-01-17,1,Free,0,0,No IEP,71,0.73
6528,17,Jordan,Garcia,2012-07-24,Male,2022-07-16,1,Free,0,0,No IEP,38,0.97
6529,17,Noah,Allen,2014-03-14,Other,2023-09-27,1,Free,0,0,No IEP,83,0.92
6530,17,Gabriel,Miller,2007-11-18,Female,2023-06-07,1,Reduced,0,0,No IEP,16,0.64
6531,17,Noah,Jones,2016-04-07,Female,2022-07-05,1,Free,0,0,No IEP,81,0.8
6532,17,Parker,Jones,2012-08-11,Female,2024-01-12,1,Reduced,0,0,No IEP,65,0.76
6533,17,Oliver,White,2012-09-22,Other,2022-08-26,1,Full Price,1,0,No IEP,79,0.89
6534,17,Bailey,Jones,2012-12-02,Other,2024-03-24,1,Free,0,0,No IEP,62,0.88
6535,17,Logan,Jones,2015-07-27,Male,2024-03-21,1,Reduced,0,1,No IEP,60,0.81
6536,17,Noah,Williams,2009-03-20,Other,2023-02-19,1,Reduced,1,0,No IEP,16,0.75
6537,17,Harper,Rodriguez,2017-01-03,Male,2023-04-10,1,Full Price,1,0,No IEP,109,0.92
6538,17,Casey,White,2018-04-20,Other,2023-03-17,1,Reduced,0,0,No IEP,31,0.94
6539,17,Alex,Lee,2019-06-26,Female,2023-06-08,1,Reduced,1,0,No IEP,77,0.89
6540,17,Casey,Allen,2008-05-05,Other,2023-09-12,1,Free,0,0,Current IEP,77,0.93
6541,17,Eden,Brown,2019-02-07,Other,2023-12-31,1,Free,0,0,No IEP,69,0.8
6542,17,Isaiah,Lee,2017-06-20,Female,2023-01-10,1,Reduced,1,0,No IEP,78,0.92
6543,17,Morgan,White,2017-12-18,Male,2023-08-23,1,Reduced,0,0,No IEP,91,0.8
6544,17,Harper,Smith,2016-07-17,Male,2022-09-25,1,Full Price,0,0,No IEP,88,0.97
6545,17,Logan,Garcia,2010-03-24,Male,2023-08-09,1,Reduced,0,0,No IEP,77,0.97
6546,17,Noah,Garcia,2012-03-08,Male,2023-07-11,1,Full Price,0,0,No IEP,78,0.92
6547,17,Casey,Johnson,2014-12-14,Female,2024-02-17,1,Free,0,0,No IEP,81,0.96
6548,17,Eden,Jones,2006-09-07,Male,2022-10-19,1,Full Price,0,0,No IEP,40,0.66
6549,17,Casey,Rodriguez,2011-09-09,Female,2024-04-28,1,Free,0,0,No IEP,68,0.89
6550,17,Bailey,Davis,2010-10-16,Male,2024-04-27,0,Full Price,0,0,No IEP,68,0.89
6551,17,Eden,Williams,2018-02-26,Other,2023-05-07,1,Reduced,0,0,No IEP,73,0.73
6552,17,Casey,Williams,2006-08-12,Female,2023-12-26,1,Free,0,0,No IEP,90,0.74
6553,17,Isaiah,Garcia,2020-09-27,Other,2022-09-06,1,Reduced,0,0,No IEP,81,0.84
6554,17,Eden,Martinez,2008-10-23,Other,2023-11-21,1,Free,0,1,No IEP,62,0.9
6555,17,Bailey,Rodriguez,2016-11-10,Male,2023-09-29,1,Full Price,0,0,No IEP,41,0.9
6556,17,Alex,Hall,2006-12-09,Female,2022-07-10,1,Free,0,0,No IEP,65,0.89
6557,17,Jordan,Martinez,2007-07-28,Female,2022-12-21,1,Free,0,0,No IEP,62,0.71
6558,17,Logan,Allen,2017-04-18,Other,2023-05-30,1,Free,0,0,Current IEP,105,0.68
6559,17,Jordan,Martinez,2016-04-21,Male,2023-06-13,1,Free,0,0,No IEP,63,0.77
6560,17,Noah,Garcia,2018-02-02,Male,2023-06-08,1,Free,0,0,No IEP,97,0.64
6561,17,Dakota,Rodriguez,2009-06-22,Female,2023-06-02,1,Reduced,0,0,No IEP,86,0.94
6562,17,Casey,Hall,2015-06-26,Male,2023-10-23,1,Free,0,0,No IEP,79,0.72
6563,17,Jordan,Garcia,2013-11-04,Male,2023-08-18,1,Reduced,0,0,No IEP,57,0.82
6564,17,Alex,Young,2014-02-17,Other,2023-03-03,1,Reduced,0,0,No IEP,73,0.73
6565,17,Parker,Williams,2013-08-07,Male,2023-11-07,1,Full Price,0,0,No IEP,38,0.63
6566,17,Finley,Rodriguez,2014-04-23,Male,2024-02-29,1,Reduced,0,0,No IEP,99,0.76
6567,17,Gabriel,Garcia,2018-06-02,Female,2023-09-30,1,Free,0,0,No IEP,90,0.58
6568,17,Finley,Davis,2011-10-05,Other,2023-09-14,1,Reduced,0,0,No IEP,54,0.72
6569,17,Noah,Hall,2010-09-01,Male,2023-12-05,1,Reduced,0,0,No IEP,101,0.92
6570,17,Oliver,Davis,2016-05-03,Other,2024-01-07,1,Full Price,0,0,No IEP,63,0.91
6571,17,Harper,Allen,2014-09-05,Other,2023-02-23,1,Reduced,0,0,Current IEP,28,0.69
6572,17,Isaiah,Lee,2013-03-04,Other,2022-07-25,0,Full Price,1,0,Current IEP,72,0.8
6573,17,Harper,Young,2008-02-15,Female,2022-10-04,1,Free,1,0,No IEP,71,0.93
6574,17,Parker,Garcia,2020-03-22,Female,2023-11-21,1,Reduced,0,0,Current IEP,63,0.96
6575,17,Alex,Walker,2010-12-27,Other,2023-09-05,1,Free,0,0,No IEP,74,0.97
6576,17,Noah,Smith,2019-05-04,Female,2023-01-28,1,Free,0,0,No IEP,77,0.92
6577,17,Gabriel,Martinez,2019-05-06,Female,2022-09-07,0,Free,1,0,Evaluation Pending,62,0.91
6578,17,Dakota,Hall,2014-06-04,Male,2023-07-01,1,Free,0,0,No IEP,79,0.95
6579,17,Morgan,Lee,2007-01-01,Male,2023-06-19,1,Reduced,0,1,No IEP,85,0.93
6580,17,Bailey,Walker,2009-08-10,Other,2024-01-05,1,Full Price,0,0,No IEP,55,0.84
6581,17,Alex,Walker,2009-10-08,Male,2023-10-03,1,Reduced,0,0,No IEP,44,0.78
6582,17,Jordan,Young,2012-07-23,Male,2024-03-22,1,Reduced,0,1,No IEP,91,0.74
6583,17,Eden,Lee,2010-02-25,Female,2024-04-30,1,Free,0,0,No IEP,70,0.81
6584,17,Noah,White,2012-12-24,Male,2024-01-10,1,Full Price,0,0,No IEP,80,0.96
6585,17,Oliver,Hall,2020-07-15,Female,2023-04-17,1,Reduced,1,1,No IEP,79,0.95
6586,17,Bailey,Miller,2008-06-06,Other,2023-03-27,1,Free,0,0,Current IEP,92,0.96
6587,17,Kendrick,Martinez,2006-04-02,Other,2022-11-20,1,Free,0,0,No IEP,80,0.93
6588,17,Kendrick,Davis,2020-08-20,Male,2022-10-06,1,Reduced,0,0,No IEP,41,0.66
6589,17,Jordan,Lee,2012-02-25,Female,2023-12-09,1,Free,0,0,No IEP,77,0.96
6590,17,Parker,Allen,2006-06-25,Male,2024-04-30,1,Full Price,0,0,No IEP,40,0.79
6591,17,Gabriel,Lee,2009-03-11,Female,2024-03-12,0,Free,0,0,No IEP,52,0.73
6592,17,Jordan,Miller,2012-06-13,Female,2023-04-25,1,Reduced,0,0,No IEP,65,0.88
6593,17,Dakota,Rodriguez,2011-01-23,Male,2023-08-04,1,Free,0,0,Current IEP,77,0.91
6594,17,Logan,Lee,2007-07-05,Other,2024-03-25,1,Reduced,0,0,No IEP,76,0.95
6595,17,Eden,Smith,2016-03-19,Male,2023-02-05,0,Free,0,1,No IEP,67,0.93
6596,17,Dakota,Davis,2007-05-28,Other,2022-09-26,1,Reduced,0,0,No IEP,107,0.93
6597,17,Finley,Jones,2011-07-08,Male,2023-12-05,1,Free,0,0,No IEP,10,0.82
6598,17,Bailey,Miller,2009-03-28,Female,2022-09-02,1,Free,0,0,No IEP,105,0.92
6599,17,Bailey,Brown,2007-11-06,Other,2023-11-26,1,Reduced,0,0,Current IEP,54,0.96
6600,17,Finley,Brown,2006-03-11,Other,2023-10-19,1,Free,1,0,No IEP,51,0.89
6601,17,Finley,Young,2018-09-21,Other,2022-12-17,1,Full Price,1,0,No IEP,73,0.76
6602,17,Gabriel,Lee,2019-09-07,Male,2023-05-16,1,Full Price,0,0,No IEP,98,0.93
6603,17,Finley,Garcia,2013-12-21,Female,2023-12-16,1,Reduced,1,1,No IEP,82,0.78
6604,17,Eden,Hall,2009-11-07,Other,2022-09-29,1,Free,0,0,Current IEP,49,0.74
6605,17,Isaiah,Garcia,2015-06-10,Other,2024-02-28,1,Reduced,0,0,No IEP,26,0.72
6606,17,Bailey,Jones,2011-02-11,Male,2024-02-07,1,Free,0,1,No IEP,17,0.79
6607,17,Casey,Brown,2012-05-19,Male,2023-04-30,1,Reduced,0,0,No IEP,29,0.6
6608,17,Bailey,Garcia,2014-12-05,Other,2023-03-13,1,Reduced,0,0,No IEP,59,0.96
6609,17,Morgan,Allen,2009-11-15,Other,2023-11-18,1,Full Price,0,0,Current IEP,86,0.98
6610,17,Isaiah,Young,2012-07-09,Other,2024-02-28,1,Free,0,0,No IEP,105,0.93
6611,17,Morgan,Rodriguez,2015-12-13,Female,2023-12-12,1,Free,0,1,No IEP,65,0.74
6612,17,Dakota,Walker,2015-12-19,Other,2024-04-09,1,Reduced,0,0,No IEP,67,0.82
6613,17,Logan,Jones,2010-05-17,Other,2023-12-07,1,Free,1,0,No IEP,104,0.89
6614,17,Isaiah,Jones,2019-12-10,Male,2023-09-19,1,Full Price,1,0,No IEP,26,0.75
6615,17,Isaiah,Martinez,2009-07-12,Male,2023-11-28,1,Full Price,0,0,No IEP,52,0.98
6616,17,Bailey,Miller,2018-12-12,Female,2023-04-17,1,Free,0,0,No IEP,53,0.72
6617,17,Parker,Davis,2013-11-28,Female,2024-03-21,1,Reduced,0,0,No IEP,43,0.76
6618,17,Parker,Miller,2011-03-27,Male,2022-06-28,1,Free,0,0,No IEP,92,0.94
6619,17,Finley,Williams,2019-10-14,Male,2022-08-10,1,Free,1,1,No IEP,50,0.75
6620,17,Isaiah,Miller,2007-04-18,Other,2023-08-18,1,Full Price,1,0,Current IEP,78,0.55
6621,17,Isaiah,Smith,2013-06-08,Male,2023-01-26,1,Reduced,1,0,No IEP,67,0.88
6622,17,Harper,White,2018-07-27,Other,2023-02-11,1,Full Price,1,1,No IEP,84,0.51
6623,17,Gabriel,Walker,2006-06-08,Male,2023-01-07,1,Reduced,0,0,No IEP,79,0.79
6624,17,Dakota,Lee,2009-12-22,Other,2022-08-05,1,Full Price,0,1,No IEP,63,0.95
6625,17,Dakota,Smith,2017-06-09,Other,2022-12-08,1,Reduced,0,0,Current IEP,2,0.66
6626,17,Isaiah,Jones,2011-04-07,Other,2023-04-08,1,Free,0,0,No IEP,60,0.98
6627,17,Morgan,Davis,2020-09-18,Female,2022-07-05,1,Free,0,0,No IEP,46,0.69
6628,17,Isaiah,Walker,2018-06-07,Other,2024-02-06,1,Full Price,0,0,Current IEP,93,0.9
6629,17,Morgan,Walker,2017-12-06,Male,2022-10-04,1,Full Price,0,0,No IEP,73,0.93
6630,17,Harper,Garcia,2007-09-22,Other,2022-08-29,1,Free,0,0,Evaluation Pending,59,0.88
6631,17,Noah,Davis,2013-06-16,Male,2022-10-05,1,Reduced,0,0,Current IEP,44,0.58
6632,17,Alex,Young,2008-06-16,Other,2023-11-16,0,Free,1,0,No IEP,27,0.6
6633,17,Parker,Jones,2010-06-22,Male,2024-04-10,1,Reduced,0,0,No IEP,32,0.98
6634,17,Eden,Jones,2011-01-24,Female,2022-10-13,1,Full Price,0,1,No IEP,65,0.81
6635,17,Harper,Davis,2008-02-16,Other,2022-10-28,1,Free,0,0,No IEP,83,0.81
6636,17,Casey,Brown,2020-06-20,Male,2024-02-08,1,Free,0,1,No IEP,87,0.88
6637,17,Parker,Martinez,2007-10-06,Female,2024-01-04,1,Free,0,1,No IEP,59,0.9
6638,17,Bailey,Lee,2019-03-04,Other,2023-07-23,1,Full Price,0,0,No IEP,65,0.73
6639,17,Finley,Allen,2012-05-23,Female,2022-08-04,1,Full Price,0,0,No IEP,35,0.5
6640,17,Jordan,Smith,2006-05-24,Male,2023-12-27,1,Free,0,0,No IEP,101,0.8
6641,17,Alex,Rodriguez,2006-11-16,Male,2022-08-10,1,Free,0,0,No IEP,90,0.96
6642,17,Alex,Hall,2013-10-15,Male,2023-11-10,1,Reduced,0,0,No IEP,8,0.82
6643,17,Logan,Hall,2006-12-05,Other,2022-12-29,1,Reduced,1,1,No IEP,33,0.59
6644,17,Alex,Walker,2019-07-23,Male,2023-05-14,1,Full Price,0,0,No IEP,107,0.84
6645,17,Alex,Smith,2017-10-22,Female,2023-09-17,1,Full Price,0,1,No IEP,17,0.75
6646,17,Alex,Brown,2007-09-18,Other,2023-09-12,1,Full Price,0,0,No IEP,23,0.98
6647,17,Oliver,Martinez,2007-10-28,Other,2022-08-04,1,Reduced,0,0,No IEP,106,0.71
6648,17,Eden,Williams,2011-09-05,Other,2023-10-23,1,Full Price,0,0,No IEP,57,0.83
6649,17,Finley,Brown,2007-08-18,Male,2022-08-08,1,Free,0,0,No IEP,70,0.8
6650,17,Harper,Jones,2020-10-24,Male,2022-07-05,1,Reduced,0,0,No IEP,40,0.82
6651,17,Kendrick,Miller,2006-05-25,Male,2022-12-02,1,Reduced,0,0,No IEP,80,0.91
6652,17,Alex,Walker,2013-09-01,Male,2023-10-15,1,Free,0,0,No IEP,55,0.88
6653,17,Eden,Brown,2017-02-16,Female,2023-08-30,1,Full Price,0,0,No IEP,90,0.95
6654,17,Morgan,Young,2010-09-03,Male,2023-12-30,1,Reduced,0,0,No IEP,63,0.74
6655,17,Isaiah,Rodriguez,2007-10-14,Male,2022-10-02,1,Free,0,0,No IEP,81,0.97
6656,17,Finley,Jones,2009-11-19,Male,2023-08-03,1,Reduced,0,0,No IEP,50,0.95
6657,17,Isaiah,Johnson,2015-06-15,Other,2023-07-21,1,Free,0,0,Current IEP,57,0.76
6658,17,Jordan,Davis,2018-09-17,Female,2024-02-17,1,Full Price,0,0,No IEP,61,0.78
6659,17,Jordan,Allen,2009-03-03,Male,2023-10-24,1,Full Price,1,0,No IEP,77,0.69
6660,17,Bailey,Brown,2020-02-24,Male,2023-09-01,1,Free,0,0,No IEP,64,0.91
6661,17,Jordan,Young,2007-03-28,Male,2022-12-12,1,Reduced,0,0,No IEP,106,0.73
6662,17,Gabriel,Williams,2013-07-22,Female,2023-04-13,1,Full Price,0,0,No IEP,8,0.81
6663,17,Harper,Martinez,2011-02-04,Male,2024-01-14,1,Reduced,0,0,No IEP,72,0.9
6664,17,Casey,Jones,2015-01-23,Male,2023-11-26,1,Full Price,0,0,No IEP,51,0.93
6665,17,Oliver,Garcia,2013-03-02,Other,2023-12-27,1,Full Price,0,0,No IEP,83,0.91
6666,17,Morgan,Smith,2020-11-13,Other,2023-08-02,1,Reduced,0,1,No IEP,57,0.78
6667,17,Finley,Smith,2013-05-17,Male,2022-08-09,1,Free,1,0,No IEP,47,0.53
6668,17,Isaiah,Lee,2011-05-15,Male,2023-10-06,1,Free,0,0,Current IEP,77,0.52
6669,17,Jordan,Davis,2006-02-06,Male,2023-04-28,0,Reduced,0,0,No IEP,48,0.78
6670,17,Casey,Rodriguez,2014-05-27,Male,2022-07-29,1,Free,0,0,No IEP,20,0.67
6671,17,Bailey,Walker,2009-03-04,Male,2024-04-08,1,Reduced,0,0,No IEP,62,0.92
6672,17,Noah,Young,2013-04-25,Other,2022-09-07,1,Full Price,0,0,No IEP,20,0.61
6673,17,Logan,Rodriguez,2017-10-26,Female,2024-02-14,1,Free,0,0,No IEP,56,0.58
6674,17,Harper,Martinez,2009-10-21,Other,2022-07-31,1,Reduced,0,0,No IEP,73,0.92
6675,17,Harper,Johnson,2011-01-26,Female,2022-07-16,1,Free,0,0,No IEP,47,0.8
6676,17,Parker,Hall,2014-06-11,Male,2022-08-26,1,Full Price,0,0,No IEP,29,0.91
6677,17,Finley,Miller,2018-02-08,Female,2023-05-22,1,Free,0,0,Current IEP,88,0.97
6678,17,Alex,Williams,2017-08-14,Male,2024-02-14,1,Full Price,0,0,No IEP,51,0.98
6679,17,Jordan,Williams,2009-06-09,Female,2024-03-30,1,Full Price,0,1,No IEP,96,0.94
6680,17,Oliver,Williams,2015-10-21,Other,2024-05-07,0,Free,0,0,No IEP,48,0.93
6681,17,Noah,Lee,2019-10-01,Other,2023-03-22,1,Reduced,0,0,No IEP,57,0.98
6682,17,Harper,Allen,2020-10-14,Other,2024-02-07,1,Reduced,0,0,No IEP,80,0.97
6683,17,Oliver,Jones,2012-01-20,Male,2023-05-13,1,Reduced,0,1,No IEP,88,0.91
6684,17,Isaiah,Hall,2010-09-09,Other,2023-08-03,1,Free,1,0,No IEP,46,0.9
6685,17,Jordan,Hall,2006-07-09,Male,2023-09-10,1,Reduced,0,0,No IEP,63,0.76
6686,17,Jordan,Allen,2015-06-11,Male,2023-01-12,1,Free,0,0,No IEP,72,0.85
6687,17,Bailey,Lee,2017-05-01,Male,2024-01-17,1,Free,0,0,Evaluation Pending,54,0.91
6688,17,Kendrick,Davis,2015-12-26,Male,2024-03-02,1,Reduced,1,1,No IEP,47,0.63
6689,17,Dakota,Williams,2014-01-25,Female,2022-11-17,1,Reduced,0,0,No IEP,55,0.79
6690,17,Bailey,Brown,2015-05-19,Other,2022-07-09,1,Full Price,0,1,No IEP,92,0.82
6691,17,Parker,Miller,2014-06-26,Male,2023-12-28,1,Full Price,0,0,No IEP,90,0.89
6692,17,Logan,Walker,2020-02-02,Female,2022-08-13,1,Reduced,1,0,Current IEP,61,0.77
6693,17,Parker,Young,2008-05-27,Male,2023-09-23,1,Free,0,0,No IEP,77,0.96
6694,17,Casey,Johnson,2019-11-09,Male,2024-05-17,1,Full Price,0,0,No IEP,107,0.93
6695,17,Jordan,Davis,2012-09-12,Female,2024-03-01,1,Reduced,0,0,No IEP,72,0.9
6696,17,Isaiah,White,2009-08-10,Male,2023-08-25,1,Full Price,1,0,No IEP,64,0.95
6697,17,Alex,Walker,2013-05-17,Male,2024-03-06,1,Full Price,0,0,Current IEP,71,0.92
6698,17,Logan,Walker,2014-11-08,Other,2022-12-03,1,Free,1,1,No IEP,35,0.61
6699,17,Oliver,Miller,2006-11-01,Female,2023-03-02,1,Free,0,0,No IEP,101,0.84
6700,17,Morgan,Rodriguez,2019-12-09,Other,2023-06-02,1,Free,1,0,No IEP,53,0.7
6701,17,Harper,Rodriguez,2013-05-03,Other,2023-05-26,1,Full Price,0,0,No IEP,99,0.97
6702,17,Eden,Miller,2009-11-23,Male,2022-07-07,1,Free,0,1,No IEP,77,0.74
6703,17,Alex,Rodriguez,2010-12-09,Female,2023-05-10,1,Reduced,0,0,No IEP,44,0.97
6704,17,Logan,White,2008-01-27,Male,2023-12-14,1,Free,0,0,No IEP,77,0.85
6705,17,Isaiah,Hall,2009-10-22,Other,2024-02-22,1,Free,0,0,Current IEP,87,0.96
6706,17,Harper,Miller,2015-04-10,Male,2023-08-17,1,Free,0,0,Current IEP,77,0.96
6707,17,Parker,Rodriguez,2016-11-13,Male,2024-02-04,1,Free,0,0,Current IEP,60,0.94
6708,17,Bailey,Walker,2015-01-28,Male,2022-07-10,1,Free,0,0,No IEP,76,0.8
6709,17,Harper,Smith,2011-04-09,Female,2022-11-17,1,Full Price,0,0,No IEP,72,0.9
6710,17,Isaiah,Brown,2010-12-01,Other,2022-12-28,1,Reduced,0,0,No IEP,85,0.96
6711,17,Oliver,Garcia,2020-08-25,Other,2024-02-10,1,Full Price,0,1,No IEP,50,0.95
6712,17,Morgan,Rodriguez,2006-07-05,Female,2024-02-05,0,Reduced,0,0,No IEP,63,0.93
6713,17,Casey,Martinez,2013-03-03,Other,2023-06-17,1,Reduced,0,0,No IEP,92,0.84
6714,17,Casey,White,2008-10-17,Male,2023-03-25,1,Free,0,0,No IEP,60,0.72
6715,17,Bailey,Davis,2011-07-16,Male,2023-09-15,1,Reduced,0,0,No IEP,87,0.64
6716,17,Parker,Young,2014-04-05,Male,2024-02-13,1,Reduced,0,0,No IEP,59,0.9
6717,17,Dakota,Brown,2006-06-07,Male,2022-11-18,1,Free,0,0,Evaluation Pending,89,0.96
6718,17,Noah,Rodriguez,2009-01-20,Male,2022-07-14,1,Full Price,0,0,No IEP,35,0.8
6719,17,Gabriel,Walker,2012-03-12,Female,2023-10-24,1,Full Price,0,0,No IEP,75,0.73
6720,17,Dakota,Smith,2017-02-27,Female,2023-05-26,0,Free,0,0,No IEP,31,0.51
6721,17,Finley,Walker,2012-02-05,Other,2023-05-24,1,Free,0,0,No IEP,70,0.94
6722,17,Gabriel,Williams,2020-04-01,Other,2024-01-14,1,Full Price,0,0,No IEP,82,0.78
6723,17,Harper,Rodriguez,2012-03-19,Other,2023-09-23,1,Free,0,0,No IEP,85,0.98
6724,17,Oliver,White,2008-09-09,Male,2023-07-11,1,Free,1,0,No IEP,86,0.97
6725,17,Parker,Garcia,2008-06-24,Other,2024-01-14,1,Reduced,0,0,No IEP,60,0.78
6726,17,Parker,Jones,2018-07-01,Female,2023-11-19,1,Free,0,0,No IEP,82,0.77
6727,17,Isaiah,Smith,2010-04-21,Female,2023-05-11,0,Free,0,0,No IEP,87,0.92
6728,17,Finley,Garcia,2015-08-14,Female,2023-08-28,1,Full Price,0,0,No IEP,67,0.7
6729,17,Kendrick,Smith,2007-12-06,Female,2023-06-23,1,Full Price,0,0,No IEP,55,0.94
6730,17,Alex,Martinez,2009-03-16,Male,2023-03-17,0,Reduced,1,0,No IEP,74,0.57
6731,17,Alex,Rodriguez,2017-11-22,Male,2022-10-15,1,Free,0,0,No IEP,79,0.9
6732,17,Bailey,Hall,2015-02-24,Female,2022-10-07,1,Free,0,0,No IEP,48,0.95
6733,17,Gabriel,Smith,2017-07-20,Female,2022-11-28,1,Reduced,0,0,No IEP,97,0.9
6734,17,Parker,Martinez,2016-05-05,Female,2023-05-30,1,Free,0,0,No IEP,79,0.98
6735,17,Gabriel,Brown,2013-07-27,Male,2023-01-18,1,Reduced,0,0,No IEP,35,0.7
6736,17,Finley,Young,2013-11-04,Other,2023-09-01,1,Full Price,0,0,No IEP,44,0.74
6737,17,Kendrick,Hall,2015-01-02,Other,2023-10-09,1,Free,1,0,No IEP,107,0.8
6738,17,Bailey,Allen,2011-03-11,Female,2024-02-14,1,Free,0,0,No IEP,73,0.89
6739,17,Parker,Allen,2013-01-01,Male,2023-02-04,1,Free,0,1,No IEP,45,0.82
6740,17,Logan,Allen,2006-09-09,Female,2022-07-02,1,Free,1,0,No IEP,89,0.98
6741,17,Bailey,Brown,2016-11-07,Other,2023-02-21,1,Full Price,1,0,No IEP,78,0.93
6742,17,Noah,White,2013-09-19,Female,2024-05-16,0,Reduced,0,0,No IEP,88,0.98
6743,17,Alex,Hall,2017-10-11,Male,2024-03-11,1,Reduced,1,0,No IEP,57,0.92
6744,17,Noah,Walker,2006-01-17,Male,2024-03-26,1,Free,0,0,No IEP,72,0.9
6745,17,Parker,Davis,2011-10-27,Female,2024-01-22,1,Reduced,1,0,No IEP,76,0.81
6746,17,Oliver,Lee,2017-04-23,Female,2023-04-24,1,Free,0,0,No IEP,93,0.67
6747,17,Parker,Walker,2018-03-26,Other,2023-09-17,1,Reduced,0,0,Current IEP,94,0.89
6748,17,Parker,Jones,2006-06-13,Female,2023-09-24,1,Free,0,0,No IEP,103,0.94
6749,17,Oliver,Allen,2013-03-14,Male,2024-03-21,1,Free,0,0,No IEP,86,0.98
6750,17,Parker,Allen,2012-02-04,Other,2023-04-26,1,Free,0,0,No IEP,63,0.63
6751,17,Harper,Davis,2014-09-04,Male,2023-12-20,0,Reduced,0,0,No IEP,99,0.85
6752,17,Bailey,Johnson,2014-12-01,Male,2023-03-24,1,Free,0,0,No IEP,67,0.97
6753,17,Logan,Johnson,2006-07-09,Male,2022-12-07,1,Free,0,0,No IEP,36,0.72
6754,17,Noah,White,2018-10-05,Female,2023-03-06,1,Full Price,1,0,No IEP,21,0.78
6755,17,Noah,Smith,2018-04-20,Female,2023-12-03,1,Free,0,0,No IEP,61,0.59
6756,17,Finley,Johnson,2017-12-19,Female,2023-03-17,1,Reduced,0,1,No IEP,96,0.97
6757,17,Eden,Garcia,2013-07-06,Female,2024-01-23,1,Reduced,0,0,No IEP,93,0.89
6758,17,Noah,Rodriguez,2020-11-04,Other,2023-07-18,1,Full Price,0,0,Current IEP,84,0.72
6759,17,Isaiah,Miller,2008-02-26,Male,2024-03-03,1,Free,0,0,No IEP,64,0.91
6760,17,Jordan,Martinez,2006-11-03,Female,2024-03-31,0,Reduced,0,0,No IEP,63,0.82
6761,17,Dakota,White,2016-11-27,Male,2024-03-14,0,Free,0,0,No IEP,73,0.92
6762,17,Kendrick,Johnson,2018-05-07,Other,2023-07-19,1,Free,0,0,No IEP,88,0.8
6763,17,Noah,Davis,2007-05-27,Female,2024-03-26,0,Full Price,0,0,No IEP,98,0.95
6764,17,Harper,Lee,2014-04-04,Other,2023-02-16,1,Reduced,0,0,No IEP,48,0.79
6765,17,Dakota,Lee,2006-09-09,Other,2023-02-23,1,Reduced,0,1,No IEP,102,0.71
6766,17,Kendrick,Davis,2009-12-24,Male,2023-03-21,1,Full Price,0,0,No IEP,78,0.95
6767,17,Kendrick,Martinez,2019-04-11,Male,2023-12-05,1,Reduced,1,0,No IEP,95,0.78
6768,17,Logan,Martinez,2016-09-01,Other,2022-12-31,1,Free,0,0,No IEP,69,0.95
6769,17,Bailey,Brown,2011-01-03,Male,2023-09-15,1,Free,0,0,No IEP,72,0.81
6770,17,Noah,Johnson,2011-04-05,Other,2023-02-01,1,Full Price,1,0,No IEP,61,0.88
6771,17,Logan,Lee,2009-03-21,Female,2024-03-04,1,Free,0,0,No IEP,60,0.71
6772,17,Noah,Lee,2007-11-06,Male,2022-08-18,1,Reduced,0,0,Evaluation Pending,88,0.95
6773,17,Parker,White,2014-01-26,Female,2022-09-06,0,Free,0,0,No IEP,61,0.96
6774,17,Parker,Smith,2017-02-22,Male,2024-03-26,1,Free,0,0,No IEP,45,0.77
6775,17,Isaiah,Williams,2013-05-08,Female,2022-07-16,1,Full Price,0,0,No IEP,49,0.56
6776,17,Finley,Brown,2010-04-04,Other,2023-02-10,1,Reduced,1,0,No IEP,71,0.71
6777,17,Harper,Davis,2017-05-06,Female,2023-03-15,1,Reduced,0,1,No IEP,56,0.95
6778,17,Finley,Garcia,2011-11-24,Male,2024-04-24,1,Free,0,1,No IEP,89,0.9
6779,17,Alex,Allen,2006-02-24,Female,2024-04-07,1,Reduced,0,1,No IEP,49,0.75
6780,17,Oliver,Lee,2007-03-10,Female,2022-08-12,1,Free,0,0,No IEP,62,0.93
6781,17,Dakota,Rodriguez,2010-11-23,Female,2023-03-07,1,Full Price,0,0,No IEP,51,0.74
6782,17,Casey,Smith,2008-09-23,Male,2023-01-23,1,Free,0,0,No IEP,76,0.94
6783,17,Finley,Smith,2011-08-22,Male,2023-12-02,1,Free,0,0,Evaluation Pending,48,0.9
6784,17,Alex,Young,2017-04-17,Female,2023-02-13,1,Full Price,0,0,No IEP,62,0.8
6785,17,Isaiah,Garcia,2017-09-27,Male,2023-10-13,1,Full Price,0,0,No IEP,51,0.76
6786,17,Oliver,Walker,2018-09-16,Other,2022-07-31,1,Full Price,0,1,No IEP,64,0.78
6787,17,Kendrick,Allen,2013-02-14,Other,2022-07-08,1,Full Price,0,0,No IEP,70,0.71
6788,17,Kendrick,Jones,2014-03-11,Other,2023-08-01,1,Reduced,0,0,Evaluation Pending,64,0.62
6789,17,Bailey,White,2009-10-16,Male,2023-03-14,1,Reduced,0,0,Current IEP,57,0.92
6790,18,Eden,Brown,2013-06-12,Other,2023-04-27,1,Reduced,0,0,No IEP,61,0.91
6791,18,Eden,Garcia,2010-04-27,Female,2023-08-19,1,Free,0,0,No IEP,75,0.88
6792,18,Alex,Young,2015-02-10,Other,2024-04-29,1,Free,0,1,No IEP,87,0.9
6793,18,Casey,Young,2008-02-14,Female,2023-01-04,1,Full Price,0,0,No IEP,54,0.88
6794,18,Dakota,Smith,2020-01-11,Female,2024-03-07,1,Reduced,0,0,Current IEP,68,0.9
6795,18,Logan,White,2016-09-03,Male,2023-05-05,1,Reduced,0,0,No IEP,57,0.92
6796,18,Noah,Smith,2012-07-06,Male,2023-02-11,1,Free,0,1,No IEP,1,0.8
6797,18,Oliver,Martinez,2013-09-13,Other,2022-10-14,1,Reduced,0,0,No IEP,108,0.95
6798,18,Dakota,Young,2017-02-07,Other,2024-03-31,1,Reduced,0,0,Current IEP,82,0.76
6799,18,Casey,Smith,2013-06-23,Female,2023-01-31,1,Reduced,0,0,No IEP,70,0.93
6800,18,Alex,Lee,2017-02-04,Male,2022-11-13,1,Reduced,0,0,No IEP,68,0.94
6801,18,Noah,Lee,2006-05-24,Male,2024-04-22,1,Full Price,0,0,No IEP,54,0.89
6802,18,Finley,Walker,2018-10-12,Male,2023-01-25,1,Full Price,0,0,Current IEP,76,0.96
6803,18,Noah,Jones,2009-07-10,Other,2024-02-20,1,Free,1,0,No IEP,16,0.88
6804,18,Dakota,Williams,2018-12-13,Female,2024-04-20,1,Reduced,0,1,No IEP,70,0.92
6805,18,Alex,Smith,2018-01-22,Other,2022-09-02,1,Full Price,0,0,No IEP,49,0.74
6806,18,Noah,White,2018-03-02,Other,2024-03-14,1,Reduced,0,0,No IEP,88,0.93
6807,18,Finley,Garcia,2006-07-23,Other,2024-01-25,1,Full Price,0,0,No IEP,85,0.93
6808,18,Noah,Hall,2019-07-26,Other,2022-10-15,1,Free,0,0,No IEP,99,0.88
6809,18,Bailey,Garcia,2018-11-08,Female,2023-03-11,1,Free,1,1,No IEP,56,0.8
6810,18,Morgan,White,2014-04-05,Male,2022-12-04,1,Full Price,0,0,No IEP,73,0.75
6811,18,Jordan,Brown,2009-07-07,Male,2022-07-06,0,Full Price,0,0,No IEP,74,0.95
6812,18,Isaiah,Walker,2013-09-11,Other,2022-10-23,1,Full Price,0,0,No IEP,65,0.78
6813,18,Gabriel,Jones,2017-01-17,Female,2024-04-14,1,Free,1,0,No IEP,62,0.72
6814,18,Harper,Johnson,2018-08-13,Female,2023-08-24,1,Full Price,1,0,No IEP,52,0.94
6815,18,Jordan,Garcia,2008-07-24,Female,2023-09-19,1,Reduced,0,0,No IEP,71,0.71
6816,18,Finley,Allen,2017-06-26,Male,2023-11-19,1,Full Price,0,0,No IEP,78,0.89
6817,18,Logan,Jones,2015-05-08,Female,2024-04-06,1,Reduced,0,0,No IEP,39,0.98
6818,18,Harper,Jones,2011-08-01,Female,2023-04-08,1,Free,0,0,No IEP,103,0.75
6819,18,Oliver,Garcia,2015-02-10,Female,2023-09-05,0,Reduced,0,0,No IEP,50,0.96
6820,18,Noah,White,2006-10-27,Female,2024-03-19,1,Free,0,0,No IEP,67,0.9
6821,18,Noah,White,2019-05-04,Other,2024-05-17,1,Reduced,1,0,No IEP,55,0.89
6822,18,Oliver,Jones,2006-06-09,Male,2023-03-03,1,Full Price,0,0,Current IEP,60,0.89
6823,18,Gabriel,Miller,2014-08-06,Other,2024-01-23,1,Reduced,0,0,No IEP,52,0.95
6824,18,Dakota,Smith,2010-01-10,Other,2024-03-29,1,Full Price,0,0,No IEP,98,0.94
6825,18,Harper,White,2020-01-03,Male,2024-01-21,1,Free,0,0,No IEP,42,0.79
6826,18,Isaiah,Walker,2014-08-25,Other,2022-07-21,1,Free,1,0,No IEP,64,0.77
6827,18,Oliver,Smith,2015-10-03,Male,2022-07-21,1,Free,0,0,No IEP,15,0.91
6828,18,Noah,Johnson,2007-03-24,Female,2022-08-03,1,Free,0,0,No IEP,90,0.93
6829,18,Dakota,Johnson,2015-12-26,Other,2022-12-24,1,Free,0,0,No IEP,74,0.96
6830,18,Casey,Williams,2016-11-22,Other,2023-05-09,1,Free,0,0,No IEP,70,0.75
6831,18,Alex,Johnson,2016-08-15,Male,2022-12-22,0,Reduced,0,0,No IEP,105,0.81
6832,18,Noah,Williams,2018-05-09,Male,2022-07-04,1,Full Price,0,0,No IEP,75,0.89
6833,18,Bailey,Miller,2017-05-04,Male,2022-08-22,1,Free,0,0,No IEP,76,0.9
6834,18,Parker,Martinez,2009-11-27,Other,2022-08-15,1,Reduced,0,0,No IEP,63,0.93
6835,18,Morgan,Davis,2007-05-19,Female,2023-04-05,1,Free,1,0,Current IEP,60,0.97
6836,18,Finley,Rodriguez,2010-09-13,Female,2022-09-19,1,Full Price,0,1,No IEP,94,0.84
6837,18,Jordan,Brown,2008-11-02,Other,2023-12-25,1,Reduced,0,0,No IEP,70,0.93
6838,18,Finley,Walker,2008-01-14,Female,2023-03-02,1,Free,0,0,No IEP,53,0.81
6839,18,Finley,Rodriguez,2013-01-07,Other,2022-10-24,1,Free,0,0,No IEP,41,0.89
6840,18,Kendrick,Young,2013-09-27,Female,2023-12-04,1,Reduced,0,0,No IEP,75,0.85
6841,18,Noah,Rodriguez,2009-11-21,Male,2024-01-02,1,Full Price,1,0,No IEP,95,0.88
6842,18,Logan,Brown,2013-09-22,Male,2024-02-10,1,Full Price,0,0,No IEP,66,0.94
6843,18,Harper,Rodriguez,2013-11-06,Female,2024-02-04,1,Free,0,0,No IEP,63,0.96
6844,18,Dakota,Jones,2008-07-24,Other,2022-10-22,1,Full Price,1,0,No IEP,5,0.73
6845,18,Jordan,Rodriguez,2007-10-28,Male,2024-01-04,1,Free,0,0,Current IEP,69,0.93
6846,18,Noah,Walker,2007-10-04,Female,2023-07-07,1,Free,0,0,No IEP,53,0.75
6847,18,Gabriel,Davis,2006-11-10,Female,2023-08-29,1,Reduced,0,1,No IEP,65,0.79
6848,18,Isaiah,Allen,2011-06-25,Male,2023-08-11,1,Free,0,1,No IEP,49,0.82
6849,18,Bailey,Martinez,2009-11-05,Male,2023-10-30,1,Reduced,1,0,Current IEP,82,0.97
6850,18,Harper,Davis,2009-05-23,Male,2022-07-30,1,Free,0,0,No IEP,33,0.57
6851,18,Isaiah,Miller,2009-02-02,Other,2022-08-27,1,Reduced,1,0,No IEP,92,0.94
6852,18,Kendrick,Young,2019-06-03,Female,2022-08-29,1,Reduced,1,1,No IEP,87,0.94
6853,18,Eden,Brown,2006-03-02,Male,2022-07-20,1,Free,0,0,No IEP,74,0.91
6854,18,Oliver,Martinez,2006-09-28,Male,2024-02-26,1,Reduced,0,0,No IEP,63,0.63
6855,18,Finley,Smith,2008-11-08,Male,2024-01-13,1,Full Price,0,0,No IEP,93,0.93
6856,18,Oliver,White,2011-03-19,Female,2024-02-07,1,Reduced,0,0,No IEP,10,0.84
6857,18,Oliver,Martinez,2016-01-13,Other,2023-05-13,0,Reduced,0,0,No IEP,14,0.7
6858,18,Dakota,Walker,2015-03-11,Female,2022-11-05,1,Full Price,0,0,No IEP,90,0.92
6859,18,Logan,Walker,2006-02-16,Male,2024-03-22,1,Reduced,0,0,No IEP,82,0.89
6860,18,Oliver,Young,2008-10-25,Female,2023-01-02,1,Free,0,0,No IEP,61,0.8
6861,18,Bailey,Martinez,2013-08-05,Male,2024-03-30,1,Reduced,0,0,No IEP,70,0.73
6862,18,Kendrick,Rodriguez,2019-05-16,Female,2023-02-02,1,Reduced,0,0,No IEP,79,0.92
6863,18,Noah,Walker,2013-10-27,Female,2023-11-17,1,Full Price,0,0,No IEP,86,0.98
6864,18,Harper,Garcia,2011-03-03,Male,2023-12-18,1,Free,1,0,No IEP,60,0.81
6865,18,Eden,Miller,2010-10-10,Male,2023-09-25,1,Full Price,1,0,No IEP,78,0.91
6866,18,Oliver,Miller,2013-12-15,Other,2023-12-01,1,Free,0,0,No IEP,78,0.72
6867,18,Logan,Rodriguez,2011-12-15,Female,2023-05-01,1,Free,0,0,Current IEP,85,0.92
6868,18,Bailey,Jones,2010-12-23,Other,2024-04-09,1,Free,1,0,No IEP,58,0.81
6869,18,Finley,Smith,2018-02-21,Male,2023-05-12,1,Free,0,0,No IEP,90,0.59
6870,18,Harper,White,2013-03-12,Female,2024-02-15,1,Reduced,0,0,No IEP,54,0.95
6871,18,Bailey,Brown,2009-03-27,Female,2023-03-23,1,Reduced,0,0,No IEP,77,0.9
6872,18,Kendrick,Brown,2012-09-10,Male,2022-06-24,1,Full Price,1,0,No IEP,51,0.89
6873,18,Alex,Williams,2007-07-06,Female,2024-03-07,1,Reduced,0,0,No IEP,98,0.92
6874,18,Noah,Allen,2018-01-24,Other,2022-10-02,1,Reduced,0,0,No IEP,61,0.94
6875,18,Noah,Brown,2007-02-02,Female,2023-05-07,1,Free,1,0,Evaluation Pending,96,0.83
6876,18,Eden,Garcia,2018-02-20,Female,2022-09-18,1,Full Price,1,1,No IEP,99,0.75
6877,18,Noah,Smith,2014-01-03,Male,2022-12-28,1,Reduced,1,0,No IEP,73,0.76
6878,18,Harper,Allen,2014-04-18,Male,2024-05-15,1,Reduced,0,0,No IEP,73,0.93
6879,18,Kendrick,Hall,2015-07-04,Other,2023-09-02,1,Free,0,0,No IEP,73,0.74
6880,18,Casey,Martinez,2007-11-15,Male,2023-07-04,1,Free,0,0,No IEP,63,0.91
6881,18,Eden,Martinez,2009-09-02,Male,2023-01-05,1,Free,0,0,No IEP,99,0.92
6882,18,Kendrick,White,2012-11-04,Male,2023-02-05,1,Reduced,0,0,No IEP,84,0.75
6883,18,Oliver,Hall,2010-02-08,Female,2023-11-28,1,Reduced,0,0,No IEP,99,0.89
6884,18,Logan,Smith,2009-10-23,Other,2023-07-16,1,Reduced,0,1,Current IEP,47,0.8
6885,18,Gabriel,Williams,2016-01-25,Other,2024-01-29,1,Free,0,0,No IEP,69,0.95
6886,18,Oliver,Hall,2006-08-24,Other,2023-01-02,1,Reduced,0,0,No IEP,55,0.73
6887,18,Harper,Hall,2020-12-28,Female,2023-06-27,1,Reduced,0,0,No IEP,73,0.83
6888,18,Finley,Martinez,2013-02-18,Female,2022-07-22,1,Reduced,1,0,No IEP,77,0.82
6889,18,Jordan,Walker,2012-10-04,Female,2024-04-12,1,Free,0,0,Evaluation Pending,80,0.97
6890,18,Kendrick,Hall,2008-09-16,Female,2023-09-30,1,Full Price,0,0,No IEP,93,0.93
6891,18,Morgan,Miller,2017-04-24,Other,2023-05-29,1,Reduced,0,0,Current IEP,24,0.63
6892,18,Isaiah,Smith,2006-02-03,Female,2023-01-05,1,Free,1,0,No IEP,76,0.91
6893,18,Dakota,Lee,2010-05-12,Female,2023-07-17,1,Full Price,0,0,Current IEP,77,0.89
6894,18,Finley,Lee,2020-03-09,Other,2023-06-10,1,Reduced,1,0,No IEP,81,0.89
6895,18,Alex,Walker,2011-08-13,Male,2023-03-08,1,Reduced,0,0,No IEP,77,0.81
6896,18,Jordan,Garcia,2013-05-26,Other,2022-09-07,1,Full Price,0,0,No IEP,69,0.97
6897,18,Oliver,Rodriguez,2011-01-07,Male,2022-11-30,1,Free,0,0,No IEP,20,0.79
6898,18,Isaiah,Miller,2015-05-11,Male,2023-11-05,1,Full Price,0,0,No IEP,96,0.89
6899,18,Harper,Martinez,2010-01-23,Other,2023-07-14,1,Reduced,0,0,No IEP,73,0.95
6900,18,Noah,Rodriguez,2019-03-11,Other,2023-07-15,1,Free,0,0,Current IEP,87,0.92
6901,18,Harper,Davis,2015-11-14,Female,2023-08-11,1,Free,0,0,No IEP,105,0.88
6902,18,Noah,Hall,2019-05-25,Other,2023-08-29,1,Full Price,0,0,No IEP,43,0.57
6903,18,Bailey,Williams,2007-07-01,Female,2023-09-02,1,Free,0,0,No IEP,25,0.61
6904,18,Kendrick,Miller,2006-09-03,Female,2023-02-12,1,Free,0,0,No IEP,75,0.97
6905,18,Jordan,Young,2015-11-17,Other,2023-12-26,1,Reduced,0,0,No IEP,25,0.75
6906,18,Isaiah,Davis,2019-07-21,Male,2022-09-02,1,Free,1,0,No IEP,67,0.91
6907,18,Dakota,Smith,2016-08-07,Female,2023-10-17,1,Free,0,0,No IEP,97,0.9
6908,18,Noah,White,2009-01-10,Male,2022-08-01,1,Free,0,0,No IEP,73,0.93
6909,18,Bailey,Martinez,2010-03-13,Other,2023-12-23,1,Free,0,0,Current IEP,38,0.89
6910,18,Harper,Garcia,2006-05-09,Female,2022-10-27,1,Reduced,1,0,No IEP,69,0.71
6911,18,Morgan,Hall,2019-03-04,Female,2023-06-29,1,Free,0,0,Current IEP,66,0.89
6912,18,Noah,Miller,2018-10-15,Other,2023-12-26,1,Reduced,0,0,No IEP,59,0.9
6913,18,Bailey,Jones,2009-04-22,Male,2023-02-13,1,Full Price,0,0,No IEP,65,0.96
6914,18,Harper,Walker,2020-07-04,Male,2024-03-12,1,Full Price,0,0,No IEP,48,0.75
6915,18,Jordan,Williams,2018-09-04,Male,2023-05-04,1,Full Price,1,0,No IEP,14,0.68
6916,18,Harper,Johnson,2010-01-21,Other,2023-01-27,1,Free,0,0,Current IEP,52,0.83
6917,18,Jordan,Brown,2014-04-13,Other,2023-08-05,1,Free,0,0,No IEP,47,0.78
6918,18,Parker,Garcia,2019-12-24,Female,2022-07-29,1,Full Price,1,0,No IEP,73,0.81
6919,18,Dakota,Walker,2012-12-25,Other,2023-01-27,1,Reduced,0,1,No IEP,97,0.88
6920,18,Isaiah,Walker,2017-12-20,Female,2023-08-01,1,Reduced,1,0,No IEP,106,0.95
6921,18,Gabriel,Johnson,2020-12-17,Male,2024-02-09,1,Reduced,0,0,No IEP,96,0.94
6922,18,Bailey,Davis,2015-09-13,Other,2022-08-14,1,Full Price,0,0,No IEP,56,0.9
6923,18,Parker,Smith,2018-03-08,Female,2024-01-05,1,Reduced,1,0,No IEP,76,0.91
6924,18,Casey,Walker,2019-11-15,Male,2022-08-21,1,Full Price,0,1,No IEP,31,0.78
6925,18,Oliver,Williams,2018-09-19,Other,2022-07-21,1,Reduced,0,1,No IEP,46,0.78
6926,18,Kendrick,White,2011-12-27,Female,2023-06-29,1,Free,0,0,No IEP,76,0.93
6927,18,Morgan,Lee,2015-11-03,Other,2024-03-01,1,Free,0,0,No IEP,58,0.83
6928,18,Oliver,White,2013-04-05,Other,2024-01-19,1,Reduced,0,0,No IEP,23,0.74
6929,18,Isaiah,Garcia,2015-10-09,Male,2022-10-26,1,Free,0,0,No IEP,76,0.74
6930,18,Logan,Allen,2019-10-16,Male,2023-05-27,1,Full Price,1,0,No IEP,45,0.83
6931,18,Bailey,Davis,2008-11-28,Female,2023-08-26,1,Full Price,0,0,No IEP,95,0.97
6932,18,Harper,White,2016-09-19,Other,2023-06-16,1,Free,0,0,No IEP,87,0.94
6933,18,Gabriel,Garcia,2017-08-13,Male,2023-06-19,1,Reduced,0,1,No IEP,58,0.81
6934,18,Casey,Johnson,2018-11-20,Female,2022-09-20,1,Reduced,0,0,No IEP,63,0.61
6935,18,Alex,Smith,2014-03-17,Female,2022-10-27,1,Free,0,1,No IEP,75,0.94
6936,18,Noah,Davis,2007-05-20,Other,2023-11-14,0,Reduced,0,0,No IEP,97,0.9
6937,18,Parker,Hall,2009-11-11,Other,2023-05-30,1,Free,0,0,Evaluation Pending,77,0.63
6938,18,Finley,Jones,2007-02-03,Male,2022-09-11,1,Full Price,0,1,No IEP,98,0.92
6939,18,Harper,Martinez,2012-11-26,Female,2022-12-30,1,Free,0,0,No IEP,59,0.89
6940,18,Kendrick,Garcia,2019-12-02,Male,2023-03-18,1,Full Price,1,0,No IEP,44,0.5
6941,18,Dakota,Brown,2007-08-15,Other,2023-05-09,1,Free,0,0,No IEP,75,0.94
6942,18,Kendrick,Brown,2015-06-16,Other,2023-02-23,1,Free,0,0,Current IEP,64,0.92
6943,18,Finley,Allen,2011-02-10,Other,2023-03-15,1,Full Price,0,0,No IEP,65,0.92
6944,18,Eden,Brown,2017-03-12,Other,2024-02-11,1,Reduced,1,0,No IEP,62,0.77
6945,18,Kendrick,Brown,2006-10-27,Other,2023-05-30,0,Full Price,0,0,No IEP,81,0.98
6946,18,Gabriel,Garcia,2017-04-03,Male,2024-01-20,1,Free,0,0,No IEP,35,0.59
6947,18,Morgan,Davis,2014-10-15,Female,2023-02-19,1,Full Price,0,1,No IEP,72,0.96
6948,18,Harper,Brown,2009-03-08,Male,2023-07-10,1,Free,0,0,No IEP,58,0.96
6949,18,Bailey,Davis,2013-12-07,Other,2023-01-16,1,Free,1,0,No IEP,45,0.67
6950,18,Casey,Garcia,2010-02-03,Female,2024-02-18,1,Reduced,0,0,No IEP,109,0.97
6951,18,Oliver,Davis,2010-03-14,Male,2022-07-26,1,Reduced,0,0,No IEP,48,0.68
6952,18,Harper,Miller,2010-06-14,Male,2022-12-09,1,Full Price,0,0,No IEP,72,0.76
6953,18,Finley,Young,2014-02-06,Other,2024-02-19,1,Full Price,1,0,No IEP,44,0.57
6954,18,Noah,Davis,2011-12-12,Other,2022-07-05,1,Full Price,1,0,No IEP,51,0.96
6955,18,Dakota,Garcia,2011-11-02,Male,2023-07-09,1,Reduced,0,0,No IEP,18,0.67
6956,18,Harper,Rodriguez,2009-06-20,Female,2022-11-03,1,Full Price,0,0,No IEP,87,0.98
6957,18,Isaiah,Garcia,2010-08-25,Other,2022-07-21,1,Reduced,0,0,No IEP,84,0.9
6958,18,Oliver,Jones,2019-02-24,Other,2024-02-20,1,Free,1,0,Current IEP,93,0.94
6959,18,Bailey,Martinez,2019-07-21,Female,2022-12-20,1,Reduced,0,1,No IEP,86,0.95
6960,18,Isaiah,Martinez,2012-01-01,Other,2022-07-22,1,Reduced,0,0,No IEP,82,0.72
6961,18,Alex,Davis,2015-08-17,Other,2022-07-31,1,Reduced,0,0,Current IEP,85,0.73
6962,18,Bailey,Smith,2011-11-01,Other,2023-04-04,1,Free,0,0,No IEP,43,0.83
6963,18,Dakota,Smith,2013-01-06,Other,2023-07-21,1,Free,0,0,No IEP,67,0.92
6964,18,Dakota,Jones,2020-07-23,Male,2022-08-01,1,Reduced,0,0,Current IEP,83,0.95
6965,18,Harper,Allen,2019-03-09,Female,2023-11-18,1,Reduced,0,0,No IEP,97,0.97
6966,18,Jordan,White,2014-04-18,Female,2024-02-27,1,Full Price,0,0,No IEP,74,0.77
6967,18,Jordan,Martinez,2011-05-27,Female,2022-11-09,1,Full Price,0,0,No IEP,52,0.85
6968,18,Alex,Davis,2010-03-15,Female,2022-10-29,1,Full Price,0,1,No IEP,88,0.97
6969,18,Jordan,Lee,2006-06-03,Male,2023-12-02,1,Free,0,1,Current IEP,24,0.95
6970,18,Morgan,Young,2016-07-17,Female,2023-11-12,1,Free,0,0,No IEP,90,0.93
6971,18,Gabriel,Brown,2010-04-23,Male,2023-03-07,1,Free,0,0,No IEP,106,0.73
6972,18,Alex,Lee,2008-02-25,Male,2022-07-22,1,Free,0,0,Current IEP,43,0.57
6973,18,Gabriel,Smith,2011-04-24,Female,2023-09-12,1,Free,0,0,No IEP,77,0.98
6974,18,Alex,Martinez,2009-04-11,Male,2023-10-04,1,Reduced,0,0,No IEP,87,0.95
6975,18,Harper,Garcia,2013-03-08,Other,2023-02-12,1,Free,0,0,Current IEP,78,0.81
6976,18,Dakota,Williams,2011-03-05,Female,2023-09-16,1,Reduced,0,0,No IEP,87,0.91
6977,18,Eden,White,2017-05-26,Male,2023-02-22,1,Free,0,1,No IEP,98,0.93
6978,18,Finley,White,2019-12-17,Other,2023-11-28,1,Full Price,1,0,No IEP,65,0.57
6979,18,Alex,Williams,2011-08-15,Other,2022-11-16,1,Reduced,0,1,No IEP,62,0.75
6980,18,Kendrick,Garcia,2020-08-18,Other,2023-08-13,1,Free,1,0,Current IEP,51,0.81
6981,18,Casey,White,2010-07-06,Other,2023-07-28,1,Reduced,0,0,Current IEP,88,0.98
6982,18,Bailey,Jones,2010-04-26,Female,2023-09-06,1,Reduced,0,0,No IEP,88,0.9
6983,18,Jordan,Rodriguez,2014-05-16,Male,2022-12-20,1,Reduced,0,0,No IEP,67,0.9
6984,18,Jordan,Smith,2017-01-25,Other,2024-05-04,1,Free,0,0,No IEP,101,0.73
6985,18,Dakota,Williams,2013-12-09,Male,2024-04-25,1,Free,0,0,No IEP,73,0.75
6986,18,Casey,Brown,2013-07-23,Other,2022-07-11,1,Full Price,0,0,No IEP,72,0.95
6987,18,Noah,White,2006-04-18,Other,2023-10-26,1,Reduced,0,0,No IEP,74,0.91
6988,18,Jordan,Jones,2012-09-07,Male,2023-08-30,1,Free,0,0,No IEP,97,0.92
6989,18,Alex,Garcia,2006-02-02,Female,2022-12-26,1,Reduced,0,0,Current IEP,56,0.92
6990,18,Bailey,Garcia,2014-08-22,Female,2023-04-16,1,Reduced,0,0,No IEP,59,0.97
6991,18,Casey,Miller,2016-04-20,Male,2023-10-09,1,Free,1,0,No IEP,60,0.98
6992,18,Oliver,Williams,2006-03-01,Male,2023-01-27,1,Free,0,0,No IEP,65,0.57
6993,18,Harper,Hall,2019-05-03,Female,2023-12-06,1,Free,0,0,No IEP,42,0.85
6994,18,Oliver,Johnson,2007-04-06,Other,2024-05-09,1,Free,0,0,No IEP,83,0.95
6995,18,Bailey,Allen,2008-12-14,Other,2024-01-21,1,Reduced,0,0,No IEP,71,0.59
6996,18,Casey,Johnson,2018-11-26,Female,2024-03-06,1,Reduced,0,0,No IEP,95,0.92
6997,18,Finley,Smith,2007-04-24,Other,2023-07-13,1,Free,0,1,No IEP,78,0.88
6998,18,Harper,Garcia,2015-05-20,Male,2023-01-24,1,Free,0,0,Current IEP,62,0.74
6999,18,Isaiah,Rodriguez,2007-05-21,Male,2024-01-28,1,Reduced,0,0,No IEP,79,0.9
7000,18,Casey,Garcia,2006-04-04,Female,2022-09-10,1,Free,0,0,No IEP,88,0.81
7001,18,Isaiah,Walker,2012-07-24,Male,2023-10-12,1,Reduced,0,0,No IEP,77,0.92
7002,18,Kendrick,Williams,2008-06-03,Female,2023-03-19,1,Free,0,1,No IEP,61,0.92
7003,18,Morgan,Walker,2019-10-03,Male,2024-02-07,1,Reduced,0,0,No IEP,70,0.94
7004,18,Isaiah,Smith,2017-11-13,Male,2024-01-06,1,Free,0,0,No IEP,83,0.97
7005,18,Parker,Jones,2012-01-09,Male,2023-03-19,1,Reduced,0,0,No IEP,86,0.94
7006,18,Harper,Lee,2014-09-23,Other,2024-01-29,1,Free,1,0,No IEP,63,0.89
7007,18,Alex,Young,2012-02-21,Male,2024-03-20,1,Free,0,0,No IEP,58,0.92
7008,18,Harper,Williams,2008-07-13,Male,2023-06-14,1,Free,0,1,No IEP,30,0.97
7009,18,Noah,Williams,2013-02-04,Other,2022-11-16,1,Free,0,0,No IEP,75,0.71
7010,18,Kendrick,Williams,2020-10-06,Female,2022-11-13,1,Free,0,0,No IEP,0,0.96
7011,18,Jordan,White,2006-05-03,Other,2023-08-26,1,Free,0,0,No IEP,65,0.91
7012,18,Noah,Brown,2010-09-05,Male,2023-08-02,1,Reduced,0,0,No IEP,61,0.79
7013,18,Casey,Smith,2008-03-27,Other,2022-11-07,1,Free,0,1,No IEP,66,0.93
7014,18,Bailey,Williams,2013-04-01,Female,2024-03-25,0,Free,0,0,No IEP,42,0.83
7015,18,Morgan,Davis,2012-02-12,Male,2023-11-04,1,Free,0,0,No IEP,67,0.89
7016,18,Gabriel,Davis,2020-12-28,Other,2022-11-19,1,Reduced,0,0,No IEP,69,0.84
7017,18,Morgan,Jones,2016-10-20,Female,2022-09-01,1,Free,0,0,No IEP,108,0.82
7018,18,Isaiah,Walker,2017-02-27,Male,2023-08-23,1,Free,0,1,Current IEP,59,0.93
7019,18,Harper,Young,2016-12-25,Female,2022-10-06,1,Free,0,0,No IEP,50,0.79
7020,18,Eden,Brown,2007-03-03,Female,2023-11-12,1,Free,0,0,No IEP,42,0.7
7021,18,Alex,Hall,2018-09-22,Male,2022-12-24,1,Free,0,0,No IEP,46,0.77
7022,18,Jordan,White,2009-01-22,Other,2024-03-11,1,Reduced,0,1,No IEP,86,0.97
7023,18,Casey,Jones,2011-03-20,Male,2022-08-20,1,Free,0,0,No IEP,75,0.68
7024,18,Kendrick,Young,2010-12-18,Female,2023-10-05,1,Full Price,1,0,No IEP,32,0.9
7025,18,Parker,Allen,2010-07-28,Other,2022-10-01,1,Free,0,0,No IEP,63,0.77
7026,18,Parker,Davis,2019-03-04,Other,2022-08-14,1,Reduced,0,1,Current IEP,75,0.97
7027,18,Isaiah,Miller,2012-12-22,Female,2024-05-22,1,Reduced,0,0,No IEP,46,0.75
7028,18,Casey,Allen,2008-10-16,Other,2024-04-30,1,Free,0,0,No IEP,76,0.94
7029,18,Kendrick,Davis,2013-11-10,Male,2022-08-20,1,Full Price,0,0,No IEP,87,0.93
7030,18,Isaiah,White,2014-10-04,Female,2023-01-29,1,Free,0,0,No IEP,89,0.75
7031,18,Jordan,Smith,2014-02-24,Other,2023-11-25,1,Free,1,0,Current IEP,80,0.81
7032,18,Morgan,Martinez,2009-09-04,Female,2023-09-24,1,Free,0,0,No IEP,73,0.75
7033,18,Dakota,Martinez,2018-03-12,Female,2022-09-24,1,Full Price,0,0,No IEP,89,0.91
7034,18,Morgan,Davis,2013-09-23,Female,2023-05-24,1,Free,0,0,No IEP,12,0.91
7035,18,Casey,Davis,2014-04-19,Other,2023-05-31,1,Full Price,0,0,No IEP,65,0.72
7036,18,Bailey,Lee,2018-04-23,Male,2023-12-23,1,Free,0,0,Current IEP,94,0.62
7037,18,Logan,Williams,2017-12-22,Female,2022-07-16,1,Full Price,0,0,No IEP,55,0.81
7038,18,Noah,Johnson,2013-03-14,Other,2023-08-14,1,Reduced,0,1,No IEP,85,0.76
7039,18,Finley,Johnson,2012-06-12,Male,2022-09-14,1,Free,0,0,No IEP,66,0.93
7040,18,Kendrick,Johnson,2015-09-05,Female,2023-08-20,1,Full Price,0,0,No IEP,98,0.97
7041,18,Parker,Allen,2019-07-01,Other,2023-01-03,1,Reduced,1,0,No IEP,41,0.66
7042,18,Finley,Davis,2015-04-06,Other,2023-07-19,1,Free,0,0,No IEP,62,0.75
7043,18,Logan,Jones,2018-08-01,Female,2023-06-11,0,Full Price,0,0,No IEP,61,0.95
7044,18,Casey,Hall,2012-12-14,Female,2023-06-27,1,Full Price,0,1,No IEP,103,0.91
7045,18,Oliver,White,2014-07-06,Other,2024-05-12,1,Full Price,0,0,No IEP,80,0.9
7046,18,Jordan,White,2012-06-03,Male,2022-09-16,1,Full Price,0,0,No IEP,82,0.9
7047,18,Casey,Miller,2011-08-02,Male,2022-11-03,1,Free,0,0,No IEP,50,0.88
7048,18,Morgan,Jones,2016-02-02,Male,2023-01-17,1,Full Price,0,0,No IEP,106,0.9
7049,18,Logan,Rodriguez,2020-01-13,Other,2023-07-16,1,Reduced,0,0,No IEP,78,0.94
7050,18,Morgan,Lee,2012-06-10,Female,2023-12-30,1,Reduced,0,1,Evaluation Pending,81,0.96
7051,18,Parker,Jones,2006-04-16,Other,2022-11-20,1,Free,0,0,No IEP,106,0.74
7052,18,Kendrick,Martinez,2013-11-09,Other,2023-10-30,1,Free,1,0,No IEP,63,0.94
7053,18,Alex,Garcia,2006-06-18,Male,2023-08-08,1,Full Price,0,0,No IEP,50,0.95
7054,18,Finley,Allen,2014-02-02,Male,2024-03-03,1,Full Price,0,0,No IEP,85,0.92
7055,18,Harper,Brown,2007-09-09,Male,2024-05-21,1,Reduced,0,0,No IEP,51,0.54
7056,18,Parker,Johnson,2007-09-08,Other,2022-06-29,1,Free,0,0,No IEP,34,0.88
7057,18,Parker,Rodriguez,2010-11-27,Male,2023-04-09,1,Full Price,0,0,No IEP,78,0.93
7058,18,Dakota,Smith,2006-07-27,Male,2024-03-22,1,Full Price,0,0,No IEP,97,0.89
7059,18,Logan,Lee,2010-04-27,Female,2024-04-18,1,Free,0,0,No IEP,56,0.85
7060,18,Parker,Hall,2017-04-03,Other,2024-05-16,1,Free,0,0,No IEP,12,0.77
7061,18,Oliver,Johnson,2012-03-19,Other,2024-02-01,1,Full Price,0,0,No IEP,83,0.88
7062,18,Finley,Williams,2012-09-11,Male,2023-01-18,1,Free,0,0,No IEP,74,0.79
7063,18,Dakota,Smith,2010-03-03,Male,2023-05-27,1,Free,0,0,Current IEP,45,0.83
7064,18,Parker,Martinez,2020-02-24,Female,2023-04-21,1,Free,0,1,No IEP,85,0.89
7065,18,Morgan,Rodriguez,2011-08-14,Male,2023-02-12,1,Free,0,0,No IEP,57,0.9
7066,18,Oliver,Hall,2019-09-04,Male,2023-09-12,1,Free,0,0,No IEP,40,0.73
7067,18,Isaiah,Smith,2020-12-21,Other,2023-07-16,1,Reduced,0,0,No IEP,58,0.94
7068,18,Morgan,Lee,2007-09-20,Female,2023-12-29,1,Reduced,0,0,No IEP,61,0.98
7069,18,Morgan,Rodriguez,2019-03-08,Other,2023-11-13,1,Free,1,1,No IEP,92,0.78
7070,18,Dakota,Rodriguez,2016-07-07,Female,2024-02-21,1,Full Price,0,0,No IEP,80,0.94
7071,18,Morgan,Hall,2006-04-05,Other,2023-11-17,1,Reduced,0,0,No IEP,105,0.68
7072,18,Eden,Walker,2013-10-03,Other,2022-12-11,1,Reduced,1,0,No IEP,33,0.64
7073,18,Bailey,Martinez,2014-07-08,Female,2022-11-03,1,Free,0,0,Current IEP,87,0.89
7074,18,Dakota,Hall,2009-04-25,Female,2022-12-21,1,Reduced,1,1,No IEP,88,0.88
7075,18,Bailey,Davis,2018-10-16,Male,2022-11-27,1,Reduced,0,0,No IEP,90,0.95
7076,18,Dakota,Davis,2007-04-22,Male,2022-08-07,1,Free,0,0,No IEP,84,0.98
7077,18,Parker,White,2016-05-17,Female,2024-03-15,1,Free,1,0,No IEP,53,0.97
7078,18,Casey,Martinez,2019-02-01,Male,2024-01-23,1,Full Price,0,0,No IEP,50,0.93
7079,18,Noah,Martinez,2020-10-10,Other,2023-09-06,1,Free,0,0,No IEP,46,0.78
7080,18,Oliver,Williams,2011-07-08,Female,2023-01-26,0,Reduced,0,0,No IEP,39,0.62
7081,18,Logan,Garcia,2017-03-28,Female,2023-06-01,1,Free,1,0,No IEP,62,0.81
7082,18,Parker,Jones,2010-12-11,Female,2022-10-26,1,Reduced,0,0,No IEP,79,0.93
7083,18,Casey,Rodriguez,2009-10-19,Female,2022-06-25,1,Full Price,0,1,Current IEP,85,0.97
7084,18,Casey,Lee,2007-03-16,Male,2022-12-05,1,Free,0,0,No IEP,61,0.92
7085,18,Bailey,Smith,2019-10-12,Other,2023-11-03,1,Free,0,0,No IEP,101,0.92
7086,18,Bailey,Johnson,2016-12-03,Female,2023-11-12,1,Free,0,0,No IEP,64,0.83
7087,18,Oliver,Brown,2018-04-14,Other,2023-03-09,1,Reduced,0,0,No IEP,105,0.92
7088,18,Dakota,Williams,2009-09-02,Other,2022-12-26,1,Free,0,0,No IEP,21,0.57
7089,18,Harper,Brown,2015-03-27,Male,2024-02-03,0,Free,0,0,No IEP,72,0.8
7090,18,Isaiah,Miller,2009-04-04,Male,2023-12-07,1,Reduced,0,0,No IEP,86,0.9
7091,18,Dakota,Lee,2014-02-18,Other,2023-10-01,1,Free,0,0,Current IEP,71,0.83
7092,18,Gabriel,Allen,2018-01-15,Male,2022-12-10,1,Full Price,0,0,No IEP,76,0.79
7093,18,Isaiah,Young,2019-03-26,Female,2023-04-01,1,Free,0,0,No IEP,99,0.91
7094,18,Dakota,Hall,2018-07-25,Other,2023-06-01,1,Free,0,0,No IEP,77,0.7
7095,18,Eden,Smith,2010-01-08,Female,2023-10-22,1,Reduced,0,0,No IEP,83,0.77
7096,18,Noah,Martinez,2009-12-12,Male,2022-11-27,1,Free,0,0,No IEP,84,0.53
7097,18,Eden,Smith,2012-05-24,Female,2023-06-02,1,Free,0,0,No IEP,34,0.75
7098,18,Logan,Martinez,2006-02-04,Other,2022-12-23,1,Full Price,0,1,No IEP,78,0.92
7099,18,Finley,Walker,2006-06-24,Other,2024-01-29,1,Full Price,0,0,Current IEP,99,0.92
7100,18,Alex,Williams,2012-10-03,Male,2023-04-19,1,Free,1,0,No IEP,55,0.55
7101,18,Finley,Garcia,2013-03-03,Female,2023-01-03,1,Reduced,0,0,Current IEP,70,0.93
7102,18,Kendrick,Williams,2015-12-27,Other,2022-08-28,1,Free,0,0,No IEP,48,0.94
7103,18,Morgan,Young,2017-10-11,Female,2023-09-11,1,Free,0,0,No IEP,82,0.92
7104,18,Kendrick,Smith,2011-06-10,Female,2022-09-16,1,Full Price,0,1,No IEP,65,0.71
7105,18,Morgan,Smith,2010-05-17,Other,2022-07-20,1,Free,0,0,No IEP,47,0.81
7106,18,Harper,Martinez,2008-07-01,Male,2023-12-10,1,Reduced,0,0,Evaluation Pending,59,0.75
7107,18,Dakota,Rodriguez,2020-07-14,Other,2023-09-12,1,Reduced,0,0,No IEP,52,0.63
7108,18,Harper,Smith,2017-02-15,Male,2024-01-21,1,Reduced,0,0,No IEP,13,0.81
7109,18,Dakota,Brown,2007-08-13,Female,2023-05-05,1,Reduced,0,1,No IEP,87,0.85
7110,18,Casey,Allen,2009-06-19,Female,2022-07-20,1,Free,0,0,No IEP,33,0.79
7111,18,Eden,Hall,2013-09-21,Female,2024-03-25,1,Reduced,0,0,No IEP,75,0.94
7112,18,Harper,Jones,2011-01-24,Female,2023-11-07,1,Full Price,1,0,No IEP,55,0.96
7113,18,Morgan,Lee,2009-05-09,Female,2023-11-10,1,Free,0,0,Current IEP,68,0.72
7114,18,Kendrick,Allen,2018-09-28,Female,2023-03-27,1,Reduced,0,1,No IEP,74,0.82
7115,18,Eden,Johnson,2009-07-21,Male,2023-05-17,1,Reduced,0,0,No IEP,62,0.84
7116,18,Bailey,Garcia,2018-09-24,Female,2022-08-28,1,Free,0,0,No IEP,91,0.91
7117,18,Morgan,Rodriguez,2008-12-26,Male,2023-12-22,1,Reduced,0,0,Current IEP,87,0.95
7118,18,Alex,Young,2017-06-15,Other,2022-09-03,1,Reduced,0,0,No IEP,61,0.96
7119,18,Parker,Rodriguez,2014-02-04,Other,2023-10-12,1,Free,0,1,No IEP,75,0.94
7120,18,Finley,White,2018-06-23,Female,2024-01-21,1,Free,0,0,No IEP,19,0.67
7121,18,Alex,Allen,2018-11-24,Male,2023-10-24,1,Full Price,0,0,No IEP,56,0.91
7122,18,Casey,Miller,2008-12-21,Female,2023-10-24,1,Full Price,0,0,No IEP,20,0.63
7123,18,Oliver,Brown,2009-02-14,Other,2022-07-26,1,Reduced,1,0,No IEP,89,0.94
7124,18,Finley,Young,2006-02-22,Female,2023-10-19,1,Full Price,0,1,No IEP,92,0.93
7125,18,Parker,Johnson,2009-11-26,Other,2022-11-10,1,Free,0,0,No IEP,17,0.77
7126,18,Oliver,Young,2011-04-09,Female,2022-10-03,1,Free,0,0,No IEP,81,0.81
7127,18,Eden,Rodriguez,2007-09-15,Male,2023-05-23,1,Reduced,0,0,No IEP,37,0.55
7128,18,Oliver,Miller,2009-07-18,Male,2022-11-08,1,Reduced,0,1,No IEP,82,0.89
7129,18,Bailey,Jones,2020-10-28,Male,2023-10-20,1,Reduced,0,0,No IEP,70,0.95
7130,18,Finley,Lee,2020-07-05,Other,2023-09-17,1,Free,0,0,No IEP,96,0.95
7131,18,Logan,Williams,2014-07-09,Other,2024-03-14,1,Full Price,0,0,No IEP,69,0.72
7132,18,Parker,Walker,2010-06-28,Male,2023-07-14,1,Reduced,0,0,No IEP,16,0.7
7133,18,Isaiah,Walker,2018-12-28,Other,2023-06-19,0,Reduced,0,0,No IEP,63,0.97
7134,18,Kendrick,Brown,2007-08-05,Other,2023-06-27,1,Reduced,1,1,Current IEP,27,0.51
7135,18,Gabriel,Johnson,2020-07-24,Female,2023-04-17,1,Free,0,0,No IEP,90,0.84
7136,18,Harper,Lee,2010-04-28,Female,2023-03-26,1,Free,1,0,No IEP,49,0.78
7137,18,Bailey,Lee,2012-02-08,Other,2023-06-25,1,Full Price,0,0,No IEP,89,0.85
7138,18,Isaiah,Young,2016-05-01,Other,2022-12-19,1,Full Price,1,0,No IEP,97,0.91
7139,18,Kendrick,Garcia,2013-09-07,Male,2023-11-16,1,Reduced,0,0,No IEP,106,0.9
7140,18,Oliver,Rodriguez,2009-05-19,Male,2022-10-27,1,Full Price,0,1,Current IEP,93,0.83
7141,18,Noah,Young,2020-09-21,Male,2023-02-24,1,Free,1,0,No IEP,82,0.93
7142,18,Isaiah,Young,2015-11-11,Female,2023-07-21,1,Full Price,0,0,No IEP,27,0.89
7143,18,Finley,Young,2012-04-03,Male,2023-04-11,1,Free,0,0,No IEP,85,0.94
7144,18,Alex,Young,2013-12-10,Female,2023-08-29,1,Full Price,1,0,No IEP,70,0.7
7145,18,Finley,Johnson,2016-01-20,Other,2023-09-03,1,Free,0,0,No IEP,78,0.84
7146,18,Noah,Rodriguez,2011-10-05,Other,2022-07-11,1,Free,0,0,No IEP,78,0.88
7147,18,Kendrick,Martinez,2020-12-28,Female,2023-01-19,1,Reduced,0,0,No IEP,59,0.9
7148,18,Dakota,Miller,2010-01-20,Female,2023-11-15,1,Free,1,0,Evaluation Pending,51,0.72
7149,18,Noah,Garcia,2013-08-21,Female,2023-02-05,1,Free,0,1,No IEP,93,0.92
7150,18,Gabriel,Rodriguez,2017-11-24,Male,2022-11-02,1,Full Price,0,0,No IEP,77,0.76
7151,18,Isaiah,Allen,2014-04-28,Female,2024-02-27,1,Full Price,0,0,No IEP,61,0.92
7152,18,Jordan,Young,2006-06-14,Other,2023-03-03,1,Reduced,1,1,No IEP,54,0.69
7153,18,Finley,Martinez,2008-11-20,Female,2024-01-01,1,Free,0,0,No IEP,63,0.84
7154,18,Jordan,Hall,2013-04-09,Male,2023-08-26,1,Reduced,0,1,No IEP,57,0.89
7155,18,Jordan,Allen,2012-09-09,Male,2022-10-17,1,Full Price,0,0,No IEP,43,0.92
7156,18,Logan,Rodriguez,2011-03-24,Other,2024-03-02,1,Reduced,0,0,No IEP,67,0.95
7157,18,Gabriel,Smith,2014-11-11,Other,2024-03-07,1,Reduced,1,0,No IEP,82,0.91
7158,18,Harper,Miller,2016-10-12,Female,2022-11-26,1,Full Price,0,0,No IEP,73,0.92
7159,18,Finley,Johnson,2011-10-13,Male,2022-09-19,1,Reduced,0,0,No IEP,80,0.96
7160,18,Noah,Garcia,2008-09-14,Other,2024-04-17,1,Full Price,0,0,No IEP,81,0.92
7161,18,Parker,Garcia,2014-03-14,Male,2023-04-06,0,Reduced,0,0,No IEP,57,0.69
7162,18,Finley,Martinez,2009-01-14,Male,2023-01-13,1,Full Price,0,0,No IEP,45,0.83
7163,18,Logan,Davis,2014-10-02,Other,2023-12-25,1,Reduced,0,0,Current IEP,105,0.81
7164,18,Gabriel,Jones,2006-06-04,Male,2024-04-17,1,Free,0,0,No IEP,74,0.69
7165,18,Bailey,White,2017-01-14,Male,2023-04-06,1,Full Price,0,0,No IEP,76,0.77
7166,18,Oliver,Young,2008-06-07,Female,2023-02-13,1,Free,0,0,No IEP,69,0.94
7167,18,Harper,Rodriguez,2012-10-02,Female,2023-03-06,1,Free,1,0,No IEP,99,0.95
7168,18,Casey,Jones,2020-02-05,Other,2023-10-06,1,Reduced,1,0,No IEP,31,0.76
7169,18,Oliver,White,2009-05-17,Female,2023-12-20,1,Free,0,0,No IEP,107,0.84
7170,18,Eden,White,2010-04-25,Male,2024-04-28,1,Full Price,0,0,No IEP,48,0.72
7171,18,Isaiah,Garcia,2017-02-24,Other,2023-10-12,1,Reduced,0,0,No IEP,15,0.83
7172,18,Gabriel,Lee,2018-05-21,Male,2024-02-25,1,Free,0,0,Current IEP,64,0.77
7173,18,Harper,Williams,2009-02-23,Female,2023-04-23,1,Full Price,0,1,No IEP,64,0.94
7174,18,Casey,Lee,2011-11-12,Female,2023-06-11,1,Full Price,0,1,No IEP,40,0.66
7175,18,Logan,Williams,2010-09-22,Male,2023-02-07,1,Full Price,0,0,No IEP,76,0.88
7176,18,Logan,Lee,2014-06-06,Other,2022-06-30,1,Full Price,0,0,No IEP,72,0.94
7177,18,Parker,Allen,2009-02-24,Female,2022-10-09,1,Free,0,0,No IEP,5,0.97
7178,18,Alex,Lee,2019-12-01,Female,2023-04-08,1,Free,0,0,No IEP,95,0.91
7179,18,Alex,Davis,2011-11-19,Female,2022-09-22,1,Reduced,0,0,Current IEP,84,0.97
7180,18,Harper,White,2006-03-15,Female,2023-01-08,1,Free,0,0,No IEP,53,0.93
7181,18,Dakota,Garcia,2015-04-04,Male,2022-08-19,1,Reduced,0,0,No IEP,88,0.89
7182,18,Alex,Rodriguez,2012-04-27,Female,2023-07-27,1,Reduced,0,0,Current IEP,73,0.73
7183,18,Gabriel,Allen,2020-07-21,Male,2022-08-28,1,Reduced,0,0,No IEP,43,0.51
7184,18,Alex,Davis,2014-09-07,Female,2024-01-07,1,Free,1,0,No IEP,81,0.93
7185,18,Kendrick,Walker,2020-07-20,Other,2023-10-11,1,Free,0,0,No IEP,99,0.97
7186,18,Isaiah,Walker,2017-05-07,Female,2024-01-12,1,Free,0,0,No IEP,62,0.88
7187,18,Morgan,Williams,2020-10-20,Male,2024-04-24,1,Full Price,0,0,No IEP,87,0.76
7188,18,Morgan,Young,2019-04-05,Male,2024-03-16,1,Full Price,0,0,No IEP,76,0.91
7189,18,Harper,Hall,2007-11-27,Other,2023-11-15,1,Free,0,0,No IEP,89,0.93
7190,18,Finley,Rodriguez,2007-08-24,Other,2022-07-16,1,Full Price,0,0,No IEP,80,0.81
7191,18,Dakota,Davis,2015-11-22,Male,2024-02-08,1,Reduced,1,0,No IEP,31,0.53
7192,18,Jordan,Rodriguez,2019-09-06,Male,2022-11-18,1,Full Price,0,0,No IEP,53,0.92
7193,18,Gabriel,White,2010-03-22,Male,2024-02-15,1,Free,0,0,No IEP,87,0.91
7194,18,Eden,Garcia,2006-02-08,Male,2024-01-04,1,Free,0,0,No IEP,79,0.7
7195,18,Jordan,Williams,2007-09-01,Female,2024-05-08,1,Reduced,0,0,No IEP,81,0.79
7196,18,Alex,Hall,2013-08-26,Other,2024-01-24,1,Reduced,0,0,No IEP,72,0.63
7197,18,Oliver,Martinez,2009-09-22,Female,2023-11-07,1,Reduced,0,0,No IEP,53,0.78
7198,18,Bailey,Rodriguez,2008-11-18,Other,2023-05-08,1,Reduced,0,0,No IEP,87,0.94
7199,18,Parker,Garcia,2017-10-03,Female,2023-02-11,1,Reduced,0,0,No IEP,70,0.71
7200,18,Dakota,Jones,2006-06-22,Male,2024-03-24,1,Free,0,0,No IEP,73,0.67
7201,18,Finley,Allen,2016-04-21,Other,2023-11-27,1,Reduced,0,0,No IEP,59,0.9
7202,18,Isaiah,Smith,2019-07-21,Female,2023-04-05,1,Free,0,0,Current IEP,81,0.84
7203,18,Eden,Johnson,2011-10-24,Female,2023-12-31,0,Reduced,0,0,No IEP,67,0.68
7204,18,Harper,Hall,2014-10-20,Other,2023-12-28,1,Free,0,0,No IEP,85,0.56
7205,18,Isaiah,Miller,2017-05-27,Other,2024-04-07,1,Reduced,0,0,No IEP,58,0.73
7206,18,Finley,Smith,2015-02-23,Male,2022-08-06,1,Free,0,0,No IEP,54,0.6
7207,18,Gabriel,Davis,2014-12-26,Male,2023-11-09,1,Reduced,0,0,No IEP,34,0.84
7208,18,Casey,Brown,2007-04-18,Male,2023-03-19,1,Free,1,1,No IEP,65,0.79
7209,18,Casey,Rodriguez,2017-05-16,Female,2023-02-18,1,Reduced,0,0,No IEP,78,0.95
7210,18,Morgan,Allen,2020-03-18,Female,2022-09-07,1,Reduced,1,0,No IEP,51,0.71
7211,18,Bailey,Smith,2016-12-13,Female,2024-03-05,1,Free,0,0,No IEP,51,0.55
7212,18,Finley,Garcia,2015-06-21,Other,2024-03-03,1,Reduced,1,0,No IEP,24,0.71
7213,18,Oliver,Johnson,2008-12-03,Other,2024-04-28,1,Full Price,0,0,No IEP,53,0.96
7214,18,Alex,Jones,2016-01-11,Other,2022-09-24,1,Full Price,0,0,No IEP,73,0.84
7215,18,Dakota,Allen,2008-11-25,Male,2022-11-08,1,Free,0,0,No IEP,84,0.98
7216,18,Isaiah,Rodriguez,2020-11-14,Other,2024-01-26,1,Free,0,0,No IEP,68,0.89
7217,18,Kendrick,Jones,2018-02-17,Male,2023-04-26,1,Free,0,0,Current IEP,82,0.97
7218,18,Alex,Smith,2017-04-08,Female,2022-10-11,1,Full Price,0,0,No IEP,61,0.88
7219,18,Eden,Garcia,2015-05-05,Male,2023-05-17,1,Reduced,0,0,No IEP,86,0.75
7220,18,Morgan,Brown,2008-12-09,Male,2023-09-29,1,Reduced,0,0,No IEP,23,0.67
7221,18,Casey,Miller,2020-12-13,Female,2023-01-25,1,Reduced,0,0,No IEP,49,0.56
7222,18,Noah,Martinez,2014-12-09,Male,2023-12-25,1,Reduced,0,0,No IEP,85,0.89
7223,18,Eden,White,2013-02-04,Female,2023-11-16,1,Free,0,0,Current IEP,68,0.82
7224,18,Eden,Garcia,2018-11-14,Male,2023-08-02,1,Reduced,1,0,No IEP,21,0.54
7225,18,Kendrick,Jones,2009-03-09,Male,2023-07-31,1,Free,0,0,No IEP,78,0.96
7226,18,Eden,Garcia,2015-07-13,Other,2023-10-03,1,Free,0,0,No IEP,106,0.92
7227,18,Isaiah,Rodriguez,2018-10-20,Male,2022-12-30,1,Reduced,0,0,No IEP,30,0.82
7228,18,Morgan,Smith,2010-10-27,Other,2023-12-03,1,Reduced,1,0,No IEP,22,0.79
7229,18,Finley,Lee,2015-05-13,Other,2024-01-02,1,Reduced,0,0,No IEP,33,0.81
7230,18,Dakota,White,2012-08-09,Male,2023-11-23,1,Free,0,0,No IEP,61,0.76
7231,18,Oliver,Miller,2009-04-18,Male,2022-10-28,1,Reduced,1,0,No IEP,68,0.92
7232,18,Jordan,Smith,2013-07-03,Other,2023-07-26,1,Free,0,0,No IEP,82,0.75
7233,18,Morgan,Young,2006-09-19,Female,2022-11-14,1,Reduced,1,0,No IEP,62,0.84
7234,18,Parker,Garcia,2014-02-07,Male,2023-08-13,1,Reduced,1,0,Current IEP,71,0.94
7235,18,Kendrick,Lee,2008-06-18,Other,2023-08-23,1,Free,0,0,No IEP,98,0.93
7236,18,Dakota,Smith,2007-08-04,Other,2023-11-03,1,Full Price,0,0,No IEP,65,0.97
7237,18,Finley,Davis,2006-02-02,Other,2022-12-15,1,Free,1,0,Current IEP,61,0.9
7238,18,Isaiah,Hall,2009-10-17,Other,2024-03-20,1,Free,0,0,No IEP,61,0.92
7239,18,Gabriel,Williams,2019-05-10,Other,2022-12-12,1,Free,0,0,No IEP,50,0.91
7240,18,Dakota,Rodriguez,2008-07-12,Other,2023-08-11,1,Free,0,0,No IEP,107,0.82
7241,18,Dakota,Allen,2008-02-13,Other,2023-05-30,1,Full Price,0,0,No IEP,98,0.9
7242,18,Casey,Allen,2006-06-09,Male,2023-02-09,1,Reduced,1,0,Current IEP,63,0.85
7243,18,Casey,Martinez,2015-10-04,Male,2023-03-06,1,Full Price,1,0,No IEP,104,0.82
7244,18,Finley,Johnson,2015-03-25,Male,2022-10-18,1,Free,0,0,No IEP,57,0.79
7245,18,Oliver,Allen,2008-05-11,Male,2023-11-12,1,Full Price,0,0,Evaluation Pending,60,0.78
7246,18,Isaiah,Smith,2009-11-23,Female,2023-12-19,1,Reduced,0,0,No IEP,85,0.93
7247,18,Alex,Brown,2018-06-18,Male,2023-09-27,1,Reduced,0,0,No IEP,67,0.78
7248,18,Morgan,Brown,2012-01-21,Female,2023-07-21,1,Free,1,0,No IEP,82,0.84
7249,18,Casey,Johnson,2018-01-07,Male,2023-04-10,1,Free,0,0,No IEP,18,0.54
7250,18,Parker,Johnson,2019-08-24,Other,2023-12-11,1,Free,0,0,No IEP,86,0.91
7251,18,Dakota,Miller,2016-01-19,Other,2023-05-11,1,Full Price,0,0,Current IEP,63,0.97
7252,18,Bailey,Williams,2020-01-26,Female,2022-08-29,1,Reduced,0,0,No IEP,64,0.74
7253,18,Finley,Johnson,2010-10-16,Other,2023-12-22,1,Reduced,0,0,No IEP,95,0.92
7254,18,Oliver,Lee,2014-06-28,Other,2024-02-27,1,Reduced,0,0,No IEP,74,0.78
7255,18,Eden,Young,2020-11-22,Female,2023-12-31,1,Full Price,0,0,No IEP,10,0.79
7256,18,Bailey,Young,2013-11-01,Other,2023-10-01,1,Full Price,0,0,No IEP,81,0.94
7257,18,Eden,Allen,2014-03-24,Male,2023-09-18,1,Free,0,0,No IEP,106,0.83
7258,18,Jordan,Smith,2019-02-19,Other,2022-09-25,1,Free,0,0,No IEP,85,0.88
7259,18,Alex,Martinez,2018-11-27,Other,2024-03-20,1,Reduced,0,0,No IEP,88,0.67
7260,18,Jordan,Johnson,2014-10-16,Other,2022-07-26,1,Reduced,0,0,No IEP,74,0.75
7261,18,Finley,Garcia,2016-04-07,Female,2023-01-04,1,Reduced,0,1,No IEP,73,0.91
7262,18,Gabriel,Allen,2014-08-15,Female,2023-02-10,1,Full Price,0,0,Evaluation Pending,75,0.7
7263,18,Dakota,Allen,2018-09-15,Other,2024-05-15,0,Full Price,0,0,No IEP,74,0.91
7264,18,Jordan,Walker,2015-10-20,Other,2022-10-10,1,Full Price,0,0,No IEP,74,0.98
7265,18,Bailey,Hall,2008-11-19,Male,2023-06-07,1,Reduced,0,0,No IEP,32,0.69
7266,18,Alex,White,2012-02-11,Female,2023-09-04,1,Full Price,0,0,No IEP,80,0.89
7267,18,Dakota,Davis,2014-05-19,Male,2024-03-16,1,Free,0,0,No IEP,60,0.58
7268,18,Gabriel,Smith,2010-07-26,Other,2023-04-08,1,Free,1,0,No IEP,42,0.82
7269,18,Jordan,White,2016-12-24,Female,2022-08-23,1,Reduced,0,0,No IEP,102,0.9
7270,18,Morgan,Hall,2012-09-27,Other,2023-02-17,1,Free,0,0,No IEP,48,0.58
7271,18,Harper,Rodriguez,2009-12-24,Male,2023-06-11,1,Full Price,0,0,No IEP,42,0.79
7272,18,Noah,Brown,2019-07-15,Female,2023-08-17,1,Free,0,0,No IEP,80,0.85
7273,18,Finley,Miller,2017-07-15,Other,2022-12-11,1,Reduced,0,0,No IEP,78,0.74
7274,18,Jordan,Smith,2007-05-07,Female,2022-09-28,1,Full Price,0,0,No IEP,36,0.83
7275,18,Alex,Rodriguez,2009-04-18,Male,2022-07-03,1,Full Price,1,0,No IEP,59,0.78
7276,18,Isaiah,Lee,2011-01-04,Other,2022-09-21,1,Full Price,0,0,No IEP,75,0.92
7277,18,Logan,Smith,2020-04-11,Other,2022-08-31,1,Free,0,0,No IEP,24,0.7
7278,18,Gabriel,Lee,2006-06-18,Male,2022-12-23,1,Free,0,1,Current IEP,88,0.92
7279,18,Casey,Young,2007-12-05,Male,2023-09-13,1,Reduced,0,0,No IEP,63,0.92
7280,18,Dakota,Rodriguez,2009-03-22,Other,2023-01-29,1,Free,0,0,No IEP,76,0.89
7281,18,Alex,Miller,2009-01-17,Male,2023-02-05,1,Reduced,0,0,No IEP,42,0.82
7282,18,Harper,Johnson,2014-10-25,Male,2024-03-13,1,Full Price,0,0,No IEP,86,0.97
7283,18,Gabriel,Williams,2017-03-12,Female,2023-10-13,1,Full Price,0,1,No IEP,57,0.84
7284,18,Eden,Jones,2010-04-13,Other,2022-09-20,1,Full Price,0,0,Current IEP,50,0.88
7285,18,Logan,Johnson,2007-01-05,Other,2024-01-13,1,Free,0,0,No IEP,40,0.71
7286,18,Kendrick,Allen,2007-03-20,Male,2023-04-29,1,Reduced,0,0,No IEP,87,0.93
7287,18,Jordan,Hall,2010-05-15,Male,2023-11-20,1,Free,1,1,No IEP,62,0.74
7288,18,Bailey,Garcia,2013-03-05,Male,2023-11-17,1,Free,0,0,No IEP,47,0.72
7289,18,Dakota,Hall,2016-07-14,Female,2022-10-01,1,Reduced,0,0,No IEP,26,0.84
7290,18,Oliver,Jones,2015-02-28,Male,2022-07-03,1,Reduced,0,1,No IEP,93,0.78
7291,18,Dakota,Garcia,2015-03-25,Female,2023-02-20,1,Reduced,0,1,No IEP,28,0.67
7292,18,Jordan,Smith,2010-11-12,Female,2023-11-23,1,Free,0,0,No IEP,65,0.96
7293,18,Morgan,Garcia,2018-06-02,Male,2024-03-25,1,Full Price,0,0,No IEP,55,0.9
7294,18,Harper,Jones,2007-09-21,Other,2022-08-10,1,Free,0,0,Current IEP,63,0.96
7295,18,Isaiah,Smith,2011-10-24,Female,2022-10-03,0,Full Price,0,0,No IEP,54,0.52
7296,18,Oliver,Brown,2014-10-20,Female,2023-09-23,0,Reduced,1,1,Current IEP,67,0.92
7297,18,Finley,Garcia,2007-01-26,Male,2023-09-16,1,Full Price,0,0,No IEP,52,0.93
7298,18,Eden,Lee,2016-08-20,Other,2022-12-01,1,Full Price,0,0,No IEP,31,0.77
7299,18,Bailey,Garcia,2009-01-09,Male,2022-07-01,1,Reduced,0,0,No IEP,82,0.97
7300,18,Alex,Johnson,2015-04-03,Male,2022-11-24,1,Free,0,0,No IEP,74,0.96
7301,18,Gabriel,Martinez,2019-11-19,Other,2022-11-20,1,Full Price,0,0,No IEP,35,0.52
7302,18,Oliver,Hall,2012-11-08,Other,2024-04-12,1,Full Price,0,0,No IEP,57,0.89
7303,18,Noah,White,2014-11-09,Other,2023-02-15,0,Full Price,0,0,No IEP,107,0.63
7304,18,Kendrick,Allen,2016-12-18,Female,2022-12-21,1,Free,1,0,No IEP,74,0.83
7305,18,Gabriel,White,2014-12-22,Male,2024-01-16,1,Reduced,0,1,No IEP,78,0.69
7306,18,Morgan,Lee,2006-10-02,Female,2022-12-05,1,Free,0,0,No IEP,35,0.72
7307,18,Harper,Walker,2011-03-20,Female,2024-05-12,0,Free,0,0,No IEP,71,0.79
7308,18,Logan,Garcia,2015-04-01,Female,2022-12-08,1,Free,1,0,No IEP,30,0.53
7309,18,Morgan,Hall,2007-07-07,Female,2022-10-11,1,Free,0,0,No IEP,68,0.93
7310,18,Morgan,Lee,2015-06-26,Other,2022-10-27,1,Free,0,0,No IEP,51,0.9
7311,18,Kendrick,Jones,2018-12-04,Other,2023-02-03,1,Free,0,0,No IEP,42,0.73
7312,18,Isaiah,Miller,2015-01-28,Male,2022-10-17,1,Free,1,1,No IEP,31,0.54
7313,18,Parker,Jones,2019-12-28,Male,2024-01-23,1,Reduced,0,0,No IEP,82,0.83
7314,18,Morgan,White,2014-07-03,Other,2023-10-08,1,Reduced,0,0,No IEP,44,0.62
7315,18,Gabriel,Walker,2009-09-28,Other,2023-04-15,1,Reduced,0,0,No IEP,66,0.93
7316,18,Finley,Martinez,2018-10-08,Female,2023-05-09,1,Reduced,0,1,No IEP,79,0.77
7317,18,Finley,Smith,2012-09-05,Male,2023-08-13,1,Reduced,0,0,No IEP,29,0.71
7318,18,Noah,Johnson,2013-05-14,Female,2022-08-06,1,Free,0,0,No IEP,98,0.85
7319,18,Casey,Hall,2015-02-11,Other,2023-11-17,1,Reduced,0,0,No IEP,97,0.92
7320,18,Logan,Lee,2016-01-12,Female,2022-09-14,1,Reduced,0,0,No IEP,58,0.78
7321,18,Harper,Hall,2010-07-22,Female,2023-05-30,1,Full Price,0,0,No IEP,57,0.96
7322,18,Bailey,Johnson,2012-10-02,Male,2023-01-25,1,Full Price,0,1,No IEP,62,0.73
7323,18,Jordan,Allen,2006-01-04,Male,2023-07-22,1,Free,1,0,Evaluation Pending,72,0.96
7324,18,Noah,Rodriguez,2017-10-09,Female,2023-05-25,1,Free,0,0,No IEP,46,0.79
7325,18,Alex,Williams,2018-11-22,Female,2023-04-21,1,Free,0,1,No IEP,11,0.81
7326,18,Harper,Garcia,2019-01-01,Male,2023-02-18,0,Full Price,0,0,No IEP,25,0.62
7327,18,Jordan,Young,2010-11-18,Female,2023-07-02,1,Full Price,1,0,No IEP,68,0.62
7328,18,Kendrick,Young,2008-06-20,Other,2023-07-16,0,Reduced,0,0,No IEP,81,0.97
7329,18,Isaiah,Williams,2018-01-14,Female,2023-10-19,1,Full Price,0,0,No IEP,99,0.71
7330,18,Bailey,White,2012-06-14,Female,2023-10-09,1,Full Price,0,1,Current IEP,84,0.94
7331,18,Dakota,Johnson,2012-12-05,Female,2023-02-24,1,Reduced,1,1,No IEP,63,0.92
7332,18,Noah,Smith,2009-12-14,Male,2023-06-20,1,Free,1,0,No IEP,52,0.79
7333,18,Morgan,Johnson,2012-01-25,Other,2024-01-29,1,Full Price,0,0,No IEP,54,0.72
7334,18,Parker,White,2013-02-03,Male,2022-07-13,1,Reduced,0,0,No IEP,94,0.97
7335,18,Finley,Young,2018-01-23,Male,2023-08-03,1,Reduced,0,0,Current IEP,75,0.6
7336,18,Bailey,Johnson,2017-10-02,Male,2022-08-02,1,Reduced,0,1,No IEP,72,0.89
7337,18,Eden,Lee,2014-11-10,Male,2023-11-06,1,Free,0,0,No IEP,31,0.76
7338,18,Logan,Williams,2011-01-27,Other,2023-07-25,1,Full Price,0,0,No IEP,47,0.97
7339,18,Bailey,Williams,2010-10-16,Female,2023-02-13,1,Reduced,0,1,No IEP,105,0.96
7340,18,Jordan,Miller,2011-08-20,Male,2022-12-24,1,Full Price,1,0,No IEP,44,0.8
7341,18,Gabriel,Johnson,2018-01-25,Female,2023-10-08,1,Full Price,0,0,No IEP,51,0.76
7342,18,Bailey,Jones,2020-05-09,Male,2023-01-06,1,Reduced,0,0,No IEP,67,0.73
7343,18,Harper,Lee,2017-05-09,Female,2022-11-07,1,Free,0,0,No IEP,81,0.73
7344,18,Jordan,Allen,2012-04-01,Female,2024-05-24,1,Reduced,0,0,No IEP,53,0.88
7345,18,Isaiah,Rodriguez,2012-02-23,Male,2024-01-26,1,Reduced,0,0,No IEP,60,0.96
7346,18,Bailey,Brown,2018-07-23,Female,2022-11-29,1,Reduced,0,0,No IEP,84,0.94
7347,18,Kendrick,Martinez,2014-12-17,Other,2024-02-24,1,Reduced,0,0,No IEP,104,0.98
7348,18,Eden,Davis,2018-11-17,Male,2022-07-06,1,Reduced,0,0,Current IEP,60,0.82
7349,18,Harper,Young,2020-12-03,Female,2022-10-26,1,Free,0,0,No IEP,104,0.65
7350,18,Gabriel,Garcia,2009-06-02,Other,2023-07-06,1,Reduced,0,0,No IEP,51,0.92
7351,18,Oliver,Brown,2006-04-05,Female,2022-07-03,1,Free,1,0,No IEP,39,0.78
7352,18,Casey,Hall,2007-10-18,Other,2023-09-21,1,Free,1,0,No IEP,42,0.74
7353,18,Isaiah,Smith,2015-01-07,Female,2022-12-07,1,Reduced,0,0,No IEP,3,0.58
7354,18,Harper,Young,2020-05-08,Male,2024-01-06,1,Reduced,0,0,Current IEP,103,0.91
7355,18,Casey,Williams,2015-05-25,Other,2022-08-17,1,Full Price,0,0,No IEP,75,0.96
7356,18,Alex,Allen,2016-04-10,Male,2023-11-25,1,Free,0,0,No IEP,38,0.91
7357,18,Bailey,Williams,2018-10-19,Female,2023-02-19,1,Reduced,0,0,Current IEP,61,0.94
7358,18,Logan,Allen,2014-05-11,Female,2023-01-25,1,Full Price,0,0,No IEP,70,0.81
7359,18,Eden,Young,2011-05-25,Female,2024-01-24,1,Full Price,0,0,No IEP,59,0.7
7360,18,Dakota,Walker,2009-02-06,Male,2023-03-01,1,Free,0,0,No IEP,43,0.53
7361,18,Bailey,Williams,2015-07-24,Other,2022-12-23,1,Reduced,1,0,No IEP,41,0.78
7362,18,Logan,Williams,2017-06-02,Female,2023-02-08,1,Reduced,0,0,No IEP,87,0.85
7363,18,Kendrick,Smith,2010-04-03,Male,2023-09-30,1,Free,0,0,No IEP,74,0.89
7364,18,Jordan,Johnson,2008-08-03,Male,2023-01-22,0,Full Price,0,0,No IEP,75,0.7
7365,18,Dakota,Lee,2007-10-01,Other,2023-10-28,0,Free,1,0,No IEP,62,0.51
7366,18,Morgan,Allen,2012-10-19,Other,2023-01-05,1,Full Price,0,0,No IEP,71,0.57
7367,18,Finley,Jones,2017-09-03,Other,2023-05-21,1,Reduced,0,1,No IEP,103,0.71
7368,18,Isaiah,Williams,2010-11-26,Male,2023-06-25,1,Reduced,0,0,No IEP,77,0.96
7369,18,Finley,Lee,2007-07-26,Female,2023-09-06,1,Reduced,0,0,No IEP,79,0.88
7370,18,Noah,Miller,2011-09-15,Other,2023-05-05,1,Free,0,0,No IEP,46,0.56
7371,18,Parker,Brown,2017-01-18,Other,2023-10-02,1,Free,0,0,No IEP,75,0.93
7372,18,Gabriel,Williams,2008-07-11,Female,2023-10-13,1,Full Price,0,0,No IEP,58,0.57
7373,18,Gabriel,Rodriguez,2013-02-07,Female,2023-01-07,1,Full Price,0,0,No IEP,66,0.98
7374,18,Jordan,White,2020-12-23,Male,2022-08-02,1,Free,0,1,No IEP,85,0.94
7375,18,Finley,Smith,2008-04-18,Other,2023-04-16,1,Reduced,0,1,No IEP,89,0.53
7376,18,Parker,Johnson,2008-01-08,Other,2023-06-28,1,Full Price,0,0,No IEP,52,0.81
7377,19,Noah,Walker,2018-12-21,Female,2024-05-20,1,Reduced,1,0,No IEP,72,0.93
7378,19,Alex,Garcia,2013-12-18,Other,2022-11-19,1,Reduced,0,0,Current IEP,65,0.74
7379,19,Gabriel,Hall,2011-12-15,Male,2022-08-06,1,Full Price,0,0,No IEP,78,0.93
7380,19,Logan,Martinez,2010-07-04,Male,2023-01-03,1,Full Price,1,0,No IEP,97,0.95
7381,19,Parker,Garcia,2020-06-14,Other,2024-03-13,1,Full Price,0,0,No IEP,4,0.9
7382,19,Casey,Jones,2008-01-10,Other,2022-12-14,1,Reduced,0,0,No IEP,75,0.91
7383,19,Morgan,Martinez,2015-01-28,Other,2023-07-04,1,Reduced,0,0,No IEP,88,0.51
7384,19,Bailey,Garcia,2008-09-05,Female,2023-07-26,1,Reduced,0,0,No IEP,61,0.72
7385,19,Isaiah,Davis,2010-01-13,Male,2023-10-02,1,Full Price,0,0,No IEP,78,0.92
7386,19,Eden,Young,2017-02-19,Female,2023-12-31,1,Free,0,0,No IEP,49,0.62
7387,19,Kendrick,Martinez,2012-05-18,Male,2022-11-16,1,Full Price,1,0,No IEP,8,0.72
7388,19,Oliver,Young,2013-10-21,Other,2024-04-14,1,Free,0,1,No IEP,81,0.93
7389,19,Finley,Jones,2012-03-20,Female,2023-11-25,1,Free,0,0,No IEP,78,0.93
7390,19,Parker,Garcia,2011-03-27,Male,2023-03-26,1,Free,0,0,No IEP,83,0.95
7391,19,Noah,Johnson,2016-06-19,Male,2023-01-09,1,Free,0,0,No IEP,53,0.64
7392,19,Alex,Lee,2014-08-11,Other,2022-07-30,1,Reduced,0,0,Current IEP,60,0.96
7393,19,Morgan,Smith,2013-08-22,Other,2024-03-31,1,Full Price,0,0,No IEP,83,0.81
7394,19,Alex,White,2011-01-25,Other,2022-11-10,1,Full Price,0,1,No IEP,32,0.93
7395,19,Alex,Davis,2018-11-25,Male,2022-12-04,1,Free,0,1,No IEP,63,0.81
7396,19,Dakota,Brown,2016-04-05,Other,2024-02-14,1,Reduced,0,0,No IEP,21,0.66
7397,19,Casey,Martinez,2017-11-26,Male,2023-05-22,1,Full Price,0,0,No IEP,53,0.91
7398,19,Logan,Young,2016-05-28,Other,2023-07-10,1,Full Price,0,0,No IEP,88,0.98
7399,19,Morgan,Lee,2006-01-04,Other,2024-02-09,0,Full Price,0,0,No IEP,66,0.95
7400,19,Morgan,Hall,2006-06-01,Female,2023-05-21,1,Full Price,0,0,Current IEP,69,0.74
7401,19,Morgan,Davis,2006-01-18,Female,2024-02-05,1,Full Price,0,0,No IEP,53,0.97
7402,19,Bailey,Brown,2014-03-01,Male,2022-11-20,1,Full Price,0,0,No IEP,46,0.91
7403,19,Parker,Martinez,2013-03-10,Female,2023-01-07,1,Free,0,0,No IEP,45,0.71
7404,19,Dakota,Rodriguez,2007-10-06,Male,2024-01-25,1,Reduced,0,0,No IEP,54,0.6
7405,19,Bailey,Young,2006-04-20,Female,2024-03-31,1,Free,0,0,No IEP,58,0.79
7406,19,Harper,Williams,2014-07-16,Female,2022-12-20,1,Free,0,0,No IEP,84,0.7
7407,19,Harper,Lee,2014-03-23,Male,2024-02-18,1,Reduced,0,0,No IEP,68,0.93
7408,19,Parker,Lee,2012-04-06,Male,2023-11-03,1,Reduced,0,0,No IEP,90,0.93
7409,19,Gabriel,Johnson,2012-03-28,Female,2024-04-30,1,Free,0,1,No IEP,81,0.74
7410,19,Gabriel,Davis,2006-01-25,Female,2022-11-27,1,Free,1,0,No IEP,80,0.89
7411,19,Kendrick,Brown,2010-05-09,Female,2023-07-17,1,Full Price,0,0,No IEP,53,0.63
7412,19,Parker,Garcia,2014-06-01,Male,2023-02-15,1,Reduced,0,0,No IEP,43,0.55
7413,19,Isaiah,Lee,2006-01-26,Female,2022-12-11,1,Free,1,1,No IEP,87,0.89
7414,19,Logan,Johnson,2015-06-05,Other,2023-02-22,1,Full Price,0,0,No IEP,70,0.92
7415,19,Parker,Young,2010-01-14,Other,2023-02-24,1,Full Price,0,0,No IEP,40,0.68
7416,19,Finley,Miller,2007-01-04,Male,2023-12-17,1,Free,0,0,No IEP,42,0.74
7417,19,Logan,Smith,2019-07-09,Male,2024-01-11,1,Reduced,0,0,No IEP,39,0.51
7418,19,Eden,Jones,2015-06-12,Other,2023-03-10,1,Free,0,0,No IEP,107,0.95
7419,19,Isaiah,Walker,2019-10-13,Female,2022-08-17,1,Free,0,0,No IEP,74,0.96
7420,19,Casey,Young,2014-06-25,Male,2022-09-07,1,Reduced,0,0,No IEP,60,0.71
7421,19,Eden,Williams,2018-07-01,Male,2022-11-20,1,Free,0,0,No IEP,52,0.94
7422,19,Dakota,Brown,2011-01-20,Other,2022-11-17,1,Reduced,0,0,Current IEP,56,0.81
7423,19,Jordan,Jones,2013-05-03,Female,2023-06-08,1,Free,0,1,No IEP,96,0.91
7424,19,Alex,Smith,2009-11-15,Female,2022-07-30,1,Full Price,0,1,No IEP,67,0.9
7425,19,Morgan,Smith,2018-10-05,Female,2024-05-18,1,Free,1,0,No IEP,67,0.88
7426,19,Eden,Davis,2020-06-14,Other,2024-01-16,1,Free,0,0,No IEP,102,0.98
7427,19,Isaiah,Walker,2007-10-14,Female,2024-05-08,1,Reduced,1,0,No IEP,88,0.95
7428,19,Isaiah,Garcia,2015-07-16,Female,2023-06-25,1,Reduced,0,0,Current IEP,92,0.95
7429,19,Logan,Lee,2012-12-21,Female,2022-12-04,1,Reduced,0,0,No IEP,49,0.85
7430,19,Alex,Johnson,2008-08-25,Female,2024-03-25,1,Free,1,0,No IEP,55,0.75
7431,19,Alex,Rodriguez,2014-05-19,Female,2023-05-03,1,Free,0,1,No IEP,84,0.88
7432,19,Bailey,Rodriguez,2018-02-24,Male,2022-08-20,1,Reduced,0,0,No IEP,73,0.73
7433,19,Dakota,Davis,2009-11-08,Female,2023-12-10,1,Reduced,0,0,No IEP,78,0.93
7434,19,Harper,Hall,2007-04-22,Female,2024-02-29,1,Free,1,0,No IEP,91,0.88
7435,19,Isaiah,Williams,2018-01-03,Female,2023-03-21,1,Reduced,0,0,Current IEP,76,0.88
7436,19,Alex,Hall,2007-11-03,Female,2023-04-08,1,Reduced,0,0,No IEP,77,0.95
7437,19,Noah,Martinez,2020-10-08,Other,2022-12-20,1,Full Price,0,0,No IEP,53,0.78
7438,19,Logan,Martinez,2020-05-16,Male,2023-12-20,1,Full Price,0,0,No IEP,34,0.84
7439,19,Finley,Davis,2010-10-02,Male,2024-01-06,1,Full Price,0,0,Current IEP,42,0.94
7440,19,Parker,Hall,2014-04-04,Other,2023-02-07,1,Reduced,0,0,No IEP,39,0.95
7441,19,Alex,Martinez,2012-03-20,Male,2022-08-30,1,Free,0,0,No IEP,82,0.92
7442,19,Parker,Miller,2014-10-15,Other,2023-12-23,1,Free,0,0,No IEP,80,0.95
7443,19,Isaiah,White,2017-09-04,Other,2024-01-07,1,Reduced,0,0,No IEP,104,0.79
7444,19,Parker,Smith,2010-08-11,Female,2024-04-14,1,Reduced,1,0,No IEP,44,0.63
7445,19,Jordan,Lee,2019-03-28,Male,2024-02-25,1,Reduced,0,0,No IEP,53,0.88
7446,19,Eden,Smith,2015-02-05,Female,2023-06-18,1,Reduced,0,0,No IEP,78,0.88
7447,19,Noah,Johnson,2008-10-04,Female,2023-04-13,1,Free,0,0,No IEP,31,0.8
7448,19,Dakota,Garcia,2013-11-04,Male,2022-12-30,1,Full Price,0,0,No IEP,74,0.73
7449,19,Isaiah,Hall,2015-08-07,Male,2023-05-17,1,Free,0,1,No IEP,108,0.76
7450,19,Noah,Miller,2013-07-01,Male,2022-12-29,1,Full Price,0,0,No IEP,59,0.91
7451,19,Parker,Martinez,2015-09-21,Female,2023-04-24,1,Free,0,1,No IEP,61,0.89
7452,19,Casey,Jones,2011-08-26,Female,2024-04-30,1,Reduced,0,0,No IEP,37,0.55
7453,19,Eden,Williams,2007-01-05,Male,2023-09-28,1,Free,0,1,No IEP,43,0.82
7454,19,Finley,Hall,2014-05-14,Female,2022-11-08,1,Free,0,0,No IEP,29,0.79
7455,19,Morgan,Garcia,2017-07-16,Male,2023-09-16,0,Full Price,0,0,No IEP,79,0.92
7456,19,Gabriel,Johnson,2008-01-18,Female,2023-10-31,1,Free,0,0,No IEP,71,0.74
7457,19,Kendrick,Williams,2009-11-26,Other,2022-12-08,1,Free,0,0,No IEP,51,0.62
7458,19,Harper,Smith,2016-11-21,Male,2024-02-09,1,Reduced,0,0,No IEP,100,0.9
7459,19,Casey,Hall,2011-03-20,Female,2024-01-21,1,Free,0,0,No IEP,83,0.95
7460,19,Casey,Johnson,2008-03-03,Female,2024-03-18,1,Reduced,1,0,No IEP,104,0.93
7461,19,Harper,Walker,2009-02-23,Male,2023-04-25,1,Full Price,0,0,Current IEP,22,0.58
7462,19,Oliver,Williams,2009-03-20,Other,2023-01-27,1,Free,0,0,No IEP,32,0.76
7463,19,Finley,Hall,2006-06-11,Female,2023-05-11,1,Free,0,0,No IEP,77,0.82
7464,19,Casey,Smith,2015-02-14,Other,2024-01-01,1,Free,1,0,No IEP,79,0.93
7465,19,Parker,Williams,2020-02-06,Other,2022-09-05,1,Free,0,0,No IEP,77,0.92
7466,19,Finley,Young,2014-09-23,Male,2022-09-14,1,Full Price,0,0,No IEP,45,0.76
7467,19,Isaiah,Hall,2014-02-21,Other,2023-04-22,1,Reduced,1,0,No IEP,34,0.53
7468,19,Parker,Young,2006-08-05,Other,2024-04-22,1,Full Price,0,0,No IEP,76,0.91
7469,19,Isaiah,Lee,2011-01-11,Other,2023-06-01,1,Free,0,0,No IEP,15,0.92
7470,19,Noah,Garcia,2008-05-02,Other,2023-02-20,1,Reduced,0,0,No IEP,68,0.97
7471,19,Jordan,Young,2018-01-25,Male,2024-03-07,1,Full Price,1,0,No IEP,36,0.91
7472,19,Morgan,Jones,2015-03-21,Male,2023-12-19,1,Reduced,0,0,No IEP,57,0.82
7473,19,Noah,Brown,2006-12-06,Male,2023-12-09,1,Reduced,0,0,No IEP,73,0.72
7474,19,Alex,Brown,2010-03-09,Male,2023-08-26,1,Reduced,0,0,No IEP,27,0.57
7475,19,Jordan,Hall,2007-02-12,Female,2023-11-29,1,Free,0,0,No IEP,78,0.88
7476,19,Parker,White,2018-06-24,Male,2023-06-05,1,Reduced,1,0,No IEP,63,0.96
7477,19,Eden,Johnson,2018-05-12,Other,2023-08-23,1,Full Price,1,0,No IEP,84,0.92
7478,19,Eden,Williams,2015-01-17,Female,2023-11-17,1,Full Price,0,0,No IEP,76,0.82
7479,19,Casey,Miller,2011-10-12,Other,2023-08-16,1,Full Price,1,0,No IEP,85,0.83
7480,19,Parker,Miller,2019-08-13,Female,2023-06-04,1,Free,0,1,No IEP,19,0.53
7481,19,Gabriel,Smith,2011-10-11,Male,2022-10-25,1,Free,0,0,No IEP,66,0.94
7482,19,Dakota,Young,2007-03-08,Other,2023-12-28,1,Reduced,0,0,No IEP,40,0.81
7483,19,Gabriel,Lee,2006-08-16,Other,2023-02-25,1,Full Price,0,1,Current IEP,45,0.94
7484,19,Casey,Johnson,2014-08-14,Other,2023-10-22,1,Free,1,0,Evaluation Pending,79,0.59
7485,19,Logan,Martinez,2020-06-23,Other,2023-08-29,1,Free,0,0,No IEP,107,0.93
7486,19,Logan,Brown,2011-05-19,Male,2024-03-28,1,Reduced,0,0,No IEP,32,0.81
7487,19,Isaiah,Walker,2009-05-06,Female,2023-02-04,1,Reduced,1,1,No IEP,43,0.96
7488,19,Bailey,Lee,2016-06-18,Male,2023-02-28,1,Reduced,0,1,Current IEP,49,0.56
7489,19,Casey,Hall,2012-02-06,Male,2022-08-04,1,Free,0,0,No IEP,64,0.92
7490,19,Kendrick,Brown,2020-07-27,Other,2023-07-22,1,Reduced,0,0,No IEP,87,0.96
7491,19,Parker,Brown,2011-12-06,Male,2023-11-05,0,Free,0,0,No IEP,54,0.84
7492,19,Casey,Garcia,2017-11-25,Female,2023-05-05,1,Full Price,0,1,No IEP,64,0.89
7493,19,Dakota,Garcia,2018-02-07,Male,2023-07-24,1,Reduced,0,0,No IEP,83,0.95
7494,19,Morgan,Miller,2010-02-11,Other,2023-10-02,1,Free,0,0,No IEP,51,0.7
7495,19,Jordan,Garcia,2010-11-11,Other,2022-08-17,1,Free,0,0,No IEP,43,0.69
7496,19,Harper,Young,2009-01-13,Other,2023-10-26,1,Free,1,0,No IEP,77,0.96
7497,19,Oliver,Rodriguez,2008-02-09,Female,2024-01-27,1,Reduced,0,0,No IEP,81,0.92
7498,19,Finley,Brown,2011-04-16,Female,2022-09-23,1,Free,0,0,No IEP,90,0.74
7499,19,Casey,Hall,2007-03-26,Male,2024-01-19,1,Reduced,0,0,No IEP,58,0.89
7500,19,Oliver,Williams,2011-02-02,Other,2023-12-23,1,Free,0,0,No IEP,64,0.78
7501,19,Harper,Garcia,2014-05-03,Female,2023-04-07,1,Free,0,0,Current IEP,60,0.85
7502,19,Oliver,Smith,2007-01-03,Other,2023-10-29,1,Free,0,0,No IEP,77,0.82
7503,19,Casey,Smith,2019-03-21,Other,2023-01-07,1,Full Price,1,0,Current IEP,49,0.65
7504,19,Logan,White,2019-08-17,Other,2023-12-17,1,Reduced,0,0,No IEP,44,0.81
7505,19,Kendrick,Johnson,2020-07-25,Female,2023-11-13,1,Reduced,0,1,No IEP,64,0.96
7506,19,Morgan,Williams,2006-03-18,Other,2022-07-24,1,Full Price,0,0,No IEP,43,0.61
7507,19,Jordan,Davis,2020-04-21,Female,2023-06-20,1,Reduced,1,1,Evaluation Pending,10,0.81
7508,19,Isaiah,White,2020-06-28,Other,2024-01-30,1,Reduced,1,0,No IEP,52,0.75
7509,19,Oliver,Smith,2020-02-19,Female,2023-06-28,1,Free,1,0,No IEP,79,0.97
7510,19,Bailey,Johnson,2017-10-22,Female,2022-11-01,1,Free,0,0,No IEP,57,0.71
7511,19,Oliver,White,2008-01-03,Female,2022-08-10,1,Free,0,0,No IEP,68,0.9
7512,19,Morgan,Lee,2011-12-11,Other,2023-10-30,1,Full Price,0,0,No IEP,71,0.94
7513,19,Dakota,Walker,2008-04-10,Male,2023-02-17,1,Free,0,0,No IEP,93,0.98
7514,19,Noah,Smith,2014-02-09,Female,2023-03-23,1,Reduced,0,0,No IEP,76,0.94
7515,19,Gabriel,Martinez,2006-06-06,Other,2023-02-10,1,Free,0,0,No IEP,16,0.74
7516,19,Oliver,Martinez,2009-10-21,Other,2024-01-27,1,Free,0,0,No IEP,78,0.95
7517,19,Morgan,White,2014-10-23,Male,2022-11-13,1,Reduced,0,0,No IEP,71,0.51
7518,19,Bailey,Allen,2012-10-27,Other,2022-11-05,1,Free,0,0,No IEP,10,0.83
7519,19,Dakota,Brown,2008-04-15,Female,2022-12-07,1,Free,0,0,Current IEP,85,0.88
7520,19,Finley,Hall,2009-12-02,Other,2024-03-02,1,Reduced,0,0,No IEP,94,0.88
7521,19,Logan,Young,2016-07-02,Other,2022-07-04,1,Free,0,0,No IEP,38,0.83
7522,19,Eden,Williams,2010-12-14,Other,2024-05-17,1,Free,0,0,No IEP,29,0.76
7523,19,Logan,Garcia,2011-12-16,Female,2023-05-11,1,Free,0,0,No IEP,95,0.95
7524,19,Alex,Rodriguez,2017-12-08,Other,2023-11-24,1,Free,0,0,No IEP,71,0.94
7525,19,Alex,Garcia,2009-04-26,Male,2024-03-28,1,Free,0,0,Current IEP,75,0.97
7526,19,Dakota,Rodriguez,2006-06-11,Female,2024-04-30,1,Reduced,0,0,No IEP,78,0.91
7527,19,Parker,Hall,2006-03-18,Female,2022-11-15,1,Reduced,1,1,No IEP,66,0.73
7528,19,Bailey,Smith,2008-02-16,Female,2024-02-03,1,Full Price,0,0,No IEP,82,0.97
7529,19,Dakota,Williams,2018-07-20,Other,2023-12-02,1,Reduced,1,0,No IEP,85,0.91
7530,19,Gabriel,Smith,2006-06-16,Male,2024-01-31,1,Reduced,0,0,No IEP,56,0.76
7531,19,Noah,Jones,2009-05-20,Other,2023-11-08,1,Full Price,0,0,Current IEP,54,0.91
7532,19,Morgan,White,2009-08-01,Female,2024-04-12,1,Reduced,0,0,No IEP,65,0.93
7533,19,Noah,Jones,2020-03-26,Other,2022-11-11,1,Reduced,0,0,No IEP,29,0.82
7534,19,Casey,Walker,2018-04-03,Other,2023-09-22,1,Free,0,1,No IEP,82,0.95
7535,19,Isaiah,White,2013-08-05,Female,2024-03-14,1,Free,0,0,No IEP,34,0.95
7536,19,Gabriel,Smith,2008-04-15,Female,2022-09-22,1,Reduced,1,0,No IEP,20,0.6
7537,19,Bailey,Johnson,2014-08-10,Male,2023-11-16,1,Reduced,0,0,No IEP,30,0.9
7538,19,Parker,Young,2008-11-12,Male,2024-02-02,1,Reduced,0,0,No IEP,84,0.92
7539,19,Harper,Young,2011-02-21,Male,2023-07-22,0,Full Price,0,0,No IEP,54,0.62
7540,19,Casey,Smith,2014-05-02,Female,2022-12-16,1,Free,0,0,No IEP,43,0.71
7541,19,Casey,Smith,2006-07-17,Other,2024-05-12,1,Reduced,0,0,No IEP,32,0.77
7542,19,Casey,Rodriguez,2007-03-26,Male,2023-10-05,1,Reduced,0,0,No IEP,65,0.91
7543,19,Dakota,Garcia,2020-10-03,Female,2024-04-16,1,Reduced,0,0,No IEP,95,0.94
7544,19,Gabriel,Walker,2014-06-11,Male,2024-01-07,1,Reduced,0,0,No IEP,94,0.9
7545,19,Gabriel,Williams,2020-10-27,Male,2022-12-03,1,Reduced,1,0,No IEP,53,0.96
7546,19,Finley,Allen,2010-09-10,Other,2024-03-03,1,Free,1,0,No IEP,72,0.71
7547,19,Morgan,Allen,2015-12-13,Male,2022-08-28,1,Reduced,0,0,No IEP,75,0.96
7548,19,Dakota,Young,2018-07-19,Male,2022-07-04,1,Free,0,0,No IEP,20,0.7
7549,19,Kendrick,Jones,2012-02-11,Female,2023-11-08,1,Full Price,0,0,No IEP,60,0.54
7550,19,Parker,Johnson,2008-08-21,Male,2024-01-08,1,Free,1,0,No IEP,98,0.6
7551,19,Jordan,Lee,2011-06-21,Female,2023-12-12,1,Full Price,0,0,Current IEP,59,0.91
7552,19,Alex,Smith,2006-02-02,Other,2022-07-30,1,Reduced,1,1,No IEP,79,0.61
7553,19,Alex,Williams,2016-06-24,Female,2023-11-19,1,Full Price,0,1,No IEP,63,0.92
7554,19,Harper,Allen,2006-07-10,Male,2022-10-20,1,Full Price,0,1,No IEP,103,0.77
7555,19,Bailey,Miller,2015-01-21,Other,2023-11-09,1,Full Price,0,0,No IEP,73,0.94
7556,19,Casey,Rodriguez,2006-07-23,Other,2023-02-03,1,Free,0,0,No IEP,75,0.9
7557,19,Oliver,Young,2019-11-05,Female,2024-02-07,1,Free,0,0,No IEP,71,0.79
7558,19,Casey,Williams,2017-05-26,Other,2023-08-30,1,Reduced,0,0,No IEP,83,0.9
7559,19,Noah,Williams,2007-07-21,Other,2024-01-27,1,Free,0,1,No IEP,42,0.89
7560,19,Eden,Smith,2020-05-22,Other,2022-08-29,1,Reduced,0,0,No IEP,95,0.9
7561,19,Alex,Johnson,2013-08-23,Male,2024-04-11,1,Full Price,1,0,No IEP,87,0.76
7562,19,Logan,Allen,2009-05-09,Male,2023-11-09,1,Reduced,0,0,No IEP,89,0.94
7563,19,Noah,Walker,2013-03-23,Other,2022-07-30,1,Free,0,0,No IEP,18,0.98
7564,19,Morgan,White,2012-04-21,Other,2023-10-22,0,Reduced,0,0,No IEP,75,0.96
7565,19,Dakota,Miller,2017-03-03,Other,2023-12-28,1,Reduced,0,0,No IEP,44,0.8
7566,19,Logan,Smith,2018-05-08,Other,2024-01-03,1,Free,0,1,No IEP,71,0.74
7567,19,Eden,Rodriguez,2012-08-01,Other,2023-11-17,1,Reduced,0,0,No IEP,86,0.94
7568,19,Parker,Johnson,2011-11-09,Male,2023-07-04,1,Full Price,0,0,No IEP,51,0.56
7569,19,Morgan,Garcia,2016-10-19,Male,2023-01-03,1,Reduced,0,0,Current IEP,74,0.79
7570,19,Gabriel,Hall,2018-07-28,Male,2022-07-26,1,Free,0,0,Current IEP,84,0.88
7571,19,Harper,Jones,2008-12-06,Female,2023-11-22,1,Free,1,0,No IEP,43,0.81
7572,19,Harper,White,2016-11-20,Other,2023-04-27,1,Full Price,0,0,No IEP,77,0.96
7573,19,Parker,Walker,2007-07-17,Female,2023-02-11,1,Free,0,0,No IEP,92,0.9
7574,19,Bailey,White,2008-09-03,Female,2023-10-12,1,Full Price,0,0,No IEP,53,0.96
7575,19,Finley,Smith,2016-11-06,Female,2024-04-13,1,Reduced,1,0,No IEP,35,0.68
7576,19,Kendrick,Martinez,2011-11-16,Other,2023-10-30,1,Reduced,0,0,No IEP,91,0.91
7577,19,Noah,Brown,2011-09-20,Other,2022-12-12,1,Free,1,0,No IEP,92,0.54
7578,19,Jordan,Johnson,2014-06-05,Female,2022-07-14,1,Full Price,0,0,No IEP,72,0.92
7579,19,Noah,Lee,2015-06-06,Female,2022-08-23,1,Reduced,0,0,No IEP,77,0.92
7580,19,Dakota,Lee,2014-02-19,Female,2023-05-13,1,Reduced,0,0,No IEP,92,0.93
7581,19,Kendrick,Miller,2016-09-09,Other,2023-08-13,1,Full Price,0,0,No IEP,105,0.93
7582,19,Morgan,Smith,2015-12-26,Other,2022-09-07,1,Full Price,0,0,No IEP,34,0.94
7583,19,Jordan,Garcia,2008-06-28,Male,2023-12-11,1,Full Price,0,0,No IEP,95,0.9
7584,19,Parker,Brown,2018-03-21,Other,2023-11-03,1,Reduced,0,1,No IEP,43,0.66
7585,19,Noah,Jones,2013-05-23,Male,2023-03-06,1,Reduced,0,0,No IEP,20,0.51
7586,19,Isaiah,Williams,2011-10-15,Female,2024-02-28,1,Full Price,0,0,No IEP,70,0.94
7587,19,Isaiah,Walker,2018-09-25,Female,2024-01-04,1,Free,0,0,No IEP,70,0.51
7588,19,Gabriel,Martinez,2013-06-24,Male,2022-12-22,0,Reduced,0,0,No IEP,78,0.88
7589,19,Bailey,Martinez,2013-08-08,Other,2023-11-29,1,Reduced,0,0,No IEP,74,0.93
7590,19,Harper,Allen,2013-09-24,Male,2023-01-02,1,Free,0,0,No IEP,15,0.94
7591,19,Oliver,Smith,2011-11-25,Male,2022-10-12,1,Reduced,0,0,Current IEP,42,0.72
7592,19,Parker,Martinez,2019-10-15,Other,2023-06-23,0,Free,0,0,Current IEP,58,0.62
7593,19,Finley,Rodriguez,2006-03-25,Male,2023-01-02,0,Reduced,0,0,Current IEP,77,0.89
7594,19,Finley,Jones,2011-11-04,Female,2023-03-20,1,Full Price,0,0,No IEP,57,0.97
7595,19,Logan,Martinez,2008-09-26,Female,2023-07-30,1,Full Price,0,1,No IEP,55,0.82
7596,19,Logan,Davis,2011-11-03,Female,2023-11-17,1,Free,0,0,No IEP,65,0.88
7597,19,Harper,Rodriguez,2020-04-14,Other,2022-09-03,1,Free,0,0,No IEP,88,0.96
7598,19,Kendrick,Garcia,2013-03-16,Female,2024-04-15,1,Free,0,0,Current IEP,82,0.76
7599,19,Morgan,Williams,2014-06-12,Other,2023-07-22,1,Free,1,1,No IEP,89,0.61
7600,19,Harper,Brown,2012-12-13,Male,2022-10-25,1,Reduced,0,0,No IEP,72,0.75
7601,19,Bailey,Jones,2020-05-14,Male,2024-03-26,1,Full Price,0,0,No IEP,90,0.84
7602,19,Gabriel,Young,2009-08-09,Other,2023-01-18,1,Reduced,0,0,No IEP,55,0.73
7603,19,Gabriel,Martinez,2018-12-03,Male,2022-11-04,1,Reduced,0,0,No IEP,83,0.96
7604,19,Kendrick,Hall,2012-08-15,Female,2023-11-27,1,Reduced,0,0,No IEP,76,0.94
7605,19,Casey,Walker,2008-03-12,Other,2023-10-11,1,Free,0,0,No IEP,46,0.79
7606,19,Isaiah,Rodriguez,2017-02-06,Male,2024-01-16,1,Free,1,0,No IEP,62,0.92
7607,19,Noah,Martinez,2016-07-18,Other,2022-11-21,1,Full Price,0,0,No IEP,97,0.9
7608,19,Dakota,Davis,2015-02-25,Other,2023-01-24,1,Free,0,0,No IEP,80,0.76
7609,19,Harper,Brown,2018-09-06,Male,2023-01-25,1,Reduced,0,1,No IEP,33,0.54
7610,19,Noah,Allen,2015-03-12,Female,2023-03-02,1,Free,0,0,No IEP,102,0.94
7611,19,Jordan,Davis,2012-08-23,Female,2022-10-06,1,Full Price,0,0,No IEP,66,0.96
7612,19,Casey,Rodriguez,2017-04-03,Female,2022-07-15,1,Free,1,1,No IEP,69,0.95
7613,19,Kendrick,Lee,2006-02-20,Male,2023-06-19,0,Reduced,1,0,No IEP,104,0.96
7614,19,Eden,Martinez,2014-10-07,Male,2022-09-11,1,Full Price,1,0,No IEP,99,0.92
7615,19,Alex,Garcia,2016-02-09,Other,2022-12-29,1,Reduced,1,0,No IEP,62,0.97
7616,19,Logan,Martinez,2013-12-28,Other,2022-09-25,1,Free,0,0,No IEP,67,0.78
7617,19,Eden,Brown,2015-06-01,Male,2023-12-07,1,Free,0,0,No IEP,55,0.63
7618,19,Gabriel,Williams,2018-04-15,Female,2024-02-01,1,Full Price,0,0,No IEP,88,0.97
7619,19,Oliver,Smith,2018-03-10,Female,2023-08-15,1,Reduced,0,0,No IEP,68,0.96
7620,19,Gabriel,Smith,2007-08-20,Male,2024-01-31,1,Full Price,1,0,No IEP,84,0.93
7621,19,Parker,Walker,2007-08-02,Female,2022-07-31,1,Free,0,0,Current IEP,71,0.67
7622,19,Noah,Miller,2014-08-01,Male,2023-03-23,1,Free,0,0,No IEP,61,0.79
7623,19,Logan,Young,2013-10-28,Other,2023-02-24,1,Free,0,0,No IEP,92,0.94
7624,19,Jordan,Lee,2018-05-14,Male,2023-09-22,1,Reduced,1,0,No IEP,47,0.96
7625,19,Gabriel,Brown,2019-06-25,Other,2023-12-13,1,Reduced,0,1,No IEP,91,0.94
7626,19,Eden,Martinez,2015-10-14,Other,2023-11-15,1,Reduced,0,0,No IEP,66,0.71
7627,19,Casey,Hall,2009-07-12,Other,2023-12-31,1,Free,1,0,No IEP,51,0.79
7628,19,Kendrick,Lee,2009-07-04,Male,2023-12-16,1,Full Price,0,0,No IEP,102,0.89
7629,19,Logan,Hall,2008-01-05,Male,2023-03-18,1,Reduced,0,0,No IEP,56,0.77
7630,19,Noah,Rodriguez,2019-08-16,Male,2022-10-28,1,Reduced,0,0,No IEP,83,0.9
7631,19,Isaiah,Jones,2009-01-12,Other,2022-12-31,1,Reduced,0,0,Current IEP,72,0.91
7632,19,Finley,Johnson,2008-05-08,Female,2022-11-15,1,Free,0,0,No IEP,101,0.97
7633,19,Parker,Rodriguez,2010-05-05,Male,2023-02-13,1,Free,0,0,Current IEP,43,0.72
7634,19,Oliver,Rodriguez,2010-07-07,Male,2024-05-12,1,Free,0,0,No IEP,89,0.81
7635,19,Alex,Allen,2019-07-15,Male,2023-02-16,1,Reduced,0,0,Current IEP,68,0.84
7636,19,Gabriel,Smith,2015-06-17,Female,2023-10-14,1,Free,0,0,No IEP,79,0.91
7637,19,Bailey,Lee,2017-08-28,Male,2023-03-24,1,Free,0,0,No IEP,38,0.55
7638,19,Logan,Smith,2019-03-13,Male,2022-06-28,1,Free,0,0,No IEP,75,0.74
7639,19,Jordan,Lee,2016-04-05,Male,2023-09-06,1,Reduced,0,0,Current IEP,87,0.97
7640,19,Logan,Garcia,2012-07-24,Female,2023-04-23,0,Reduced,1,0,No IEP,94,0.95
7641,19,Isaiah,Williams,2016-09-22,Male,2022-11-17,1,Free,0,0,No IEP,57,0.91
7642,19,Kendrick,Brown,2007-09-08,Female,2022-11-19,1,Reduced,0,0,No IEP,40,0.55
7643,19,Parker,White,2006-06-21,Male,2024-05-09,1,Full Price,0,0,No IEP,55,0.85
7644,19,Noah,Miller,2016-10-16,Female,2024-05-12,1,Full Price,0,0,No IEP,53,0.77
7645,19,Gabriel,Walker,2019-05-07,Male,2023-07-23,1,Full Price,0,0,No IEP,43,0.89
7646,19,Bailey,Rodriguez,2013-05-27,Male,2023-02-27,1,Reduced,1,0,No IEP,86,0.91
7647,19,Logan,Lee,2006-09-21,Female,2022-12-23,1,Free,0,0,No IEP,47,0.75
7648,19,Eden,Walker,2019-03-19,Male,2023-07-31,1,Free,0,0,No IEP,16,0.83
7649,19,Casey,Brown,2016-02-28,Female,2023-12-02,1,Free,0,0,No IEP,95,0.97
7650,19,Parker,Martinez,2006-09-14,Other,2023-02-05,1,Reduced,0,0,No IEP,16,0.92
7651,19,Kendrick,Jones,2019-04-28,Other,2023-01-06,1,Free,0,0,Current IEP,78,0.89
7652,19,Parker,Allen,2013-05-26,Male,2024-01-09,1,Free,0,0,No IEP,94,0.88
7653,19,Oliver,Rodriguez,2017-02-13,Other,2023-10-22,1,Reduced,1,0,Current IEP,56,0.83
7654,19,Isaiah,Lee,2012-10-25,Other,2024-01-31,1,Free,0,0,No IEP,33,0.56
7655,19,Bailey,Martinez,2012-08-01,Other,2023-08-05,1,Reduced,0,1,No IEP,98,0.73
7656,19,Logan,Allen,2016-09-05,Female,2024-01-03,1,Full Price,0,0,No IEP,71,0.77
7657,19,Eden,Young,2009-07-15,Other,2024-01-19,1,Free,0,0,No IEP,52,0.83
7658,19,Logan,Rodriguez,2012-05-22,Other,2024-01-03,1,Free,0,0,No IEP,47,0.83
7659,19,Finley,Young,2016-02-26,Male,2022-10-30,1,Full Price,0,0,No IEP,70,0.93
7660,19,Finley,Smith,2014-09-08,Other,2023-07-14,1,Free,1,0,No IEP,82,0.88
7661,19,Jordan,Smith,2019-09-28,Other,2023-11-25,1,Free,0,0,No IEP,85,0.96
7662,19,Oliver,Rodriguez,2006-02-15,Other,2022-07-01,1,Free,0,1,No IEP,46,0.96
7663,19,Oliver,Rodriguez,2008-03-02,Female,2022-09-26,1,Full Price,0,0,No IEP,45,0.84
7664,19,Kendrick,Rodriguez,2006-11-20,Female,2022-07-27,1,Reduced,0,0,No IEP,36,0.61
7665,19,Dakota,Young,2017-07-26,Female,2023-08-14,1,Full Price,0,0,No IEP,19,0.84
7666,19,Kendrick,Miller,2017-10-08,Other,2024-05-11,1,Free,0,0,No IEP,89,0.9
7667,19,Morgan,Davis,2012-06-21,Other,2023-12-31,1,Reduced,1,1,Evaluation Pending,58,0.91
7668,19,Eden,Williams,2007-08-23,Female,2024-03-31,1,Free,0,1,No IEP,96,0.94
7669,19,Oliver,Smith,2015-12-06,Other,2023-09-04,0,Free,0,0,No IEP,74,0.94
7670,19,Logan,Young,2010-05-07,Other,2023-01-05,1,Full Price,0,0,No IEP,96,0.97
7671,19,Alex,White,2010-05-03,Female,2023-12-10,1,Free,0,0,No IEP,53,0.97
7672,19,Alex,Garcia,2012-01-17,Female,2024-01-09,1,Reduced,0,0,No IEP,97,0.92
7673,19,Isaiah,Johnson,2019-01-25,Female,2023-05-24,1,Full Price,0,0,No IEP,81,0.92
7674,19,Alex,White,2018-12-18,Female,2022-07-10,1,Free,0,0,No IEP,53,0.94
7675,19,Logan,Lee,2014-05-26,Other,2023-10-19,1,Free,0,0,No IEP,59,0.59
7676,19,Bailey,Jones,2011-06-06,Other,2022-12-07,1,Full Price,0,0,No IEP,42,0.93
7677,19,Morgan,Martinez,2011-06-10,Male,2024-03-16,1,Free,0,0,No IEP,70,0.95
7678,19,Bailey,Brown,2015-12-06,Female,2022-12-07,1,Free,0,0,No IEP,76,0.93
7679,19,Alex,Rodriguez,2014-01-06,Male,2024-01-08,1,Free,0,0,No IEP,67,0.92
7680,19,Parker,Davis,2012-07-17,Female,2023-08-14,1,Free,0,0,No IEP,56,0.55
7681,19,Alex,Smith,2016-04-26,Female,2023-02-23,1,Full Price,0,0,No IEP,63,0.79
7682,19,Alex,Brown,2013-08-28,Other,2023-02-05,1,Free,0,0,No IEP,52,0.96
7683,19,Dakota,Jones,2008-02-21,Female,2023-04-12,0,Full Price,0,0,No IEP,78,0.91
7684,19,Alex,Williams,2020-12-16,Female,2023-11-03,1,Reduced,0,0,No IEP,106,0.96
7685,19,Noah,White,2016-02-14,Other,2022-11-06,1,Free,0,0,No IEP,101,0.89
7686,19,Jordan,Rodriguez,2019-11-03,Male,2022-12-09,1,Reduced,1,0,No IEP,83,0.88
7687,19,Eden,Hall,2014-02-01,Male,2023-01-05,1,Reduced,0,0,No IEP,45,0.94
7688,19,Casey,Allen,2011-09-20,Male,2024-05-22,1,Free,0,0,No IEP,97,0.82
7689,19,Isaiah,Young,2008-05-08,Other,2023-01-15,1,Free,0,0,Evaluation Pending,66,0.66
7690,19,Harper,Johnson,2015-06-16,Other,2023-11-17,1,Reduced,0,0,No IEP,70,0.6
7691,19,Logan,Williams,2016-03-19,Female,2024-01-27,1,Reduced,0,0,No IEP,77,0.9
7692,19,Noah,Smith,2015-01-02,Other,2023-09-07,1,Free,0,0,No IEP,40,0.59
7693,19,Alex,Johnson,2015-04-06,Female,2023-01-25,1,Free,1,0,No IEP,65,0.98
7694,19,Alex,White,2017-09-11,Other,2024-01-13,1,Reduced,0,0,Current IEP,79,0.8
7695,19,Morgan,Hall,2008-03-06,Female,2023-08-25,1,Free,0,0,No IEP,57,0.77
7696,19,Alex,Allen,2020-02-02,Female,2022-10-27,0,Full Price,0,0,No IEP,68,0.9
7697,19,Bailey,Rodriguez,2015-10-23,Other,2024-01-09,1,Free,0,0,No IEP,53,0.95
7698,19,Bailey,White,2010-04-12,Other,2023-01-11,1,Full Price,0,0,No IEP,78,0.88
7699,19,Eden,Davis,2020-03-02,Male,2023-01-30,1,Reduced,0,0,No IEP,86,0.98
7700,19,Gabriel,Smith,2017-07-12,Male,2023-12-05,0,Free,0,0,No IEP,71,0.91
7701,19,Jordan,Smith,2006-04-18,Other,2023-06-16,1,Reduced,0,0,No IEP,79,0.91
7702,19,Gabriel,Allen,2012-02-14,Other,2024-04-10,1,Full Price,0,0,No IEP,67,0.9
7703,19,Jordan,Martinez,2009-03-03,Other,2023-06-28,1,Full Price,0,0,No IEP,57,0.97
7704,19,Casey,Rodriguez,2008-04-07,Other,2022-11-29,0,Reduced,0,1,No IEP,70,0.84
7705,19,Morgan,Davis,2011-05-05,Other,2023-02-28,1,Full Price,0,0,No IEP,65,0.97
7706,19,Morgan,White,2020-03-13,Female,2023-06-21,1,Full Price,0,0,No IEP,73,0.98
7707,19,Gabriel,Johnson,2009-10-26,Female,2022-11-02,1,Reduced,0,0,No IEP,68,0.73
7708,19,Casey,Johnson,2016-08-23,Female,2024-03-12,1,Reduced,0,0,No IEP,73,0.89
7709,19,Parker,Lee,2011-03-18,Other,2023-02-06,1,Free,1,0,No IEP,73,0.81
7710,19,Jordan,Walker,2020-12-27,Male,2022-07-17,1,Full Price,0,0,No IEP,104,0.91
7711,19,Jordan,Allen,2018-01-15,Male,2023-12-27,1,Reduced,0,1,No IEP,64,0.79
7712,19,Gabriel,Walker,2013-04-21,Other,2023-07-11,1,Free,1,0,No IEP,95,0.88
7713,19,Gabriel,Garcia,2012-12-12,Female,2023-08-25,1,Free,0,0,No IEP,85,0.94
7714,19,Oliver,Jones,2013-09-27,Other,2024-03-15,1,Free,0,0,No IEP,53,0.94
7715,19,Alex,Brown,2014-07-14,Female,2023-01-23,1,Full Price,0,0,No IEP,100,0.81
7716,19,Gabriel,Martinez,2007-09-27,Other,2023-05-03,1,Full Price,0,0,No IEP,57,0.91
7717,19,Gabriel,Lee,2013-11-13,Male,2023-04-01,1,Full Price,0,0,No IEP,73,0.88
7718,19,Harper,White,2015-04-03,Female,2022-07-04,1,Reduced,0,0,No IEP,66,0.95
7719,19,Alex,Walker,2009-10-20,Male,2023-11-22,1,Reduced,0,1,No IEP,43,0.72
7720,19,Jordan,White,2009-06-09,Male,2023-04-14,1,Free,0,0,No IEP,32,0.94
7721,19,Jordan,Smith,2017-01-10,Male,2023-04-15,1,Free,0,0,No IEP,45,0.58
7722,19,Casey,Jones,2012-06-07,Female,2022-09-10,1,Free,0,0,No IEP,24,0.61
7723,19,Casey,Brown,2007-06-14,Female,2023-11-01,1,Free,0,0,No IEP,69,0.9
7724,19,Logan,Davis,2008-05-18,Male,2023-09-12,1,Full Price,0,0,No IEP,35,0.72
7725,19,Morgan,Davis,2009-02-26,Female,2023-05-14,1,Free,0,0,No IEP,76,0.98
7726,19,Noah,Johnson,2006-04-25,Male,2024-05-05,1,Free,0,0,Current IEP,79,0.75
7727,19,Isaiah,Hall,2019-07-22,Male,2024-05-10,1,Free,0,1,No IEP,91,0.94
7728,19,Parker,Allen,2015-06-13,Female,2024-01-17,1,Reduced,0,1,No IEP,60,0.76
7729,19,Harper,Brown,2015-09-28,Female,2022-07-27,1,Free,1,0,No IEP,45,0.66
7730,19,Eden,Miller,2008-12-03,Female,2023-01-26,1,Free,0,1,Current IEP,86,0.96
7731,19,Alex,Smith,2019-07-17,Female,2023-06-05,1,Full Price,0,0,No IEP,97,0.95
7732,19,Harper,Williams,2016-12-27,Other,2023-09-02,1,Reduced,0,0,No IEP,78,0.93
7733,19,Parker,Young,2017-11-08,Male,2022-09-15,1,Reduced,0,0,No IEP,37,0.93
7734,19,Jordan,Martinez,2011-05-09,Male,2024-03-04,1,Reduced,0,0,No IEP,29,0.84
7735,19,Parker,Jones,2009-07-09,Female,2024-04-28,1,Full Price,0,0,No IEP,57,0.77
7736,19,Dakota,Lee,2014-06-19,Other,2022-10-14,1,Full Price,0,0,No IEP,80,0.89
7737,19,Noah,Walker,2010-03-19,Other,2023-07-31,1,Free,0,0,No IEP,37,0.6
7738,19,Finley,Martinez,2015-03-28,Other,2023-05-21,0,Full Price,0,0,No IEP,77,0.95
7739,19,Morgan,Miller,2011-03-10,Female,2023-05-16,1,Free,0,0,No IEP,73,0.64
7740,19,Logan,Smith,2010-05-02,Other,2024-03-27,1,Reduced,0,0,No IEP,107,0.91
7741,19,Dakota,Miller,2020-05-06,Other,2022-12-15,1,Free,0,0,No IEP,83,0.92
7742,19,Logan,Garcia,2014-07-13,Other,2023-04-15,1,Reduced,0,1,No IEP,32,0.74
7743,19,Casey,Allen,2006-02-17,Other,2024-03-03,1,Reduced,0,0,No IEP,77,0.98
7744,19,Casey,Williams,2010-07-17,Male,2022-08-19,1,Reduced,0,0,No IEP,62,0.76
7745,19,Casey,Brown,2016-05-27,Female,2024-04-02,1,Free,1,0,Current IEP,31,0.69
7746,19,Eden,Jones,2009-10-22,Female,2022-12-05,1,Free,0,0,No IEP,76,0.94
7747,19,Finley,Williams,2014-11-24,Male,2023-05-19,1,Reduced,0,0,No IEP,30,0.81
7748,19,Parker,Martinez,2016-04-12,Female,2023-02-07,1,Reduced,0,1,No IEP,89,0.69
7749,19,Kendrick,Jones,2020-12-18,Male,2024-01-31,1,Full Price,1,0,No IEP,75,0.95
7750,19,Alex,Brown,2016-05-24,Female,2023-06-06,1,Full Price,0,0,No IEP,78,0.89
7751,19,Harper,Brown,2015-03-12,Other,2022-09-06,1,Reduced,1,1,No IEP,56,0.92
7752,19,Casey,Jones,2006-07-13,Male,2022-11-29,1,Free,0,0,No IEP,61,0.93
7753,19,Dakota,Brown,2015-07-12,Female,2023-06-17,1,Free,1,0,No IEP,45,0.57
7754,19,Alex,Miller,2016-06-04,Male,2023-12-08,1,Reduced,0,1,No IEP,89,0.92
7755,19,Eden,Miller,2020-04-06,Male,2023-09-13,1,Reduced,1,0,Current IEP,63,0.96
7756,19,Isaiah,White,2015-07-23,Female,2022-12-09,1,Free,0,0,No IEP,30,0.72
7757,19,Isaiah,Walker,2010-11-27,Male,2022-12-03,1,Free,0,0,No IEP,70,0.51
7758,19,Gabriel,Davis,2019-09-27,Female,2022-10-01,1,Free,0,0,No IEP,90,0.96
7759,19,Harper,Hall,2017-06-12,Other,2023-06-18,1,Reduced,0,0,Current IEP,56,0.77
7760,19,Parker,Rodriguez,2006-10-08,Female,2022-06-29,1,Reduced,0,0,No IEP,108,0.96
7761,19,Gabriel,Martinez,2010-06-20,Female,2022-06-24,1,Free,0,0,No IEP,25,0.84
7762,19,Dakota,Brown,2011-01-05,Female,2023-04-22,1,Full Price,0,0,No IEP,56,0.92
7763,19,Kendrick,Allen,2015-01-07,Female,2022-11-28,1,Full Price,0,0,No IEP,63,0.5
7764,19,Isaiah,Smith,2009-05-08,Male,2023-04-10,1,Full Price,0,0,No IEP,76,0.71
7765,19,Finley,Hall,2014-09-10,Female,2023-05-22,0,Full Price,0,0,Current IEP,73,0.92
7766,19,Kendrick,Young,2008-01-05,Male,2023-09-02,1,Reduced,0,0,No IEP,79,0.89
7767,19,Noah,Allen,2009-02-07,Other,2022-08-24,1,Reduced,0,0,No IEP,86,0.94
7768,19,Gabriel,Walker,2018-09-15,Female,2023-04-18,1,Free,0,1,No IEP,98,0.95
7769,19,Oliver,Jones,2007-01-24,Female,2024-05-03,1,Full Price,0,0,No IEP,56,0.72
7770,19,Finley,Allen,2012-09-16,Female,2022-11-22,1,Free,1,0,No IEP,48,0.52
7771,19,Parker,Hall,2016-01-19,Male,2022-09-21,1,Reduced,1,0,No IEP,86,0.95
7772,19,Morgan,Johnson,2006-01-28,Other,2023-11-21,1,Full Price,0,0,Current IEP,78,0.84
7773,19,Kendrick,Martinez,2012-10-04,Female,2023-04-28,1,Free,0,0,Current IEP,97,0.83
7774,19,Finley,Hall,2006-04-10,Male,2023-03-14,0,Full Price,0,0,No IEP,45,0.52
7775,19,Logan,Miller,2013-02-10,Male,2023-07-14,1,Reduced,0,0,No IEP,44,0.8
7776,19,Isaiah,Miller,2014-06-26,Male,2023-11-01,1,Free,0,0,No IEP,91,0.77
7777,19,Oliver,Hall,2014-12-08,Female,2023-02-07,1,Full Price,0,0,No IEP,34,0.69
7778,20,Bailey,Johnson,2010-07-22,Female,2024-01-18,1,Full Price,1,0,No IEP,57,0.95
7779,20,Alex,Brown,2018-12-20,Male,2022-07-12,1,Reduced,0,0,No IEP,67,0.95
7780,20,Dakota,Jones,2019-08-28,Other,2022-08-31,1,Free,0,0,No IEP,24,0.53
7781,20,Bailey,Brown,2015-03-12,Other,2023-09-15,1,Free,0,0,No IEP,70,0.73
7782,20,Morgan,Lee,2013-06-04,Other,2022-12-05,1,Reduced,0,0,No IEP,69,0.81
7783,20,Finley,Johnson,2007-04-13,Male,2023-09-22,1,Free,0,0,No IEP,35,0.51
7784,20,Morgan,Jones,2017-06-16,Female,2023-07-29,1,Full Price,0,0,No IEP,75,0.96
7785,20,Kendrick,Allen,2014-08-10,Other,2023-11-01,1,Reduced,0,0,No IEP,39,0.59
7786,20,Bailey,Walker,2006-03-15,Male,2024-02-18,1,Free,0,1,No IEP,65,0.5
7787,20,Kendrick,Garcia,2009-10-28,Female,2023-08-25,1,Full Price,0,0,No IEP,69,0.9
7788,20,Eden,Hall,2018-03-27,Male,2023-11-10,1,Full Price,0,0,No IEP,55,0.96
7789,20,Oliver,Young,2013-02-05,Female,2023-12-08,1,Full Price,0,0,No IEP,64,0.93
7790,20,Kendrick,Miller,2020-06-10,Male,2024-04-12,1,Reduced,1,0,No IEP,96,0.96
7791,20,Jordan,White,2018-02-07,Male,2023-08-22,1,Full Price,0,0,Evaluation Pending,102,0.95
7792,20,Alex,Garcia,2009-05-11,Other,2024-04-16,1,Free,0,0,No IEP,21,0.64
7793,20,Isaiah,Garcia,2017-09-12,Female,2022-08-11,1,Reduced,0,0,No IEP,67,0.73
7794,20,Morgan,Allen,2019-03-19,Female,2022-12-15,1,Full Price,1,0,No IEP,66,0.76
7795,20,Kendrick,Davis,2012-12-21,Other,2024-05-19,1,Full Price,0,0,No IEP,78,0.94
7796,20,Morgan,Allen,2016-01-16,Male,2023-08-16,1,Full Price,0,0,No IEP,68,0.88
7797,20,Noah,Davis,2016-04-26,Other,2024-01-29,1,Reduced,0,0,No IEP,40,0.76
7798,20,Alex,Jones,2011-01-12,Other,2023-11-14,1,Reduced,0,0,No IEP,89,0.9
7799,20,Alex,Young,2010-09-14,Male,2023-06-03,1,Reduced,1,1,No IEP,61,0.58
7800,20,Eden,Hall,2011-03-22,Male,2023-06-01,1,Reduced,0,0,No IEP,52,0.83
7801,20,Morgan,White,2006-12-18,Male,2024-04-26,1,Full Price,0,0,No IEP,40,0.72
7802,20,Parker,Rodriguez,2018-10-26,Male,2023-12-02,1,Full Price,0,0,No IEP,67,0.95
7803,20,Oliver,Rodriguez,2020-03-06,Female,2023-08-21,0,Reduced,0,0,No IEP,92,0.94
7804,20,Gabriel,Walker,2016-05-16,Male,2023-06-09,0,Full Price,1,0,No IEP,66,0.88
7805,20,Harper,Brown,2017-02-03,Male,2022-07-16,1,Reduced,0,1,No IEP,87,0.91
7806,20,Casey,Jones,2018-04-17,Other,2023-06-15,1,Free,1,0,No IEP,56,0.76
7807,20,Morgan,Williams,2009-05-09,Female,2024-05-08,1,Free,1,0,No IEP,64,0.77
7808,20,Casey,Garcia,2008-11-06,Other,2024-01-30,1,Full Price,1,0,No IEP,97,0.77
7809,20,Oliver,Williams,2006-01-02,Male,2024-01-19,1,Reduced,0,0,No IEP,39,0.52
7810,20,Kendrick,Jones,2012-05-08,Other,2023-01-15,1,Reduced,0,0,No IEP,8,0.56
7811,20,Harper,Johnson,2006-06-17,Female,2024-05-21,1,Reduced,0,0,No IEP,74,0.94
7812,20,Gabriel,Young,2016-03-14,Male,2023-05-19,0,Free,0,0,No IEP,84,0.93
7813,20,Dakota,Martinez,2018-06-27,Female,2023-07-28,1,Reduced,1,1,No IEP,56,0.9
7814,20,Dakota,Rodriguez,2015-06-01,Male,2022-11-12,1,Reduced,0,0,No IEP,76,0.92
7815,20,Casey,Jones,2012-06-28,Male,2022-09-03,1,Reduced,0,0,No IEP,64,0.82
7816,20,Noah,Garcia,2014-05-09,Male,2023-05-13,1,Reduced,0,0,Current IEP,36,0.63
7817,20,Jordan,Davis,2019-01-02,Female,2022-07-18,1,Reduced,0,0,No IEP,49,0.77
7818,20,Finley,Smith,2011-03-27,Female,2022-10-29,1,Reduced,0,0,No IEP,33,0.76
7819,20,Kendrick,Miller,2014-08-21,Male,2024-04-23,1,Full Price,0,1,No IEP,61,0.97
7820,20,Dakota,Smith,2015-04-13,Other,2023-12-27,1,Free,0,0,No IEP,7,0.53
7821,20,Finley,Smith,2007-07-05,Male,2023-05-03,1,Free,0,1,No IEP,33,0.98
7822,20,Eden,Miller,2020-02-25,Male,2022-10-30,1,Full Price,0,0,Evaluation Pending,70,0.92
7823,20,Jordan,Brown,2011-01-20,Female,2022-11-14,1,Reduced,0,0,Current IEP,73,0.8
7824,20,Gabriel,Jones,2007-06-04,Female,2024-03-27,1,Reduced,0,0,No IEP,79,0.89
7825,20,Alex,Lee,2010-02-14,Other,2023-05-10,1,Full Price,0,0,No IEP,46,0.64
7826,20,Logan,Walker,2006-07-09,Female,2022-10-19,1,Free,0,0,No IEP,78,0.76
7827,20,Alex,Garcia,2019-06-17,Male,2023-07-17,1,Reduced,0,0,No IEP,91,0.63
7828,20,Alex,Rodriguez,2015-11-11,Other,2023-02-11,1,Free,0,0,No IEP,68,0.77
7829,20,Kendrick,Allen,2015-02-16,Other,2023-09-30,1,Full Price,0,0,No IEP,95,0.89
7830,20,Bailey,Davis,2009-10-07,Male,2023-08-25,1,Reduced,0,1,No IEP,47,0.74
7831,20,Finley,Walker,2018-08-27,Male,2022-08-13,1,Full Price,0,0,No IEP,106,0.94
7832,20,Bailey,Williams,2016-08-23,Female,2022-12-13,0,Reduced,0,0,No IEP,93,0.89
7833,20,Morgan,Lee,2012-05-03,Other,2023-07-11,1,Full Price,0,0,No IEP,55,0.93
7834,20,Parker,Garcia,2017-05-24,Male,2022-11-30,1,Free,0,0,No IEP,10,0.76
7835,20,Gabriel,Johnson,2014-11-17,Male,2022-07-15,1,Full Price,0,0,No IEP,81,0.79
7836,20,Kendrick,Martinez,2007-09-04,Male,2022-11-30,1,Reduced,0,0,No IEP,91,0.73
7837,20,Bailey,Lee,2006-09-05,Other,2022-11-11,1,Reduced,0,0,No IEP,26,0.94
7838,20,Bailey,White,2010-05-17,Other,2024-01-25,0,Free,0,0,No IEP,81,0.92
7839,20,Finley,Allen,2019-09-15,Male,2022-08-04,1,Full Price,0,0,No IEP,37,0.59
7840,20,Gabriel,Rodriguez,2018-02-07,Female,2023-05-22,1,Full Price,0,0,No IEP,40,0.97
7841,20,Noah,Martinez,2007-08-01,Other,2023-03-01,1,Reduced,0,0,No IEP,38,0.56
7842,20,Finley,Rodriguez,2012-01-26,Other,2023-01-25,1,Reduced,0,0,No IEP,75,0.71
7843,20,Isaiah,Lee,2019-01-18,Female,2023-04-22,1,Full Price,0,0,No IEP,61,0.89
7844,20,Isaiah,Davis,2011-10-24,Male,2024-02-21,1,Reduced,0,0,No IEP,67,0.76
7845,20,Noah,Hall,2009-02-26,Male,2024-03-11,1,Free,0,0,No IEP,69,0.64
7846,20,Oliver,Smith,2009-04-28,Other,2023-06-03,1,Reduced,0,0,No IEP,70,0.93
7847,20,Dakota,Garcia,2013-12-20,Female,2023-04-01,1,Reduced,1,0,No IEP,74,0.81
7848,20,Bailey,Jones,2017-12-16,Other,2022-09-24,1,Reduced,0,0,No IEP,43,0.88
7849,20,Finley,Miller,2012-03-24,Male,2023-09-29,1,Free,0,0,No IEP,14,0.9
7850,20,Noah,Rodriguez,2017-02-26,Male,2023-03-29,1,Free,0,0,No IEP,68,0.93
7851,20,Harper,Young,2016-01-08,Male,2023-04-02,1,Reduced,0,0,No IEP,31,0.51
7852,20,Morgan,Brown,2012-07-06,Male,2022-08-11,1,Free,0,0,No IEP,86,0.75
7853,20,Casey,Hall,2011-10-23,Female,2023-01-26,1,Free,0,0,No IEP,41,0.88
7854,20,Bailey,Davis,2007-11-10,Female,2023-08-02,1,Free,0,0,No IEP,28,0.57
7855,20,Gabriel,Young,2010-02-13,Female,2022-06-28,1,Free,0,0,No IEP,64,0.73
7856,20,Isaiah,Smith,2009-12-25,Female,2022-08-11,1,Free,1,0,No IEP,60,0.89
7857,20,Bailey,Young,2010-10-05,Other,2022-11-24,1,Reduced,1,0,No IEP,87,0.89
7858,20,Alex,White,2020-06-03,Female,2022-10-10,0,Full Price,0,1,No IEP,80,0.9
7859,20,Noah,Lee,2020-04-28,Other,2022-10-01,1,Full Price,0,0,No IEP,49,0.58
7860,20,Isaiah,Williams,2007-09-06,Female,2022-10-20,1,Free,0,0,No IEP,60,0.89
7861,20,Jordan,Davis,2018-11-02,Female,2023-08-12,1,Free,0,0,Current IEP,51,0.7
7862,20,Finley,Young,2014-10-20,Female,2024-03-21,1,Free,0,0,No IEP,82,0.94
7863,20,Gabriel,Jones,2020-06-23,Male,2022-10-28,1,Reduced,0,0,No IEP,60,0.89
7864,20,Harper,Davis,2015-11-19,Male,2024-05-20,1,Full Price,0,0,No IEP,44,0.7
7865,20,Gabriel,Walker,2014-03-04,Male,2024-05-02,1,Free,1,1,No IEP,85,0.9
7866,20,Casey,Williams,2012-06-19,Other,2023-09-18,1,Free,0,0,No IEP,42,0.7
7867,20,Casey,Martinez,2010-02-23,Female,2024-05-14,1,Reduced,0,0,No IEP,68,0.93
7868,20,Dakota,Allen,2011-10-22,Male,2022-09-03,1,Free,0,0,No IEP,64,0.89
7869,20,Jordan,Smith,2015-02-13,Female,2023-11-17,1,Free,0,0,No IEP,77,0.92
7870,20,Oliver,Walker,2014-08-08,Other,2024-05-06,1,Free,0,0,No IEP,32,0.85
7871,20,Logan,Johnson,2010-08-11,Other,2023-04-15,1,Free,0,0,No IEP,64,0.92
7872,20,Alex,Hall,2014-03-03,Other,2023-12-24,1,Reduced,0,0,No IEP,64,0.88
7873,20,Morgan,Brown,2016-12-11,Female,2022-10-09,1,Full Price,0,0,No IEP,92,0.89
7874,20,Jordan,Smith,2012-02-04,Male,2022-07-28,1,Reduced,1,0,No IEP,68,0.71
7875,20,Noah,Hall,2019-08-08,Other,2023-09-18,1,Free,0,1,No IEP,108,0.95
7876,20,Morgan,Smith,2010-01-10,Female,2022-07-24,1,Reduced,0,0,No IEP,89,0.78
7877,20,Eden,Rodriguez,2013-07-18,Female,2023-11-17,1,Free,0,1,No IEP,50,0.9
7878,20,Alex,Miller,2013-01-10,Male,2023-09-09,1,Free,0,0,No IEP,59,0.91
7879,20,Isaiah,Johnson,2006-11-07,Other,2024-03-29,1,Free,0,0,No IEP,73,0.92
7880,20,Jordan,Miller,2019-11-10,Other,2022-07-09,1,Full Price,1,0,No IEP,75,0.78
7881,20,Parker,White,2018-10-21,Other,2024-02-27,1,Full Price,0,0,No IEP,70,0.94
7882,20,Gabriel,Smith,2007-12-02,Female,2022-10-28,1,Free,0,0,No IEP,55,0.81
7883,20,Finley,Brown,2020-01-18,Male,2024-02-21,1,Full Price,0,0,No IEP,79,0.89
7884,20,Jordan,Williams,2020-09-26,Female,2022-12-03,1,Free,0,0,No IEP,25,0.75
7885,20,Finley,Johnson,2017-02-10,Female,2024-04-17,1,Full Price,0,0,No IEP,66,0.82
7886,20,Noah,Young,2019-04-07,Female,2022-09-04,1,Full Price,0,0,No IEP,98,0.94
7887,20,Bailey,Walker,2020-02-28,Male,2023-03-30,0,Free,1,0,No IEP,36,0.73
7888,20,Noah,Williams,2011-01-28,Other,2024-02-13,1,Full Price,1,0,No IEP,52,0.97
7889,20,Finley,Rodriguez,2011-10-27,Female,2024-04-22,1,Free,0,0,No IEP,62,0.57
7890,20,Parker,Garcia,2017-10-16,Female,2022-07-10,0,Reduced,1,0,No IEP,93,0.95
7891,20,Gabriel,Smith,2011-07-12,Other,2024-04-12,1,Free,0,0,No IEP,70,0.93
7892,20,Kendrick,Allen,2014-01-03,Female,2023-11-20,1,Reduced,0,0,No IEP,90,0.94
7893,20,Eden,Allen,2012-04-01,Other,2023-12-26,1,Reduced,0,0,No IEP,93,0.88
7894,20,Logan,Lee,2012-10-08,Other,2023-07-10,1,Reduced,0,0,No IEP,16,0.93
7895,20,Morgan,Garcia,2012-12-23,Other,2023-10-22,1,Reduced,0,0,No IEP,54,0.9
7896,20,Morgan,Davis,2020-05-09,Other,2023-12-16,1,Reduced,0,0,No IEP,80,0.72
7897,20,Jordan,Williams,2009-08-07,Male,2024-04-30,1,Reduced,1,0,No IEP,65,0.84
7898,20,Eden,Martinez,2017-10-05,Male,2023-06-10,1,Free,0,0,Current IEP,41,0.95
7899,20,Morgan,Brown,2010-08-20,Other,2022-11-09,1,Full Price,0,0,No IEP,52,0.91
7900,20,Oliver,White,2017-02-02,Female,2024-01-10,1,Free,0,0,Evaluation Pending,68,0.66
7901,20,Morgan,Walker,2018-11-27,Other,2022-07-10,1,Free,0,0,No IEP,78,0.97
7902,20,Isaiah,Miller,2016-11-13,Male,2024-01-26,1,Full Price,0,0,No IEP,43,0.9
7903,20,Morgan,Williams,2019-04-17,Female,2022-10-04,1,Reduced,0,0,No IEP,61,0.76
7904,20,Dakota,Garcia,2011-06-09,Male,2023-03-14,1,Reduced,0,0,No IEP,91,0.9
7905,20,Kendrick,Smith,2012-06-15,Male,2023-10-13,1,Free,0,1,No IEP,74,0.77
7906,20,Morgan,Young,2020-01-22,Female,2024-03-27,1,Free,0,0,No IEP,100,0.98
7907,20,Parker,Miller,2010-01-20,Female,2023-04-27,1,Reduced,1,0,No IEP,34,0.98
7908,20,Isaiah,Martinez,2019-06-28,Female,2023-04-15,1,Reduced,0,0,No IEP,73,0.9
7909,20,Finley,Walker,2014-02-13,Female,2024-02-15,1,Reduced,0,0,No IEP,64,0.95
7910,20,Logan,Davis,2014-09-06,Other,2022-08-20,1,Full Price,0,0,No IEP,18,0.8
7911,20,Eden,Brown,2016-06-28,Male,2024-05-23,1,Free,0,0,No IEP,76,0.91
7912,20,Noah,Davis,2015-01-10,Male,2022-07-06,1,Reduced,0,0,No IEP,75,0.8
7913,20,Alex,Lee,2020-07-15,Other,2023-08-29,1,Reduced,0,0,No IEP,49,0.84
7914,20,Dakota,Young,2015-05-15,Male,2024-01-13,1,Free,1,0,No IEP,51,0.76
7915,20,Parker,Hall,2017-01-06,Female,2023-12-24,1,Reduced,0,0,No IEP,38,0.69
7916,20,Oliver,Martinez,2013-10-01,Female,2024-01-05,1,Reduced,0,0,No IEP,65,0.94
7917,20,Noah,Jones,2010-04-03,Other,2023-10-02,1,Free,0,0,No IEP,15,0.73
7918,20,Parker,Garcia,2018-09-20,Other,2023-03-05,1,Free,0,0,No IEP,30,0.97
7919,20,Finley,Davis,2018-08-24,Male,2023-11-17,1,Full Price,0,0,No IEP,50,0.94
7920,20,Harper,Johnson,2018-04-18,Female,2023-05-24,1,Reduced,0,0,No IEP,66,0.98
7921,20,Jordan,Allen,2011-09-19,Male,2024-04-23,1,Full Price,0,0,No IEP,83,0.79
7922,20,Eden,Johnson,2014-11-25,Other,2023-07-15,1,Free,0,0,No IEP,54,0.65
7923,20,Gabriel,Hall,2014-03-22,Other,2023-09-23,1,Free,0,0,No IEP,89,0.77
7924,20,Alex,Allen,2014-07-20,Female,2024-01-24,1,Reduced,0,1,No IEP,72,0.79
7925,20,Oliver,Young,2010-11-08,Other,2022-12-29,1,Full Price,0,0,Current IEP,97,0.98
7926,20,Morgan,Johnson,2016-02-25,Other,2023-06-20,1,Free,0,0,No IEP,98,0.97
7927,20,Alex,Lee,2019-02-09,Male,2022-09-17,1,Free,0,0,No IEP,92,0.63
7928,20,Noah,Williams,2018-08-01,Other,2022-08-21,1,Full Price,0,0,No IEP,68,0.72
7929,20,Isaiah,Jones,2009-04-10,Other,2022-12-06,1,Reduced,0,1,No IEP,83,0.92
7930,20,Morgan,Johnson,2018-11-09,Male,2023-03-19,1,Reduced,0,0,Current IEP,67,0.78
7931,20,Dakota,Williams,2008-01-06,Other,2023-04-04,1,Free,0,0,No IEP,77,0.8
7932,20,Isaiah,Martinez,2009-12-19,Female,2022-09-30,1,Reduced,0,1,No IEP,87,0.9
7933,20,Finley,Jones,2007-02-28,Other,2024-01-15,1,Free,0,0,No IEP,72,0.71
7934,20,Parker,Brown,2018-03-03,Other,2023-10-12,1,Free,0,0,No IEP,69,0.59
7935,20,Morgan,Davis,2014-01-21,Female,2023-03-06,1,Free,0,0,No IEP,87,0.71
7936,20,Casey,Lee,2010-06-18,Female,2024-01-25,1,Reduced,1,0,No IEP,33,0.53
7937,20,Alex,Smith,2014-04-13,Male,2023-01-18,1,Reduced,0,0,No IEP,79,0.94
7938,20,Bailey,Williams,2011-06-05,Female,2023-09-18,1,Free,0,0,No IEP,25,0.59
7939,20,Alex,Smith,2011-03-10,Female,2022-07-04,1,Full Price,0,0,No IEP,107,0.97
7940,20,Dakota,Jones,2020-09-15,Male,2023-01-21,1,Full Price,0,1,No IEP,89,0.91
7941,20,Finley,Brown,2015-06-04,Other,2023-09-11,1,Free,0,0,No IEP,52,0.72
7942,20,Isaiah,Smith,2019-09-22,Other,2023-09-05,1,Reduced,0,0,No IEP,106,0.91
7943,20,Noah,Davis,2019-02-17,Female,2024-05-13,1,Free,0,0,No IEP,61,0.92
7944,20,Dakota,Williams,2016-12-19,Male,2022-11-02,1,Free,1,0,No IEP,46,0.66
7945,20,Bailey,Rodriguez,2011-06-12,Female,2024-02-15,1,Free,0,0,No IEP,96,0.98
7946,20,Oliver,Lee,2013-01-09,Female,2023-07-12,1,Full Price,0,0,No IEP,55,0.91
7947,20,Harper,Hall,2019-07-11,Male,2022-10-11,1,Reduced,0,0,No IEP,44,0.76
7948,20,Harper,Brown,2011-10-20,Other,2023-01-06,1,Reduced,0,0,No IEP,13,0.68
7949,20,Gabriel,Hall,2011-12-02,Female,2023-02-02,1,Full Price,1,0,No IEP,10,0.83
7950,20,Bailey,Martinez,2011-03-12,Other,2024-05-24,1,Free,1,0,No IEP,68,0.93
7951,20,Parker,Johnson,2017-04-27,Female,2022-09-27,1,Full Price,0,0,No IEP,82,0.89
7952,20,Logan,Martinez,2010-02-10,Female,2024-01-08,1,Free,0,1,No IEP,42,0.51
7953,20,Alex,Martinez,2008-12-10,Female,2023-12-19,1,Free,0,1,No IEP,45,0.57
7954,20,Casey,Miller,2016-11-14,Other,2024-03-10,1,Full Price,0,0,No IEP,60,0.92
7955,20,Harper,Johnson,2014-04-09,Other,2023-04-23,1,Reduced,0,0,No IEP,23,0.73
7956,20,Isaiah,Smith,2013-04-20,Female,2023-04-13,1,Free,0,0,No IEP,101,0.57
7957,20,Gabriel,Hall,2010-03-14,Male,2022-08-05,1,Reduced,0,0,No IEP,88,0.93
7958,20,Logan,Walker,2019-09-10,Other,2022-09-11,1,Full Price,0,0,No IEP,10,0.77
7959,20,Casey,Lee,2016-05-05,Female,2024-03-07,1,Free,0,0,No IEP,33,0.82
7960,20,Bailey,Jones,2012-03-17,Male,2024-01-15,1,Full Price,1,0,Current IEP,67,0.75
7961,20,Casey,Rodriguez,2009-06-20,Male,2023-10-18,1,Full Price,0,0,No IEP,24,0.51
7962,20,Morgan,Williams,2006-03-08,Female,2024-02-29,1,Reduced,1,0,No IEP,98,0.79
7963,20,Eden,Allen,2018-03-17,Male,2023-01-30,1,Free,0,0,No IEP,71,0.91
7964,20,Oliver,White,2006-02-04,Male,2023-03-10,1,Free,0,0,No IEP,91,0.7
7965,20,Eden,Walker,2014-10-21,Female,2022-07-25,1,Free,0,0,No IEP,66,0.74
7966,20,Logan,White,2016-10-16,Male,2022-09-11,1,Full Price,0,0,No IEP,16,0.89
7967,20,Morgan,Martinez,2017-05-08,Other,2022-08-24,1,Full Price,1,0,No IEP,77,0.98
7968,20,Parker,Walker,2012-06-24,Male,2023-06-02,1,Reduced,0,0,No IEP,101,0.89
7969,20,Finley,Rodriguez,2009-06-16,Other,2024-04-24,1,Reduced,0,0,No IEP,69,0.95
7970,20,Oliver,Williams,2013-08-09,Male,2024-03-09,1,Free,1,0,No IEP,30,0.82
7971,20,Casey,Martinez,2010-01-08,Male,2023-10-02,1,Free,0,0,No IEP,81,0.93
7972,20,Dakota,Miller,2019-12-22,Female,2023-09-19,1,Free,0,0,No IEP,50,0.57
7973,20,Parker,Garcia,2011-10-23,Male,2023-09-26,1,Reduced,0,0,Evaluation Pending,61,0.71
7974,20,Bailey,Martinez,2012-08-18,Female,2024-02-23,1,Free,0,0,No IEP,40,0.92
7975,20,Bailey,Rodriguez,2018-10-02,Male,2024-05-18,1,Free,0,0,No IEP,76,0.93
7976,20,Logan,Walker,2007-07-15,Female,2023-02-15,1,Free,0,0,No IEP,92,0.84
7977,20,Morgan,Miller,2020-08-25,Female,2022-09-02,1,Reduced,0,0,No IEP,50,0.88
7978,20,Finley,Williams,2008-05-02,Male,2024-02-09,1,Full Price,1,0,No IEP,83,0.92
7979,20,Eden,Young,2019-08-05,Other,2024-05-20,1,Reduced,0,0,No IEP,55,0.81
7980,20,Noah,Jones,2011-02-02,Female,2023-12-12,1,Reduced,0,0,No IEP,79,0.96
7981,20,Alex,Martinez,2014-06-23,Other,2022-07-27,1,Free,0,0,No IEP,66,0.9
7982,20,Noah,Hall,2010-05-26,Other,2022-08-06,1,Full Price,0,1,No IEP,85,0.98
7983,20,Finley,Garcia,2019-04-08,Male,2022-12-05,1,Reduced,0,0,No IEP,60,0.82
7984,20,Oliver,Lee,2010-01-06,Female,2024-03-07,1,Reduced,0,0,Current IEP,71,0.8
7985,20,Casey,Walker,2011-01-09,Female,2024-04-01,1,Free,0,0,No IEP,74,0.94
7986,20,Oliver,Garcia,2012-04-13,Male,2023-09-13,1,Reduced,0,1,No IEP,31,0.94
7987,20,Dakota,Jones,2016-08-27,Female,2024-03-16,0,Full Price,0,0,No IEP,34,0.92
7988,20,Dakota,Garcia,2013-07-25,Other,2023-01-16,1,Reduced,0,1,No IEP,30,0.81
7989,20,Isaiah,Walker,2008-08-24,Other,2023-11-08,1,Full Price,1,0,No IEP,69,0.73
7990,20,Eden,White,2019-09-14,Male,2022-08-13,0,Full Price,0,0,No IEP,85,0.92
7991,20,Isaiah,Brown,2010-07-28,Male,2023-09-11,1,Reduced,0,0,No IEP,40,0.73
7992,20,Dakota,Allen,2007-03-09,Other,2022-11-30,1,Reduced,0,0,No IEP,102,0.95
7993,20,Logan,Williams,2008-03-21,Male,2023-08-07,1,Free,0,0,No IEP,83,0.83
7994,20,Logan,Johnson,2013-03-08,Female,2022-08-23,1,Free,0,0,No IEP,38,0.74
7995,20,Parker,Williams,2009-07-25,Male,2022-08-09,1,Free,0,0,No IEP,67,0.95
7996,20,Alex,Young,2008-11-02,Male,2024-04-21,1,Free,0,0,No IEP,62,0.83
7997,20,Jordan,Garcia,2015-04-14,Other,2023-03-09,1,Reduced,1,0,No IEP,61,0.8
7998,20,Jordan,Miller,2013-05-02,Other,2023-07-13,1,Free,0,0,No IEP,39,0.66
7999,20,Gabriel,Rodriguez,2019-01-20,Female,2022-07-14,1,Reduced,0,1,No IEP,59,0.92
8000,20,Eden,Garcia,2015-03-08,Female,2022-10-07,1,Free,0,0,No IEP,64,0.9
8001,20,Finley,Jones,2018-04-09,Other,2023-06-25,1,Reduced,0,0,No IEP,53,0.8
8002,20,Kendrick,Rodriguez,2006-03-12,Other,2022-10-11,1,Full Price,0,0,No IEP,64,0.91
8003,20,Morgan,Johnson,2020-03-27,Male,2023-01-18,1,Full Price,0,0,No IEP,96,0.85
8004,20,Harper,Walker,2019-02-19,Other,2022-06-26,1,Reduced,0,0,No IEP,40,0.57
8005,20,Casey,Lee,2013-04-18,Female,2023-07-20,1,Reduced,1,0,No IEP,107,0.92
8006,20,Morgan,Lee,2008-10-16,Other,2022-08-14,1,Reduced,0,0,No IEP,71,0.88
8007,20,Alex,Smith,2017-04-28,Other,2024-05-13,1,Reduced,0,0,No IEP,45,0.7
8008,20,Jordan,Hall,2010-11-07,Female,2023-06-11,1,Free,0,0,No IEP,86,0.89
8009,20,Noah,Miller,2013-08-09,Male,2023-05-12,1,Free,0,0,No IEP,58,0.84
8010,20,Gabriel,Martinez,2010-10-16,Male,2022-07-26,1,Reduced,0,0,No IEP,89,0.94
8011,20,Bailey,Johnson,2012-05-09,Other,2023-02-05,1,Free,0,0,No IEP,40,0.66
8012,20,Alex,Miller,2006-04-18,Male,2023-01-06,1,Free,0,0,No IEP,98,0.97
8013,20,Gabriel,Walker,2009-09-26,Other,2024-01-24,1,Reduced,1,0,No IEP,103,0.94
8014,20,Parker,Brown,2013-06-08,Female,2024-03-25,1,Full Price,0,0,No IEP,79,0.97
8015,20,Morgan,Brown,2008-06-11,Male,2022-11-30,1,Reduced,0,0,No IEP,82,0.88
8016,20,Casey,Garcia,2020-10-01,Female,2023-02-05,1,Free,0,0,No IEP,31,0.79
8017,20,Eden,White,2020-07-20,Other,2023-12-08,1,Free,0,0,No IEP,56,0.82
8018,20,Dakota,Young,2016-04-18,Female,2023-10-24,1,Free,0,0,No IEP,106,0.95
8019,20,Isaiah,Martinez,2013-05-07,Other,2023-03-10,1,Free,0,0,No IEP,52,0.88
8020,20,Casey,Davis,2012-09-25,Other,2022-10-20,1,Free,0,0,No IEP,61,0.77
8021,20,Kendrick,Hall,2008-09-14,Female,2022-07-10,1,Free,0,0,Current IEP,68,0.9
8022,20,Bailey,Lee,2011-10-13,Male,2022-10-06,1,Free,0,0,No IEP,61,0.83
8023,20,Isaiah,White,2010-06-28,Female,2024-04-29,1,Full Price,0,0,Current IEP,91,0.93
8024,20,Oliver,Johnson,2010-03-21,Female,2023-03-27,1,Full Price,0,0,No IEP,60,0.9
8025,20,Harper,Garcia,2020-09-26,Other,2023-03-30,1,Reduced,0,0,No IEP,54,0.92
8026,20,Finley,Williams,2014-10-10,Male,2023-07-13,1,Reduced,0,1,No IEP,89,0.92
8027,20,Isaiah,Williams,2011-05-04,Male,2022-10-27,1,Reduced,0,0,No IEP,72,0.95
8028,20,Kendrick,Johnson,2011-01-06,Male,2023-10-22,0,Reduced,0,0,No IEP,74,0.56
8029,20,Dakota,Lee,2015-11-11,Male,2023-06-25,1,Full Price,0,0,No IEP,6,0.9
8030,20,Casey,Williams,2011-08-17,Female,2024-01-13,1,Free,1,0,Current IEP,79,0.92
8031,20,Finley,Garcia,2014-05-15,Other,2022-08-02,1,Full Price,0,0,No IEP,61,0.89
8032,20,Eden,Jones,2012-06-21,Other,2022-09-18,1,Free,0,0,No IEP,71,0.78
8033,20,Harper,White,2006-09-04,Other,2022-10-15,1,Free,0,0,Current IEP,90,0.92
8034,20,Casey,Davis,2009-01-14,Female,2023-10-23,1,Reduced,0,1,No IEP,63,0.7
8035,20,Bailey,Johnson,2006-10-28,Other,2022-10-17,0,Free,0,0,No IEP,91,0.93
8036,20,Alex,Young,2014-04-20,Female,2023-11-05,1,Full Price,0,0,No IEP,36,0.72
8037,20,Isaiah,Smith,2012-04-06,Male,2024-02-19,1,Reduced,1,0,No IEP,20,0.95
8038,20,Isaiah,White,2014-10-21,Female,2022-08-09,1,Free,0,0,No IEP,64,0.97
8039,20,Harper,Hall,2012-07-04,Female,2024-01-23,1,Full Price,0,0,No IEP,78,0.8
8040,20,Alex,Jones,2014-10-14,Male,2023-06-20,1,Reduced,0,0,No IEP,68,0.85
8041,20,Casey,Walker,2014-12-20,Male,2022-07-13,1,Free,0,0,No IEP,73,0.94
8042,20,Noah,Hall,2009-01-26,Other,2022-09-29,1,Reduced,0,0,No IEP,90,0.93
8043,20,Parker,Martinez,2014-07-13,Other,2023-05-29,1,Free,0,1,No IEP,96,0.94
8044,20,Bailey,Martinez,2017-01-09,Other,2022-11-30,1,Free,1,0,No IEP,65,0.89
8045,20,Parker,Smith,2011-07-24,Male,2022-09-13,1,Full Price,0,0,No IEP,58,0.75
8046,20,Kendrick,White,2018-10-05,Male,2023-11-11,1,Full Price,0,1,No IEP,76,0.91
8047,20,Dakota,White,2018-06-15,Other,2023-10-25,1,Full Price,0,0,Current IEP,30,0.96
8048,20,Parker,Jones,2014-10-15,Male,2024-02-19,1,Free,0,0,No IEP,66,0.94
8049,20,Noah,Hall,2009-09-05,Female,2023-12-25,1,Free,0,1,No IEP,99,0.78
8050,20,Eden,Hall,2013-06-25,Male,2023-09-05,0,Reduced,0,0,No IEP,52,0.94
8051,20,Jordan,Martinez,2016-08-11,Male,2024-04-05,1,Free,0,0,No IEP,57,0.76
8052,20,Casey,Johnson,2017-06-19,Male,2023-04-15,1,Full Price,0,0,No IEP,15,0.69
8053,20,Gabriel,Garcia,2020-09-23,Female,2023-12-10,1,Reduced,0,0,No IEP,66,0.96
8054,20,Oliver,Jones,2011-11-14,Male,2023-05-07,1,Reduced,0,1,No IEP,62,0.9
8055,20,Finley,Smith,2006-01-08,Female,2023-11-22,1,Free,0,0,No IEP,71,0.95
8056,20,Eden,Lee,2006-10-07,Female,2022-12-07,1,Free,0,1,No IEP,76,0.95
8057,20,Noah,Johnson,2017-06-28,Other,2023-01-03,1,Free,0,0,No IEP,77,0.9
8058,20,Finley,Brown,2008-02-13,Male,2024-04-21,1,Full Price,0,0,No IEP,54,0.84
8059,20,Eden,Lee,2011-01-02,Male,2024-03-07,1,Full Price,0,0,No IEP,51,0.77
8060,20,Logan,Hall,2013-04-28,Female,2024-02-01,1,Free,0,0,No IEP,61,0.88
8061,20,Dakota,Jones,2008-09-16,Male,2023-08-01,0,Free,0,0,No IEP,26,0.51
8062,20,Alex,Allen,2019-08-07,Female,2023-12-19,1,Reduced,0,0,No IEP,69,0.7
8063,20,Logan,Miller,2012-12-15,Other,2023-08-08,1,Free,0,0,No IEP,47,0.61
8064,20,Dakota,Jones,2015-01-05,Male,2023-01-16,1,Free,0,0,No IEP,103,0.93
8065,20,Kendrick,Hall,2007-02-21,Female,2023-04-12,1,Full Price,0,0,No IEP,53,0.95
8066,20,Logan,Young,2010-10-07,Female,2023-07-30,1,Full Price,0,0,No IEP,76,0.94
8067,20,Dakota,Walker,2018-10-27,Male,2022-11-02,1,Reduced,1,0,Current IEP,64,0.83
8068,20,Morgan,Jones,2019-12-28,Other,2023-08-27,1,Full Price,0,0,No IEP,46,0.84
8069,20,Parker,Davis,2019-10-06,Other,2023-06-07,1,Reduced,0,1,No IEP,90,0.98
8070,20,Kendrick,Lee,2012-12-17,Male,2023-04-29,1,Full Price,0,0,No IEP,34,0.97
8071,20,Oliver,Davis,2013-04-11,Other,2023-08-31,1,Reduced,0,0,No IEP,90,0.95
8072,20,Finley,Johnson,2010-10-20,Other,2024-04-28,1,Free,1,1,Current IEP,93,0.92
8073,20,Casey,Martinez,2009-07-28,Female,2023-02-09,1,Reduced,0,0,No IEP,108,0.76
8074,20,Finley,Brown,2019-09-23,Male,2023-08-01,1,Free,0,0,Current IEP,69,0.98
8075,20,Morgan,Miller,2017-11-04,Female,2022-10-06,1,Free,0,1,No IEP,73,0.92
8076,20,Kendrick,Brown,2016-03-02,Other,2022-09-30,1,Reduced,0,0,No IEP,85,0.93
8077,20,Eden,Young,2018-03-07,Other,2023-12-26,1,Reduced,1,0,No IEP,97,0.76
8078,20,Logan,Rodriguez,2008-11-17,Male,2022-08-17,1,Reduced,0,0,No IEP,75,0.98
8079,20,Eden,Rodriguez,2020-11-27,Female,2023-11-08,1,Free,0,1,Current IEP,52,0.95
8080,20,Noah,Johnson,2016-02-28,Other,2024-01-14,1,Reduced,0,0,Current IEP,84,0.96
8081,20,Oliver,Lee,2015-08-24,Female,2023-06-17,1,Free,0,0,Current IEP,69,0.85
8082,20,Kendrick,Jones,2016-02-11,Other,2023-08-04,1,Full Price,1,0,No IEP,42,0.8
8083,20,Casey,Martinez,2014-11-25,Male,2022-09-18,1,Full Price,0,1,Current IEP,71,0.71
8084,20,Oliver,Allen,2020-12-16,Male,2023-09-30,1,Free,0,0,No IEP,50,0.62
8085,20,Finley,Brown,2019-04-07,Other,2022-08-10,1,Full Price,0,0,No IEP,79,0.97
8086,20,Harper,Jones,2016-11-23,Male,2023-11-30,1,Free,0,0,No IEP,64,0.9
8087,20,Oliver,Allen,2008-08-07,Male,2023-10-25,1,Free,0,1,No IEP,88,0.98
8088,20,Kendrick,Davis,2012-07-08,Male,2022-11-13,1,Free,0,1,No IEP,75,0.95
8089,20,Eden,Jones,2006-09-23,Male,2024-01-01,1,Free,0,0,No IEP,74,0.92
8090,20,Oliver,Garcia,2018-07-01,Male,2023-11-23,1,Reduced,0,1,No IEP,85,0.84
8091,20,Noah,Brown,2010-02-18,Male,2024-01-27,1,Free,1,0,No IEP,52,0.81
8092,20,Dakota,Davis,2020-11-08,Female,2023-09-13,1,Reduced,0,0,No IEP,108,0.95
8093,20,Noah,Garcia,2020-11-22,Male,2022-10-17,1,Full Price,1,0,No IEP,50,0.75
8094,20,Oliver,White,2007-12-11,Male,2023-04-20,1,Free,0,0,No IEP,65,0.74
8095,20,Logan,White,2020-04-17,Male,2022-10-14,1,Full Price,0,0,No IEP,96,0.71
8096,20,Noah,Lee,2018-05-05,Male,2023-11-06,1,Free,0,0,No IEP,80,0.84
8097,20,Alex,Martinez,2007-12-04,Other,2023-07-18,1,Full Price,0,0,No IEP,76,0.84
8098,20,Gabriel,Williams,2016-05-07,Other,2022-07-23,1,Reduced,0,0,No IEP,85,0.88
8099,20,Gabriel,Miller,2018-04-26,Male,2023-04-03,1,Reduced,1,0,No IEP,78,0.88
8100,20,Casey,Jones,2006-10-21,Female,2023-01-13,1,Reduced,0,0,No IEP,98,0.9
8101,20,Eden,Hall,2007-03-27,Male,2022-08-16,1,Free,0,0,No IEP,66,0.9
8102,20,Alex,Lee,2007-01-18,Male,2023-12-22,1,Reduced,0,0,No IEP,73,0.91
8103,20,Gabriel,Williams,2009-03-19,Female,2023-03-04,0,Reduced,0,0,No IEP,79,0.97
8104,20,Morgan,Williams,2018-04-01,Other,2022-11-04,1,Free,0,1,No IEP,47,0.57
8105,20,Finley,Young,2008-02-02,Female,2023-05-31,1,Free,0,0,No IEP,85,0.96
8106,20,Harper,Johnson,2007-06-27,Female,2023-11-16,1,Full Price,0,0,No IEP,74,0.55
8107,20,Finley,Hall,2013-02-10,Female,2023-05-03,1,Full Price,0,1,No IEP,107,0.94
8108,20,Morgan,Garcia,2009-05-28,Other,2022-12-21,1,Full Price,0,0,No IEP,78,0.66
8109,20,Kendrick,Martinez,2020-01-26,Other,2022-09-29,1,Full Price,0,0,No IEP,30,0.71
8110,20,Bailey,Martinez,2018-07-08,Male,2024-05-14,1,Reduced,0,0,Evaluation Pending,29,0.74
8111,20,Harper,Rodriguez,2013-01-25,Female,2022-06-24,0,Free,0,0,No IEP,32,0.61
8112,20,Casey,Garcia,2013-02-08,Other,2023-06-26,1,Full Price,0,0,No IEP,66,0.98
8113,20,Logan,Johnson,2009-09-08,Other,2022-10-01,1,Reduced,0,0,No IEP,83,0.94
8114,20,Bailey,Hall,2010-03-12,Other,2023-06-22,1,Reduced,0,0,No IEP,68,0.79
8115,20,Jordan,Jones,2015-10-10,Female,2022-07-11,1,Free,0,0,No IEP,79,0.96
8116,20,Kendrick,Williams,2017-03-06,Female,2023-12-19,1,Full Price,0,0,No IEP,89,0.9
8117,20,Isaiah,Young,2014-11-13,Female,2022-09-18,1,Full Price,0,0,No IEP,73,0.81
8118,20,Eden,Walker,2014-12-19,Male,2023-02-10,1,Free,0,0,No IEP,79,0.96
8119,20,Casey,Hall,2009-07-11,Other,2023-01-30,1,Full Price,1,1,Current IEP,72,0.97
8120,20,Bailey,Allen,2016-10-27,Other,2024-04-25,1,Reduced,1,0,No IEP,66,0.94
8121,20,Eden,White,2011-09-03,Female,2023-05-17,1,Free,0,0,No IEP,84,0.93
8122,20,Harper,Walker,2009-11-06,Male,2022-11-27,1,Free,1,0,No IEP,66,0.72
8123,20,Bailey,Rodriguez,2008-11-25,Male,2023-07-07,1,Reduced,0,0,No IEP,67,0.83
8124,20,Kendrick,Miller,2013-04-03,Other,2022-12-29,1,Reduced,1,1,No IEP,73,0.72
8125,20,Jordan,Jones,2015-08-20,Other,2023-01-24,1,Reduced,0,0,No IEP,60,0.89
8126,20,Isaiah,Davis,2019-04-25,Other,2023-02-20,1,Reduced,0,0,No IEP,82,0.93
8127,20,Alex,White,2017-08-25,Male,2022-10-27,1,Reduced,0,0,No IEP,38,0.82
8128,20,Bailey,Williams,2006-03-04,Other,2023-10-08,1,Reduced,0,0,No IEP,78,0.92
8129,20,Morgan,Jones,2010-07-22,Female,2022-12-05,1,Full Price,0,0,No IEP,45,0.61
8130,20,Isaiah,Johnson,2020-10-12,Other,2022-09-28,1,Full Price,0,0,No IEP,52,0.68
8131,20,Bailey,Jones,2020-06-16,Other,2023-11-02,1,Full Price,0,0,No IEP,69,0.91
8132,20,Eden,Young,2014-04-09,Male,2024-05-14,1,Reduced,0,0,No IEP,74,0.75
8133,20,Alex,Hall,2010-02-05,Male,2022-10-12,1,Free,0,0,Current IEP,72,0.94
8134,20,Dakota,Brown,2016-02-24,Female,2024-02-26,1,Full Price,0,0,No IEP,50,0.81
8135,20,Gabriel,Allen,2016-01-16,Female,2023-08-10,1,Reduced,0,1,Evaluation Pending,47,0.62
8136,20,Jordan,Lee,2020-02-27,Other,2024-03-08,1,Reduced,1,1,No IEP,67,0.84
8137,20,Noah,Rodriguez,2008-09-03,Female,2024-01-18,0,Free,1,0,No IEP,56,0.75
8138,20,Oliver,Williams,2014-10-12,Male,2023-09-24,1,Free,0,0,No IEP,94,0.95
8139,20,Isaiah,Brown,2019-12-12,Other,2023-12-14,1,Free,0,0,No IEP,87,0.97
8140,20,Alex,Miller,2006-05-07,Other,2022-12-24,1,Reduced,0,1,No IEP,77,0.97
8141,20,Isaiah,Young,2006-02-25,Female,2023-06-04,0,Free,0,0,No IEP,23,0.65
8142,20,Noah,Smith,2016-05-11,Male,2023-04-07,1,Reduced,1,0,No IEP,17,0.72
8143,20,Jordan,Garcia,2018-02-28,Other,2024-01-03,1,Reduced,0,0,Current IEP,17,0.92
8144,20,Noah,Martinez,2007-06-12,Other,2022-12-08,1,Full Price,0,0,Current IEP,59,0.96
8145,20,Dakota,Smith,2014-08-06,Male,2023-10-24,1,Free,0,0,No IEP,81,0.92
8146,20,Isaiah,Walker,2011-05-19,Other,2023-07-04,1,Reduced,0,0,No IEP,76,0.68
8147,20,Noah,Walker,2015-03-06,Other,2023-07-14,1,Full Price,0,0,No IEP,50,0.95
8148,20,Eden,Miller,2019-03-01,Female,2023-04-05,1,Free,0,0,Evaluation Pending,94,0.92
8149,20,Casey,Davis,2012-09-24,Other,2023-11-06,1,Free,0,0,No IEP,67,0.92
8150,20,Morgan,White,2006-03-12,Other,2023-11-20,1,Reduced,0,0,No IEP,48,0.75
8151,20,Parker,Jones,2014-06-11,Female,2022-12-31,1,Free,0,0,No IEP,87,0.77
8152,20,Bailey,Davis,2008-12-17,Male,2024-03-29,1,Full Price,0,0,No IEP,71,0.89
8153,20,Dakota,Jones,2019-06-16,Female,2023-08-25,1,Free,0,0,No IEP,89,0.89
8154,20,Morgan,Young,2015-01-03,Other,2023-10-25,1,Free,1,1,Current IEP,67,0.63
8155,20,Harper,Miller,2011-03-28,Other,2023-02-14,1,Full Price,0,1,No IEP,6,0.83
8156,20,Finley,Johnson,2010-06-04,Female,2024-03-15,1,Free,0,0,No IEP,69,0.77
8157,20,Dakota,Rodriguez,2013-03-05,Other,2023-05-10,1,Free,0,0,No IEP,54,0.73
8158,20,Jordan,Williams,2016-11-26,Male,2022-11-23,1,Free,0,0,No IEP,47,0.83
8159,20,Morgan,Smith,2007-08-17,Other,2024-04-13,1,Free,0,0,No IEP,63,0.96
8160,20,Isaiah,Rodriguez,2014-09-27,Other,2023-01-12,1,Reduced,0,0,No IEP,61,0.94
8161,20,Eden,Davis,2015-08-11,Other,2023-05-09,1,Full Price,0,0,No IEP,58,0.89
8162,20,Casey,Brown,2018-07-11,Female,2022-12-09,1,Free,0,0,No IEP,11,0.83
8163,20,Noah,Brown,2017-07-05,Other,2022-10-24,1,Reduced,0,0,Current IEP,66,0.89
8164,20,Harper,Rodriguez,2020-11-20,Male,2024-05-06,1,Free,0,0,No IEP,89,0.79
8165,20,Noah,Hall,2009-02-01,Other,2023-05-10,1,Free,1,0,No IEP,50,0.95
8166,20,Bailey,Smith,2008-09-12,Male,2022-10-24,1,Free,0,0,No IEP,58,0.75
8167,20,Jordan,Johnson,2008-02-17,Other,2022-08-04,1,Free,0,0,No IEP,14,0.93
8168,20,Kendrick,Jones,2020-11-04,Male,2024-02-14,1,Full Price,0,0,Current IEP,50,0.72
8169,20,Casey,Brown,2013-07-20,Other,2023-06-28,0,Free,1,0,Evaluation Pending,98,0.95
8170,20,Noah,Allen,2019-04-20,Female,2024-04-05,1,Full Price,1,1,No IEP,70,0.98
8171,20,Bailey,Allen,2017-06-13,Female,2023-01-09,1,Reduced,1,0,No IEP,97,0.91
8172,20,Dakota,Garcia,2011-10-02,Male,2022-11-11,1,Full Price,0,0,No IEP,33,0.83
8173,20,Noah,Hall,2007-12-24,Female,2023-07-21,1,Free,0,1,No IEP,67,0.97
8174,20,Parker,Williams,2017-03-22,Other,2022-11-24,1,Free,0,0,No IEP,77,0.9
8175,20,Eden,Allen,2010-07-10,Male,2023-01-18,1,Reduced,0,0,No IEP,36,0.91
8176,20,Logan,Brown,2007-08-02,Other,2024-02-11,1,Reduced,1,0,No IEP,52,0.95
8177,20,Parker,Lee,2018-06-26,Other,2023-06-21,1,Free,0,1,No IEP,90,0.83
8178,20,Gabriel,Miller,2020-08-18,Other,2022-08-03,1,Full Price,1,0,No IEP,84,0.89
8179,20,Casey,Williams,2015-06-08,Female,2024-01-07,1,Reduced,0,0,No IEP,106,0.91
8180,20,Isaiah,Martinez,2018-05-07,Female,2023-04-11,1,Reduced,1,0,No IEP,71,0.95
8181,20,Jordan,Hall,2009-09-05,Female,2023-07-31,1,Reduced,0,0,Evaluation Pending,67,0.91
8182,20,Eden,Jones,2019-04-24,Male,2023-10-20,1,Free,0,0,No IEP,65,0.78
8183,20,Alex,Miller,2008-08-28,Female,2023-05-03,1,Free,1,0,No IEP,95,0.52
8184,20,Jordan,Davis,2006-10-21,Male,2023-11-05,1,Free,0,1,No IEP,86,0.95
8185,20,Alex,Williams,2012-10-28,Male,2023-03-29,1,Reduced,0,0,No IEP,50,0.97
8186,20,Isaiah,Allen,2020-06-16,Other,2024-02-25,1,Free,0,0,No IEP,62,0.97
8187,20,Gabriel,Johnson,2017-09-14,Other,2022-11-10,1,Reduced,0,0,No IEP,90,0.97
8188,20,Morgan,Williams,2015-12-26,Male,2023-06-14,1,Full Price,0,1,No IEP,71,0.96
8189,20,Dakota,Lee,2012-09-21,Other,2023-08-08,1,Reduced,0,0,Current IEP,44,0.82
8190,20,Parker,Garcia,2018-09-10,Other,2023-12-08,1,Full Price,0,1,No IEP,95,0.92
8191,20,Alex,Rodriguez,2014-11-09,Male,2022-11-21,1,Full Price,0,0,No IEP,77,0.76
8192,20,Bailey,Johnson,2007-02-07,Female,2022-11-09,1,Full Price,0,0,No IEP,66,0.94
8193,20,Gabriel,Jones,2017-09-14,Female,2023-07-21,1,Reduced,0,0,No IEP,4,0.7
8194,20,Eden,Lee,2015-05-22,Male,2023-11-19,1,Free,0,0,No IEP,53,0.97
8195,20,Alex,Davis,2012-03-26,Male,2023-10-17,1,Free,0,0,No IEP,77,0.74
8196,20,Alex,Martinez,2011-07-12,Male,2023-09-17,1,Free,0,0,No IEP,72,0.74
8197,20,Finley,Williams,2020-01-28,Female,2024-02-16,1,Reduced,0,0,No IEP,95,0.9
8198,20,Gabriel,White,2012-08-08,Female,2024-01-08,1,Reduced,0,0,No IEP,21,0.91
8199,20,Jordan,Davis,2009-11-14,Male,2023-11-30,1,Free,0,0,No IEP,38,0.57
8200,20,Gabriel,Brown,2008-10-13,Male,2023-05-27,1,Full Price,1,0,Current IEP,72,0.61
8201,20,Bailey,White,2019-05-02,Female,2024-02-07,1,Free,0,1,No IEP,102,0.9
8202,20,Finley,Garcia,2008-10-15,Other,2022-09-17,1,Reduced,0,0,No IEP,98,0.8
8203,20,Jordan,Miller,2019-08-21,Other,2023-07-29,1,Full Price,0,0,No IEP,80,0.93
8204,20,Gabriel,Lee,2012-10-24,Other,2022-08-16,1,Reduced,0,0,No IEP,81,0.85
8205,20,Harper,Walker,2013-01-13,Other,2023-09-14,1,Free,0,0,No IEP,45,0.63
8206,20,Morgan,Jones,2011-06-01,Male,2023-06-14,1,Full Price,0,0,No IEP,46,0.85
8207,20,Dakota,Allen,2011-10-28,Other,2022-11-02,1,Free,0,0,Current IEP,28,0.57
8208,20,Morgan,Miller,2006-08-17,Male,2022-11-11,1,Reduced,0,0,No IEP,78,0.95
8209,20,Parker,Smith,2017-03-07,Other,2024-01-30,1,Reduced,0,0,No IEP,81,0.78
8210,20,Casey,White,2019-07-02,Other,2024-01-25,1,Reduced,0,0,Current IEP,82,0.95
8211,20,Noah,Walker,2009-12-22,Male,2023-02-03,1,Full Price,0,0,No IEP,34,0.83
8212,20,Gabriel,Young,2011-01-04,Male,2022-11-18,1,Free,0,1,No IEP,87,0.91
8213,20,Bailey,Rodriguez,2014-01-08,Male,2023-08-27,1,Free,0,1,No IEP,98,0.97
8214,20,Isaiah,White,2015-07-08,Other,2023-01-29,1,Free,0,0,No IEP,54,0.79
8215,20,Noah,Smith,2016-10-26,Other,2023-10-19,1,Full Price,0,0,No IEP,80,0.89
8216,20,Noah,Rodriguez,2008-03-11,Female,2023-08-14,1,Full Price,0,0,No IEP,55,0.77
8217,20,Isaiah,Martinez,2018-07-14,Male,2022-12-28,1,Full Price,0,0,Current IEP,54,0.9
8218,20,Jordan,White,2019-06-20,Other,2023-10-31,1,Full Price,0,0,No IEP,15,0.58
8219,20,Noah,Johnson,2012-05-21,Female,2022-10-23,1,Reduced,0,1,No IEP,87,0.95
8220,20,Isaiah,Davis,2009-11-02,Other,2024-05-16,1,Free,0,0,No IEP,85,0.7
8221,20,Gabriel,Johnson,2018-06-06,Female,2023-05-23,1,Full Price,0,0,No IEP,80,0.95
8222,20,Dakota,Johnson,2014-11-18,Female,2023-08-22,1,Free,0,0,No IEP,76,0.7
8223,20,Isaiah,Miller,2013-08-27,Other,2022-09-19,0,Reduced,0,0,No IEP,38,0.75
8224,20,Harper,Young,2010-02-10,Other,2023-12-25,1,Reduced,0,0,No IEP,49,0.73
8225,20,Kendrick,Jones,2012-12-21,Other,2022-07-29,1,Free,0,0,No IEP,29,0.51
8226,20,Kendrick,Hall,2007-12-02,Other,2023-02-26,1,Full Price,0,0,No IEP,35,0.68
8227,20,Alex,Young,2020-01-04,Male,2023-02-23,1,Reduced,0,0,No IEP,45,0.74
8228,20,Gabriel,Smith,2016-11-27,Other,2022-08-24,1,Reduced,0,1,No IEP,92,0.77
8229,20,Harper,Martinez,2007-03-26,Male,2024-03-28,1,Full Price,1,0,No IEP,24,0.8
8230,20,Casey,Johnson,2011-05-08,Female,2023-12-24,1,Free,0,0,No IEP,54,0.89
8231,20,Noah,Jones,2016-06-08,Other,2023-10-13,1,Free,0,0,No IEP,29,0.54
8232,20,Morgan,Lee,2014-08-01,Female,2023-03-07,1,Reduced,0,0,No IEP,59,0.85
8233,20,Harper,Lee,2017-03-06,Other,2022-08-23,1,Full Price,1,0,No IEP,6,0.59
8234,20,Morgan,Johnson,2016-03-07,Male,2023-07-21,1,Reduced,0,1,No IEP,100,0.77
8235,20,Harper,Young,2018-12-06,Female,2023-06-06,1,Reduced,0,1,No IEP,83,0.69
8236,20,Jordan,Martinez,2011-02-04,Other,2024-02-18,1,Free,0,1,No IEP,64,0.92
8237,20,Jordan,Young,2018-06-07,Other,2024-04-11,1,Full Price,0,0,Current IEP,52,0.74
8238,20,Eden,Walker,2011-07-14,Male,2023-08-08,1,Reduced,0,0,No IEP,80,0.83
8239,20,Dakota,Jones,2017-07-18,Female,2022-06-27,1,Free,1,0,No IEP,67,0.58
8240,20,Gabriel,Williams,2016-05-05,Other,2024-04-20,1,Free,0,0,No IEP,21,0.81
8241,20,Parker,Smith,2016-09-09,Female,2023-01-20,1,Free,0,0,No IEP,81,0.76
8242,20,Alex,Garcia,2017-07-21,Male,2024-02-05,1,Free,0,0,No IEP,48,0.57
8243,20,Oliver,Lee,2007-05-17,Other,2023-10-31,1,Full Price,1,0,No IEP,83,0.81
8244,20,Oliver,Davis,2006-02-28,Other,2022-08-14,1,Reduced,0,0,No IEP,95,0.89
8245,20,Alex,Hall,2014-03-14,Other,2023-02-23,1,Full Price,0,1,No IEP,79,0.89
8246,20,Noah,White,2009-07-19,Other,2024-05-02,1,Free,0,0,No IEP,100,0.94
8247,20,Oliver,Walker,2009-11-20,Female,2022-06-26,1,Reduced,0,0,Current IEP,59,0.95
8248,20,Casey,Garcia,2019-01-18,Other,2022-12-07,1,Reduced,0,0,No IEP,65,0.97
8249,20,Eden,Johnson,2015-09-02,Female,2022-12-25,1,Reduced,0,1,No IEP,80,0.81
8250,20,Dakota,Johnson,2014-02-09,Female,2023-02-13,1,Free,0,0,Current IEP,60,0.81
8251,20,Kendrick,Brown,2014-06-24,Male,2023-07-02,1,Free,0,0,No IEP,60,0.89
8252,20,Isaiah,Brown,2006-11-16,Male,2024-01-14,1,Free,0,1,No IEP,73,0.76
8253,20,Kendrick,Hall,2006-04-19,Male,2023-06-10,1,Full Price,0,0,No IEP,83,0.77
8254,20,Finley,Johnson,2020-06-11,Female,2024-01-29,1,Free,0,0,No IEP,74,0.81
8255,20,Finley,Garcia,2015-02-21,Other,2023-11-09,1,Free,0,0,No IEP,62,0.97
8256,20,Isaiah,Rodriguez,2008-09-09,Female,2022-10-01,1,Free,0,0,No IEP,97,0.79
8257,20,Parker,Miller,2007-12-04,Other,2023-09-28,1,Free,0,0,No IEP,79,0.98
8258,20,Parker,Allen,2012-09-28,Male,2023-03-08,1,Reduced,0,0,No IEP,76,0.88
8259,20,Logan,Martinez,2014-08-18,Female,2023-03-30,1,Full Price,0,0,No IEP,83,0.9
8260,20,Dakota,Rodriguez,2012-02-25,Male,2023-11-03,1,Reduced,0,0,Current IEP,34,0.67
8261,20,Alex,Davis,2011-11-23,Other,2023-09-08,1,Full Price,0,0,No IEP,91,0.92
8262,20,Oliver,White,2017-10-08,Male,2024-03-13,1,Reduced,0,0,No IEP,66,0.83
8263,20,Harper,Brown,2010-09-14,Female,2023-10-17,1,Full Price,0,0,No IEP,80,0.95
8264,20,Morgan,Smith,2019-06-26,Other,2023-10-06,1,Reduced,0,0,No IEP,67,0.89
8265,20,Bailey,Jones,2008-04-04,Female,2023-09-06,1,Free,0,0,No IEP,34,0.82
8266,20,Oliver,Rodriguez,2014-01-10,Male,2023-09-29,1,Free,0,1,No IEP,72,0.8
8267,20,Noah,Davis,2007-02-20,Female,2023-10-22,1,Free,0,0,Evaluation Pending,83,0.56
8268,20,Dakota,Garcia,2019-09-19,Female,2023-01-09,1,Reduced,0,0,No IEP,81,0.91
8269,20,Isaiah,White,2016-07-07,Female,2024-01-05,1,Free,0,0,No IEP,59,0.89
8270,20,Oliver,Lee,2010-08-06,Female,2023-09-08,1,Full Price,0,0,No IEP,51,0.95
8271,20,Kendrick,Davis,2014-01-27,Female,2023-09-25,1,Reduced,1,0,No IEP,43,0.96
8272,20,Logan,Miller,2015-05-04,Other,2023-11-18,1,Reduced,0,1,Current IEP,74,0.62
8273,20,Casey,Young,2018-02-01,Other,2022-10-03,1,Free,0,0,No IEP,62,0.92
8274,20,Gabriel,Jones,2018-02-02,Female,2022-11-19,1,Free,0,0,No IEP,106,0.88
8275,20,Kendrick,Allen,2015-01-19,Female,2023-07-31,0,Free,0,0,No IEP,44,0.8
8276,20,Casey,Jones,2017-12-03,Other,2023-07-30,1,Free,0,0,No IEP,65,0.82
8277,20,Dakota,Allen,2006-12-25,Female,2023-08-14,1,Full Price,0,0,No IEP,41,0.85
8278,20,Finley,Davis,2020-06-23,Other,2022-09-30,1,Full Price,0,0,No IEP,96,0.94
8279,20,Alex,Walker,2010-05-04,Other,2022-09-12,1,Free,0,0,No IEP,71,0.78
8280,20,Morgan,Williams,2014-09-01,Female,2023-02-20,0,Full Price,0,0,No IEP,90,0.71
8281,20,Bailey,White,2006-10-26,Female,2023-04-26,1,Reduced,1,1,No IEP,65,0.81
8282,20,Casey,Smith,2015-07-12,Female,2022-07-29,1,Free,0,0,Current IEP,95,0.85
8283,20,Jordan,Rodriguez,2008-05-05,Other,2023-11-29,1,Free,0,0,No IEP,97,0.91
8284,20,Morgan,Smith,2009-03-18,Male,2023-08-17,0,Full Price,0,0,No IEP,46,0.55
8285,20,Gabriel,Hall,2018-11-03,Male,2023-12-07,1,Free,0,0,No IEP,61,0.77
8286,20,Isaiah,Smith,2008-04-20,Other,2023-07-19,1,Free,0,1,No IEP,59,0.72
8287,20,Parker,Walker,2012-09-26,Male,2023-01-12,1,Full Price,0,0,No IEP,41,0.79
8288,20,Logan,Martinez,2017-07-23,Female,2022-07-08,1,Free,0,0,No IEP,93,0.9
8289,20,Dakota,Miller,2011-02-03,Male,2022-12-30,1,Free,1,0,No IEP,62,0.92
8290,20,Bailey,Garcia,2015-09-21,Other,2022-10-09,0,Full Price,1,0,No IEP,96,0.95
8291,20,Logan,Garcia,2015-12-12,Female,2022-06-26,1,Reduced,1,0,No IEP,79,0.94
8292,20,Jordan,Johnson,2007-09-26,Male,2023-01-27,1,Free,0,0,Current IEP,86,0.96
8293,20,Bailey,Smith,2019-06-07,Female,2023-04-06,1,Reduced,0,0,No IEP,54,0.94
8294,20,Harper,Williams,2019-05-01,Male,2022-10-16,1,Free,0,0,No IEP,93,0.97
8295,20,Morgan,Johnson,2010-05-04,Male,2023-09-09,1,Full Price,0,0,No IEP,108,0.98
8296,20,Eden,Hall,2008-10-04,Male,2024-03-15,1,Reduced,0,0,Current IEP,90,0.93
8297,20,Noah,Walker,2017-10-07,Male,2024-01-30,1,Reduced,0,0,No IEP,67,0.83
8298,20,Casey,Martinez,2010-05-24,Other,2024-01-04,1,Reduced,0,0,No IEP,78,0.91
8299,20,Logan,Walker,2008-07-19,Male,2023-07-12,1,Full Price,0,0,No IEP,69,0.91
8300,20,Finley,Martinez,2009-11-06,Male,2023-08-26,1,Free,0,0,No IEP,64,0.9
8301,20,Noah,Walker,2016-04-26,Female,2024-02-01,0,Reduced,0,0,No IEP,64,0.9
8302,20,Eden,Garcia,2019-04-10,Male,2022-08-13,1,Reduced,0,0,No IEP,48,0.89
8303,20,Kendrick,Rodriguez,2007-02-13,Male,2023-01-18,1,Free,0,0,No IEP,57,0.95
8304,20,Dakota,Hall,2012-07-05,Female,2023-11-02,1,Full Price,0,0,No IEP,109,0.92
8305,20,Eden,Smith,2008-06-20,Female,2022-12-28,1,Free,0,1,No IEP,80,0.76
8306,20,Alex,Hall,2006-10-12,Female,2022-11-23,1,Free,1,0,No IEP,62,0.73
8307,20,Oliver,Rodriguez,2011-02-18,Female,2024-01-04,0,Free,0,0,No IEP,45,0.94
8308,20,Isaiah,Jones,2020-01-28,Other,2023-03-17,1,Reduced,1,0,No IEP,53,0.78
8309,20,Isaiah,Johnson,2008-12-13,Male,2024-04-20,1,Reduced,0,0,No IEP,78,0.75
8310,20,Eden,Brown,2011-02-19,Other,2023-05-07,0,Full Price,0,0,No IEP,85,0.88
8311,20,Alex,Rodriguez,2013-03-14,Male,2024-03-22,1,Full Price,0,0,No IEP,89,0.96
8312,20,Morgan,Martinez,2016-08-19,Female,2023-05-17,1,Free,0,0,No IEP,67,0.94
8313,20,Morgan,Lee,2008-05-11,Other,2022-12-11,1,Free,1,0,No IEP,84,0.57
8314,20,Gabriel,White,2008-11-17,Female,2023-05-20,1,Reduced,1,0,Evaluation Pending,69,0.73
8315,20,Isaiah,Martinez,2014-02-08,Female,2023-09-23,1,Full Price,0,0,Evaluation Pending,62,0.97
8316,20,Harper,Smith,2018-11-07,Male,2022-08-08,1,Free,1,0,No IEP,73,0.83
8317,20,Logan,Davis,2016-12-14,Male,2023-03-21,1,Reduced,0,0,Evaluation Pending,41,0.9
8318,20,Bailey,Garcia,2019-01-19,Male,2023-03-27,1,Free,0,1,No IEP,60,0.75
8319,20,Logan,Walker,2006-04-24,Male,2023-06-23,1,Reduced,0,0,No IEP,72,0.98
8320,20,Alex,Hall,2012-10-21,Other,2023-12-07,1,Reduced,0,0,No IEP,82,0.92
8321,20,Noah,Brown,2017-04-05,Male,2022-11-23,1,Free,0,0,No IEP,76,0.77
8322,20,Dakota,Brown,2018-06-05,Female,2023-11-10,1,Free,0,0,Current IEP,50,0.96
8323,20,Noah,Rodriguez,2016-04-09,Male,2022-11-30,1,Free,0,0,No IEP,66,0.79
8324,20,Noah,Miller,2008-01-16,Other,2023-11-23,1,Full Price,0,0,No IEP,41,0.97
8325,20,Jordan,Davis,2017-07-20,Other,2023-04-28,1,Free,0,0,No IEP,96,0.75
8326,20,Alex,Rodriguez,2012-06-21,Male,2023-05-04,1,Reduced,0,0,No IEP,91,0.98
8327,20,Logan,Davis,2009-06-04,Male,2023-01-23,1,Reduced,0,0,Evaluation Pending,38,0.71
8328,20,Harper,Johnson,2016-08-22,Female,2022-08-10,1,Reduced,0,1,No IEP,82,0.94
8329,20,Parker,Miller,2012-05-20,Female,2024-02-29,1,Reduced,0,0,No IEP,79,0.9
8330,20,Harper,Rodriguez,2017-09-09,Female,2023-03-03,1,Full Price,0,0,No IEP,66,0.94
8331,20,Harper,Lee,2013-01-12,Other,2022-11-03,1,Free,0,0,No IEP,46,0.67
8332,20,Alex,Smith,2008-08-17,Male,2023-05-29,1,Free,1,0,No IEP,54,0.92
8333,20,Eden,White,2019-12-10,Female,2023-06-24,1,Free,0,0,No IEP,61,0.73
8334,20,Dakota,Brown,2019-08-09,Other,2024-01-25,1,Reduced,0,1,No IEP,91,0.85
8335,20,Parker,Garcia,2008-02-28,Male,2022-11-26,1,Reduced,0,1,No IEP,76,0.9
8336,20,Isaiah,Martinez,2019-07-21,Female,2024-04-17,1,Reduced,0,0,No IEP,43,0.82
8337,20,Harper,Walker,2016-11-20,Other,2023-05-20,0,Free,0,0,No IEP,82,0.81
8338,20,Parker,White,2018-08-28,Male,2023-03-19,1,Reduced,0,0,No IEP,53,0.77
8339,20,Eden,Rodriguez,2014-06-16,Male,2023-06-11,1,Free,0,0,No IEP,68,0.89
8340,20,Bailey,Davis,2007-04-20,Female,2024-03-30,1,Reduced,0,0,No IEP,52,0.79
8341,20,Gabriel,Lee,2011-09-10,Male,2022-12-29,1,Free,0,1,No IEP,89,0.97
8342,20,Morgan,Brown,2010-06-19,Female,2022-10-23,1,Free,1,0,No IEP,33,0.95
8343,20,Bailey,Lee,2016-03-18,Female,2023-12-03,1,Free,0,0,No IEP,78,0.94
8344,20,Noah,Young,2017-12-14,Male,2022-09-19,1,Reduced,1,0,No IEP,46,0.6
8345,20,Noah,Rodriguez,2016-04-04,Female,2023-01-26,1,Free,0,0,No IEP,67,0.76
8346,20,Morgan,Hall,2019-08-11,Male,2023-08-26,1,Reduced,1,0,No IEP,97,0.82
8347,20,Parker,Lee,2015-05-03,Other,2023-12-19,1,Reduced,0,0,No IEP,109,0.88
8348,20,Dakota,Young,2012-05-01,Other,2023-03-03,0,Free,0,0,No IEP,88,0.92
8349,20,Logan,Lee,2011-04-07,Male,2022-08-25,1,Reduced,0,0,No IEP,85,0.92
8350,20,Logan,Miller,2014-04-23,Male,2022-07-17,1,Free,1,0,No IEP,53,0.95
8351,20,Parker,Walker,2018-11-24,Female,2024-05-14,1,Reduced,0,0,No IEP,77,0.62
8352,20,Casey,Miller,2011-11-19,Other,2023-07-12,1,Free,1,0,No IEP,84,0.92
8353,20,Dakota,Johnson,2014-08-06,Other,2023-10-06,1,Reduced,0,0,No IEP,32,0.76
8354,20,Isaiah,Garcia,2019-11-09,Male,2024-01-08,1,Full Price,1,0,No IEP,49,0.82
8355,20,Kendrick,Johnson,2012-05-06,Other,2024-03-18,1,Free,0,0,No IEP,69,0.97
8356,20,Dakota,Jones,2013-12-15,Male,2023-06-28,1,Reduced,0,0,No IEP,72,0.89
